<item>
	<field name="show_id">81168342</field>
	<field name="title">The Cruise</field>
	<field name="director">Marek Piwowski</field>
	<field name="cast">Jan Himilsbach, Stanislaw Tym, Jerzy Dobrowolski, Zdzislaw Maklakiewicz, Andrzej Dobosz, Feridun Erol, Jolanta Lothe, Wanda Stanisławska-Lothe</field>
	<field name="country">Poland</field>
	<field name="date_added">October 1, 2019</field>
	<field name="rating">TV-PG</field>
	<field name="duration">66 min</field>
	<field name="listed_in">Comedies, Cult Movies, International Movies</field>
	<field name="description">When the captain of a pleasant cruise ship mistakes a mischievous stowaway the entertainment director, wild and wacky hijinks ensue.</field>
</item>