<item>
	<field name="show_id">80158480</field>
	<field name="title">Khoon Khoon</field>
	<field name="director">Mohammed Hussain</field>
	<field name="cast">Danny Denzongpa, Mahendra Sandhu, Rekha, Faryal, Helen, Jagdeep</field>
	<field name="country">India</field>
	<field name="date_added">September 1, 2017</field>
	<field name="rating">TV-14</field>
	<field name="duration">132 min</field>
	<field name="listed_in">Action & Adventure, International Movies</field>
	<field name="description">As a crazed killer blazes a trail of blood through an anxious city, a hardened cop aims to take him down by any means in this remake of “Dirty Harry.”</field>
</item><item>
	<field name="show_id">81168348</field>
	<field name="title">Jealousy and medicine</field>
	<field name="director">Janusz Majewski</field>
	<field name="cast">Mariusz Dmochowski, Ewa Krzyżewska, Włodzimierz Boruński, Andrzej Mrowiec, Józef Rosiński, Piotr Kąkolewski, Beata Nowicka, Edmund Fetting, Grażyna Staniszewska, Andrzej Łapicki</field>
	<field name="country">Poland</field>
	<field name="date_added">October 1, 2019</field>
	<field name="rating">TV-MA</field>
	<field name="duration">97 min</field>
	<field name="listed_in">Dramas, International Movies, Romantic Movies</field>
	<field name="description">Tormented by mistrust, a businessman hires a cagey tailor to track his wife's whereabouts with her doctor only to send his mind further down an abyss.</field>
</item><item>
	<field name="show_id">60020948</field>
	<field name="title">Charlotte's Web</field>
	<field name="director">Charles A. Nichols, Iwao Takamoto</field>
	<field name="cast">Debbie Reynolds, Charles Nelson Reilly, Paul Lynde, Henry Gibson, Rex Allen, Danny Bonaduce, Pamelyn Ferdin, Don Messick, Agnes Moorehead, Martha Scott, John Stephenson, Herb Vigran, Dave Madden</field>
	<field name="country">United States</field>
	<field name="date_added">November 23, 2019</field>
	<field name="rating">G</field>
	<field name="duration">94 min</field>
	<field name="listed_in">Children & Family Movies, Classic Movies</field>
	<field name="description">Follow the adventures of Wilbur the pig, Templeton the rat and Charlotte the spider in this animated musical version of E.B. White's timeless story.</field>
</item><item>
	<field name="show_id">382650</field>
	<field name="title">Cleopatra Jones</field>
	<field name="director">Jack Starrett</field>
	<field name="cast">Tamara Dobson, Bernie Casey, BrendaSykes, Esther Rolle, Shelley Winters</field>
	<field name="country">United States</field>
	<field name="date_added">November 1, 2019</field>
	<field name="rating">PG</field>
	<field name="duration">89 min</field>
	<field name="listed_in">Action & Adventure, Classic Movies</field>
	<field name="description">A stylin' special agent chases down drug lords and does her part to stop trafficking. Soon, she finds herself seeking revenge on a dealer.</field>
</item><item>
	<field name="show_id">60036838</field>
	<field name="title">Enter the Dragon</field>
	<field name="director">Robert Clouse</field>
	<field name="cast">Bruce Lee, John Saxon, Jim Kelly, Ahna Capri, Kien Shih, Robert Wall, Angela Mao, Betty Chung, Geoffrey Weeks, Bolo Yeung, Peter Archer</field>
	<field name="country">Hong Kong, United States</field>
	<field name="date_added">November 1, 2019</field>
	<field name="rating">R</field>
	<field name="duration">103 min</field>
	<field name="listed_in">Action & Adventure, Classic Movies</field>
	<field name="description">Recruited by a British agent, Shaolin master Lee infiltrates a remote island and a brutal martial arts tournament to spy on a sinister crime lord.</field>
</item><item>
	<field name="show_id">653673</field>
	<field name="title">Jimi Hendrix</field>
	<field name="director">Joe Boyd</field>
	<field name="cast">Jimi Hendrix, Eric Clapton, Billy Cox</field>
	<field name="country">United States</field>
	<field name="date_added">November 1, 2019</field>
	<field name="rating">R</field>
	<field name="duration">102 min</field>
	<field name="listed_in">Documentaries, Music & Musicals</field>
	<field name="description">Jimi Hendrix's family, friends, and fellow musicians discuss his life and influence. Hendrix also appears in classic performance footage.</field>
</item><item>
	<field name="show_id">1145882</field>
	<field name="title">Young Tiger</field>
	<field name="director">Mu Chu</field>
	<field name="cast">Qiu Yuen, Charlie Chin, Jackie Chan, Hu Chin, Nan Chiang</field>
	<field name="country">Hong Kong</field>
	<field name="date_added">November 1, 2016</field>
	<field name="rating">NR</field>
	<field name="duration">81 min</field>
	<field name="listed_in">Action & Adventure, International Movies</field>
	<field name="description">Aided only by a tough female police officer, a Hong Kong taxi driver tries to escape from gangsters pursuing incriminating evidence left in his cab.</field>
</item><item>
	<field name="show_id">70001958</field>
	<field name="title">Mean Streets</field>
	<field name="director">Martin Scorsese</field>
	<field name="cast">Robert De Niro, Harvey Keitel, David Proval, Amy Robinson, Richard Romanus, Cesare Danova, Victor Argo, George Memmoli</field>
	<field name="country">United States</field>
	<field name="date_added">July 1, 2019</field>
	<field name="rating">R</field>
	<field name="duration">112 min</field>
	<field name="listed_in">Classic Movies, Dramas, Independent Movies</field>
	<field name="description">In New York's Little Italy, a low-level hoodlum wrestles with loyalty to his mobster uncle, his faith and his friendship with an inveterate gambler.</field>
</item><item>
	<field name="show_id">70005055</field>
	<field name="title">Bobby</field>
	<field name="director">Raj Kapoor</field>
	<field name="cast">Rishi Kapoor, Dimple Kapadia, Pran, Prem Nath, Sonia Sahni, Durga Khote, Aruna Irani, Prem Chopra, Farida Jalal</field>
	<field name="country">India</field>
	<field name="date_added">December 31, 2019</field>
	<field name="rating">TV-14</field>
	<field name="duration">168 min</field>
	<field name="listed_in">Classic Movies, Dramas, International Movies</field>
	<field name="description">Raj, the son of strict, wealthy parents, falls in love with Bobby, the daughter of a poor Christian fisherman – a romance his parents oppose.</field>
</item>