<item>
	<field name="show_id">60037022</field>
	<field name="title">Trainspotting</field>
	<field name="director">Danny Boyle</field>
	<field name="cast">Ewan McGregor, Ewen Bremner, Jonny Lee Miller, Kevin McKidd, Robert Carlyle, Kelly Macdonald, Peter Mullan, James Cosmo, Eileen Nicholas, Susan Vidler, Pauline Lynch, Shirley Henderson</field>
	<field name="country">United Kingdom</field>
	<field name="date_added">October 1, 2019</field>
	<field name="rating">R</field>
	<field name="duration">94 min</field>
	<field name="listed_in">Comedies, Cult Movies, Dramas</field>
	<field name="description">Renton and his mates cope with the gritty realities of heroin addiction. But when Renton gets clean, he can't get away from his friends' nasty habits.</field>
</item><item>
	<field name="show_id">292118</field>
	<field name="title">Beavis and Butt-head Do America</field>
	<field name="director">Mike Judge</field>
	<field name="cast">Mike Judge, Bruce Willis, Demi Moore, Cloris Leachman, Robert Stack, Jacqueline Barba, Pamela Blair, Eric Bogosian, Kristofor Brown, Tony Darling, David Letterman</field>
	<field name="country">United States</field>
	<field name="date_added">November 20, 2019</field>
	<field name="rating">PG-13</field>
	<field name="duration">81 min</field>
	<field name="listed_in">Comedies, Cult Movies</field>
	<field name="description">After realizing that their boob tube is gone, Beavis and Butt-head set off on an expedition that takes them from Las Vegas to the nation's capital.</field>
</item><item>
	<field name="show_id">60022413</field>
	<field name="title">Eye for an Eye</field>
	<field name="director">John Schlesinger</field>
	<field name="cast">Sally Field, Kiefer Sutherland, Ed Harris, Beverly D'Angelo, Charlayne Woodard, Joe Mantegna, Olivia Burnette, Alexandra Kyle, Keith David, Philip Baker Hall</field>
	<field name="country">United States</field>
	<field name="date_added">November 20, 2019</field>
	<field name="rating">R</field>
	<field name="duration">101 min</field>
	<field name="listed_in">Dramas, Thrillers</field>
	<field name="description">Grieving mother Karen McCann takes justice into her own hands when the man who raped and murdered her daughter is freed on a technicality.</field>
</item><item>
	<field name="show_id">506464</field>
	<field name="title">The First Wives Club</field>
	<field name="director">Hugh WIlson</field>
	<field name="cast">Bette Midler, Goldie Hawn, Diane Keaton, Maggie Smith, Dan Hedaya, Sarah Jessica Parker, Stockard Channing, Victor Garber, Stephen Collins, Marcia Gay Harden, Jennie Dundas, Elizabeth Berkley, Eileen Heckart, Bronson Pinchot, Rob Reiner</field>
	<field name="country">United States</field>
	<field name="date_added">November 20, 2019</field>
	<field name="rating">PG</field>
	<field name="duration">103 min</field>
	<field name="listed_in">Comedies</field>
	<field name="description">Following a friend's suicide after her husband dumps her for a younger model, three women plot payback against their two-timing exes.</field>
</item><item>
	<field name="show_id">485218</field>
	<field name="title">Executive Decision</field>
	<field name="director">Stuart Baird</field>
	<field name="cast">Kurt Russell, Halle Berry, John Leguizamo, Oliver Platt, Steven Seagal, Joe Morton, David Suchet, BD Wong, Len Cariou, Whip Hubley</field>
	<field name="country">United States</field>
	<field name="date_added">November 1, 2019</field>
	<field name="rating">R</field>
	<field name="duration">133 min</field>
	<field name="listed_in">Action & Adventure</field>
	<field name="description">When terrorists hijack a 747 and turn it into a nerve gas bomb aimed at Washington, D.C., commandos use an experimental plane to try to stop them.</field>
</item><item>
	<field name="show_id">973861</field>
	<field name="title">Sling Blade</field>
	<field name="director">Billy Bob Thornton</field>
	<field name="cast">Billy Bob Thornton, Dwight Yoakam, J.T. Walsh, John Ritter, Lucas Black, Natalie Canerday, James Hampton, Robert Duvall, Rick Dial, Brent Briscoe</field>
	<field name="country">United States</field>
	<field name="date_added">November 1, 2019</field>
	<field name="rating">R</field>
	<field name="duration">135 min</field>
	<field name="listed_in">Dramas, Independent Movies</field>
	<field name="description">A man returns home after being released from a psychiatric hospital, where he'd been confined since age 12 for murdering his mother and her lover.</field>
</item><item>
	<field name="show_id">80158395</field>
	<field name="title">Chaahat</field>
	<field name="director">Mahesh Bhatt</field>
	<field name="cast">Naseeruddin Shah, Shah Rukh Khan, Pooja Bhatt, Anupam Kher, Ramya Krishnan, Avtar Gill, Mushtaq Khan</field>
	<field name="country">India</field>
	<field name="date_added">May 1, 2017</field>
	<field name="rating">NR</field>
	<field name="duration">148 min</field>
	<field name="listed_in">Dramas, International Movies, Romantic Movies</field>
	<field name="description">A vulnerable singer is forced to choose between the girl he loves and another who has developed an unhealthy obsession with him.</field>
</item><item>
	<field name="show_id">20764666</field>
	<field name="title">English Babu Desi Mem</field>
	<field name="director">Praveen Nischol</field>
	<field name="cast">Shah Rukh Khan, Sonali Bendre, Rajeshwari, Saeed Jaffrey, Kiran Kumar, Baba Brahmbhatt, Ishita Haria, Sunny Singh, Gulshan Bawra</field>
	<field name="country">India</field>
	<field name="date_added">May 1, 2017</field>
	<field name="rating">TV-14</field>
	<field name="duration">163 min</field>
	<field name="listed_in">Comedies, Dramas, International Movies</field>
	<field name="description">After his brother dies, wealthy Vikram reluctantly returns to India and forms a surprise bond with his orphaned nephew and the showgirl raising him.</field>
</item><item>
	<field name="show_id">17457962</field>
	<field name="title">Raja Hindustani</field>
	<field name="director">Dharmesh Darshan</field>
	<field name="cast">Aamir Khan, Karisma Kapoor, Suresh Oberoi, Johnny Lever, Navneet Nishan, Veeru Krishnan, Kunal Khemu, Pramod Moutho, Mohnish Bahl</field>
	<field name="country">India</field>
	<field name="date_added">May 1, 2017</field>
	<field name="rating">TV-14</field>
	<field name="duration">177 min</field>
	<field name="listed_in">Dramas, International Movies, Romantic Movies</field>
	<field name="description">When a poor taxi driver falls in love with a wealthy young woman, he must stand up to her family and contend with his own insecurities.</field>
</item><item>
	<field name="show_id">60029363</field>
	<field name="title">Dragonheart</field>
	<field name="director">Rob Cohen</field>
	<field name="cast">Sean Connery, Dennis Quaid, David Thewlis, Pete Postlethwaite, Dina Meyer, Jason Isaacs, Brian Thompson, Julie Christie</field>
	<field name="country">United States</field>
	<field name="date_added">January 1, 2020</field>
	<field name="rating">PG-13</field>
	<field name="duration">103 min</field>
	<field name="listed_in">Action & Adventure, Sci-Fi & Fantasy</field>
	<field name="description">In ancient times when majestic fire-breathers soared through the skies, a knight comes face to face and heart to heart with the last dragon on Earth.</field>
</item><item>
	<field name="show_id">673843</field>
	<field name="title">Kingpin</field>
	<field name="director">Peter Farrelly, Bobby Farrelly</field>
	<field name="cast">Woody Harrelson, Randy Quaid, Vanessa Angel, Bill Murray, Chris Elliott, William Jordan, Richard Tyson, Lin Shaye</field>
	<field name="country">United States</field>
	<field name="date_added">January 1, 2020</field>
	<field name="rating">PG-13</field>
	<field name="duration">114 min</field>
	<field name="listed_in">Comedies, Cult Movies, Sports Movies</field>
	<field name="description">After a bowler loses his hand, his career takes a nosedive. That is, until he uncovers the next big thing: an Amish kid named Ishmael.</field>
</item><item>
	<field name="show_id">404067</field>
	<field name="title">The Craft</field>
	<field name="director">Andrew Fleming</field>
	<field name="cast">Robin Tunney, Fairuza Balk, Neve Campbell, Rachel True, Skeet Ulrich, Christine Taylor, Breckin Meyer, Nathaniel Marston, Cliff De Young, Assumpta Serna</field>
	<field name="country">United States</field>
	<field name="date_added">January 1, 2020</field>
	<field name="rating">R</field>
	<field name="duration">101 min</field>
	<field name="listed_in">Horror Movies, Thrillers</field>
	<field name="description">At a Catholic school, a new girl falls in with a clique of teen witches who wield their powers against anyone who crosses them, even their parents.</field>
</item><item>
	<field name="show_id">1065372</field>
	<field name="title">The Trigger Effect</field>
	<field name="director">David Koepp</field>
	<field name="cast">Kyle MacLachlan, Elisabeth Shue, Dermot Mulroney, Richard T. Jones, Bill Smitrovich, Michael Rooker, Tori Kristiansen, Tyra Kristiansen</field>
	<field name="country">United States</field>
	<field name="date_added">January 1, 2018</field>
	<field name="rating">R</field>
	<field name="duration">94 min</field>
	<field name="listed_in">Thrillers</field>
	<field name="description">When a power failure throws their suburban town into chaos, Matthew and his wife stoop to desperate measures to secure medication for their child.</field>
</item><item>
	<field name="show_id">873159</field>
	<field name="title">Primal Fear</field>
	<field name="director">Gregory Hoblit</field>
	<field name="cast">Richard Gere, Edward Norton, Laura Linney, John Mahoney, Alfre Woodard, Frances McDormand, Terry O'Quinn, Andre Braugher, Steven Bauer, Joe Spano, Kenneth Tigar, Tony Plana, Maura Tierney, Stanley Anderson</field>
	<field name="country">United States</field>
	<field name="date_added">December 1, 2019</field>
	<field name="rating">R</field>
	<field name="duration">131 min</field>
	<field name="listed_in">Dramas, Thrillers</field>
	<field name="description">When a blood-spattered altar boy is found running from a murder scene, his conviction seems certain – but his attorney is determined to win the case.</field>
</item>