<item>
	<field name="show_id">70210484</field>
	<field name="title">Ken Burns: The West</field>
	<field name="director">nan</field>
	<field name="cast">Peter Coyote</field>
	<field name="country">United States</field>
	<field name="date_added">March 14, 2017</field>
	<field name="rating">TV-PG</field>
	<field name="duration">1 Season</field>
	<field name="listed_in">Docuseries</field>
	<field name="description">Historian Ken Burns and his team bring to life the challenges Americans faced in the 19th century as they embarked on westward expansion.</field>
</item><item>
	<field name="show_id">70213235</field>
	<field name="title">Mighty Morphin Alien Rangers</field>
	<field name="director">nan</field>
	<field name="cast">Julia Jordan, Matthew Sakimoto, Sicily Johnson, Michael O'Laskey II, Michael R. Gotto, Justin Timsit, Rajia Baroudi, David Bacon, Jim Gray, Karim Prince, Alan Palmer, Tom Wyner, Barbara Goodson, Robert Axelrod, Kerrigan Mahan</field>
	<field name="country">United States, Japan</field>
	<field name="date_added">January 1, 2016</field>
	<field name="rating">TV-Y7-FV</field>
	<field name="duration">1 Season</field>
	<field name="listed_in">Kids' TV</field>
	<field name="description">Visitors arrive from space to help Red Ranger and his squad – temporarily stripped of their powers – fight against Lord Zedd and Rita Repulsa.</field>
</item><item>
	<field name="show_id">70213072</field>
	<field name="title">Power Rangers Zeo</field>
	<field name="director">nan</field>
	<field name="cast">Catherine Sutherland, Nakia Burrise, Steve Cardenas, Johnny Yong Bosch, Jason David Frank, David Yost, Austin St. John, Paul Schrier, Jason Narvy, Namihei Koshige, Danny Wayne, Akira Madden, David Stenstrom, Tadahiro Nakamura, Kerrigan Mahan</field>
	<field name="country">United States, France, Japan</field>
	<field name="date_added">January 1, 2016</field>
	<field name="rating">TV-Y7-FV</field>
	<field name="duration">1 Season</field>
	<field name="listed_in">Kids' TV</field>
	<field name="description">This "Mighty Morphin Power Rangers" spinoff finds Tommy and the gang battling new enemies, using abilities acquired from the Zeo Crystal.</field>
</item>