<item>
	<field name="show_id">81030762</field>
	<field name="title">Pioneers: First Women Filmmakers*</field>
	<field name="director">nan</field>
	<field name="cast">nan</field>
	<field name="country">nan</field>
	<field name="date_added">December 30, 2018</field>
	<field name="rating">TV-PG</field>
	<field name="duration">1 Season</field>
	<field name="listed_in">TV Shows</field>
	<field name="description">This collection restores films from women who tackled hot-button issues, transcended norms, and left a mark on the history of cinema and the industry.</field>
</item>