<item>
	<field name="show_id">516788</field>
	<field name="title">Forbidden Planet</field>
	<field name="director">Fred M. Wilcox</field>
	<field name="cast">Leslie Nielsen, Walter Pidgeon, Anne Francis, Jack Kelly, Warren Stevens, James Drury, Earl Holliman</field>
	<field name="country">United States</field>
	<field name="date_added">November 1, 2019</field>
	<field name="rating">G</field>
	<field name="duration">98 min</field>
	<field name="listed_in">Action & Adventure, Classic Movies, Sci-Fi & Fantasy</field>
	<field name="description">A pulp-fiction sci-fi classic, Forbidden Planet stars Leslie Nielsen as a heroic starship captain who finds the paradise planet Altair-IV.</field>
</item>