<item>
	<field name="show_id">70099119</field>
	<field name="title">Igor</field>
	<field name="director">Tony Leondis</field>
	<field name="cast">John Cusack, Steve Buscemi, Sean Hayes, Molly Shannon, Eddie Izzard, Jennifer Coolidge, Jay Leno</field>
	<field name="country">United States, France</field>
	<field name="date_added">September 1, 2019</field>
	<field name="rating">PG</field>
	<field name="duration">87 min</field>
	<field name="listed_in">Children & Family Movies</field>
	<field name="description">Igor, the brilliant but deformed assistant to mad Dr. Glickenstein, dreams of winning the Evil Science Fair and the heart of village beauty Gretchen.</field>
</item><item>
	<field name="show_id">70105368</field>
	<field name="title">Rachel Getting Married</field>
	<field name="director">Jonathan Demme</field>
	<field name="cast">Anne Hathaway, Rosemarie DeWitt, Debra Winger, Bill Irwin, Tunde Adebimpe, Mather Zickel, Anna Deavere Smith, Anisa George, Robyn Hitchcock, Sister Carol East, Sebastian Stan</field>
	<field name="country">United States</field>
	<field name="date_added">September 1, 2019</field>
	<field name="rating">R</field>
	<field name="duration">113 min</field>
	<field name="listed_in">Dramas, Independent Movies</field>
	<field name="description">Longstanding family conflicts resurface when a former model who's been in and out of rehab for a decade returns home for her sister's wedding.</field>
</item><item>
	<field name="show_id">70087541</field>
	<field name="title">You Don't Mess with the Zohan</field>
	<field name="director">Dennis Dugan</field>
	<field name="cast">Adam Sandler, John Turturro, Emmanuelle Chriqui, Nick Swardson, Lainie Kazan, Ido Mosseri, Rob Schneider, Dave Matthews, Michael Buffer, Charlotte Rae</field>
	<field name="country">United States</field>
	<field name="date_added">September 1, 2019</field>
	<field name="rating">UR</field>
	<field name="duration">113 min</field>
	<field name="listed_in">Action & Adventure, Comedies</field>
	<field name="description">An Israeli counterterrorism soldier with a secretly fabulous ambition to become a Manhattan hairstylist will do anything to make his dreams come true.</field>
</item><item>
	<field name="show_id">80118841</field>
	<field name="title">Figaro Pho</field>
	<field name="director">Luke Jurevicius</field>
	<field name="cast">Luke Jurevicius</field>
	<field name="country">United Kingdom</field>
	<field name="date_added">September 1, 2016</field>
	<field name="rating">TV-Y7</field>
	<field name="duration">29 min</field>
	<field name="listed_in">Children & Family Movies, Comedies</field>
	<field name="description">Quirky little Figaro has a whole alphabet's worth of phobias. These wordless animated shorts follow his many fears from A to Z.</field>
</item><item>
	<field name="show_id">70105130</field>
	<field name="title">The Haunting of Molly Hartley</field>
	<field name="director">Mickey Liddell</field>
	<field name="cast">Haley Bennett, Jake Weber, Chace Crawford, Shannon Woodward, Shanna Collins, AnnaLynne McCord, Marin Hinkle, Nina Siemaszko, Josh Stewart, Jessica Lowndes, Randy Wayne</field>
	<field name="country">United States</field>
	<field name="date_added">October 4, 2018</field>
	<field name="rating">PG-13</field>
	<field name="duration">85 min</field>
	<field name="listed_in">Horror Movies, Thrillers</field>
	<field name="description">A troubled teenage girl hopes to start fresh at a new school, but the horrifying truth about her past is destined to catch up with her.</field>
</item><item>
	<field name="show_id">70109884</field>
	<field name="title">Karzzzz</field>
	<field name="director">Satish Kaushik</field>
	<field name="cast">Himesh Reshammiya, Urmila Matondkar, Shweta Kumar, Dino Morea, Raj Babbar, Danny Denzongpa, Gulshan Grover, Rohini Hattangadi, Asrani, Smita Bansal</field>
	<field name="country">India</field>
	<field name="date_added">October 22, 2017</field>
	<field name="rating">TV-14</field>
	<field name="duration">137 min</field>
	<field name="listed_in">International Movies, Music & Musicals, Romantic Movies</field>
	<field name="description">When flashbacks reveal that he's the reincarnation of a man murdered by his wife, rock star Monty sets out to get revenge for the decades-old crime.</field>
</item><item>
	<field name="show_id">70114484</field>
	<field name="title">The Rainbow Troops</field>
	<field name="director">Riri Riza</field>
	<field name="cast">Cut Mini Theo, Ikranagara, Lukman Sardi, Ario Bayu, Tora Sudiro</field>
	<field name="country">Indonesia</field>
	<field name="date_added">October 21, 2018</field>
	<field name="rating">TV-PG</field>
	<field name="duration">119 min</field>
	<field name="listed_in">Children & Family Movies, Dramas, International Movies</field>
	<field name="description">Two Indonesian teachers embrace an inspiring crop of gifted young students who've come to study at their crumbling Islamic primary school.</field>
</item><item>
	<field name="show_id">70118860</field>
	<field name="title">Monty Python Conquers America</field>
	<field name="director">Will Yapp</field>
	<field name="cast">Graham Chapman, Eric Idle, Terry Jones, Michael Palin, Terry Gilliam, John Cleese</field>
	<field name="country">nan</field>
	<field name="date_added">October 2, 2018</field>
	<field name="rating">TV-MA</field>
	<field name="duration">55 min</field>
	<field name="listed_in">Documentaries</field>
	<field name="description">Follow the evolution of the British sketch comedy troupe that redefined humor and shaped an entire generation of American comics.</field>
</item><item>
	<field name="show_id">70208801</field>
	<field name="title">Bleach The Movie: Fade to Black</field>
	<field name="director">Noriyuki Abe</field>
	<field name="cast">Masakazu Morita, Fumiko Orikasa, Aya Hirano, Hiroshi Kamiya, Mitsuaki Madono, Ryotaro Okiayu, Kentaro Ito, Shinichiro Miki, Satsuki Yukino, Masaaki Tsukada</field>
	<field name="country">Japan</field>
	<field name="date_added">October 15, 2016</field>
	<field name="rating">NR</field>
	<field name="duration">94 min</field>
	<field name="listed_in">Action & Adventure, Anime Features, Sci-Fi & Fantasy</field>
	<field name="description">When his mind is fogged by a scimitar-weilding stranger, Mayuri destroys his laboratory, unleashing a cloud of reishi that lays waste to the Seiretei.</field>
</item><item>
	<field name="show_id">70105699</field>
	<field name="title">Naruto Shippûden the Movie: Bonds</field>
	<field name="director">Hajime Kamegaki</field>
	<field name="cast">Junko Takeuchi, Noriaki Sugiyama, Chie Nakamura, Kazuhiko Inoue, Satoshi Hino, Shinji Kawada, Nana Mizuki, Showtaro Morikubo, Rikiya Koyama, Motoko Kumai, Unsho Ishizuka</field>
	<field name="country">Japan</field>
	<field name="date_added">October 15, 2016</field>
	<field name="rating">TV-14</field>
	<field name="duration">93 min</field>
	<field name="listed_in">Action & Adventure, Anime Features, International Movies</field>
	<field name="description">When strange ninjas ambush the village of Konohagakure, it's up to adolescent ninja Naruto and his long-missing pal, Sasuke, to save the planet.</field>
</item><item>
	<field name="show_id">70083108</field>
	<field name="title">Harold & Kumar Escape from Guantanamo Bay</field>
	<field name="director">Jon Hurwitz, Hayden Schlossberg</field>
	<field name="cast">John Cho, Kal Penn, Rob Corddry, Jack Conley, Roger Bart, Neil Patrick Harris, Danneel Ackles, Eric Winter, Paula Garcés, Jon Reep, Missi Pyle</field>
	<field name="country">United States</field>
	<field name="date_added">October 1, 2019</field>
	<field name="rating">R</field>
	<field name="duration">101 min</field>
	<field name="listed_in">Comedies, Cult Movies</field>
	<field name="description">Harold and Kumar jump on a plane to catch up with Harold's love interest but must change their plans when Kumar is accused of being a terrorist.</field>
</item><item>
	<field name="show_id">70090035</field>
	<field name="title">Jodhaa Akbar</field>
	<field name="director">Ashutosh Gowariker</field>
	<field name="cast">Hrithik Roshan, Aishwarya Rai Bachchan, Sonu Sood, Poonam Sinha, Suhasini Mulay, Ila Arun, Raza Murad, Kulbhushan Kharbanda, Abeer Abrar</field>
	<field name="country">India</field>
	<field name="date_added">October 1, 2018</field>
	<field name="rating">TV-14</field>
	<field name="duration">214 min</field>
	<field name="listed_in">Action & Adventure, Dramas, International Movies</field>
	<field name="description">In 16th-century India, what begins as a strategic alliance between a Mughal emperor and a Hindu princess becomes a genuine opportunity for true love.</field>
</item><item>
	<field name="show_id">70101039</field>
	<field name="title">Kismat Konnection</field>
	<field name="director">Aziz Mirza</field>
	<field name="cast">Shahid Kapoor, Vidya Balan, Juhi Chawla, Om Puri, Vishal Malhotra, Karanvir Bohra, Amit Varma</field>
	<field name="country">India</field>
	<field name="date_added">October 1, 2018</field>
	<field name="rating">TV-PG</field>
	<field name="duration">145 min</field>
	<field name="listed_in">Comedies, International Movies, Music & Musicals</field>
	<field name="description">A man finds his lucky charm in the form of a woman whom he had once clashed with on every level, but on whose presence he must now rely to succeed.</field>
</item><item>
	<field name="show_id">70096752</field>
	<field name="title">Race</field>
	<field name="director">Mastan Alibhai Burmawalla, Abbas Alibhai Burmawalla</field>
	<field name="cast">Saif Ali Khan, Akshaye Khanna, Katrina Kaif, Bipasha Basu, Anil Kapoor, Sameera Reddy</field>
	<field name="country">India</field>
	<field name="date_added">October 1, 2018</field>
	<field name="rating">TV-14</field>
	<field name="duration">155 min</field>
	<field name="listed_in">Action & Adventure, International Movies, Music & Musicals</field>
	<field name="description">The plot thickens around two horse-racing competitors when three beautiful women come into their lives and a murder is committed.</field>
</item><item>
	<field name="show_id">70099118</field>
	<field name="title">Zack and Miri Make a Porno</field>
	<field name="director">Kevin Smith</field>
	<field name="cast">Seth Rogen, Elizabeth Banks, Craig Robinson, Jason Mewes, Jeff Anderson, Traci Lords, Katie Morgan, Ricky Mabe, Justin Long, Brandon Routh, Tyler Labine, Tom Savini, Tisha Campbell-Martin, Jennifer Schwalbach, Gerry Bednob</field>
	<field name="country">United States</field>
	<field name="date_added">October 1, 2018</field>
	<field name="rating">R</field>
	<field name="duration">101 min</field>
	<field name="listed_in">Comedies, Independent Movies, Romantic Movies</field>
	<field name="description">Zack and Miri make and star in an adult film to bring in easy money. But their unspoken feelings for each other might threaten the whole enterprise.</field>
</item><item>
	<field name="show_id">81033200</field>
	<field name="title">Love</field>
	<field name="director">Kabir Bhatia, Titien Wattimena</field>
	<field name="cast">Acha Septriasa, Darius Sinathrya, Fauzi Baadila, Irwansyah, Laudya Cynthia Bella, Luna Maya, Sophan Sophiaan, Surya Saputra, Widyawati, Wulan Guritno</field>
	<field name="country">Indonesia</field>
	<field name="date_added">November 30, 2018</field>
	<field name="rating">TV-PG</field>
	<field name="duration">120 min</field>
	<field name="listed_in">Dramas, International Movies, Romantic Movies</field>
	<field name="description">In Jakarta, five couples of varying ages and backgrounds experience the different stages of romantic love, from its giddy start to its painful end.</field>
</item><item>
	<field name="show_id">70101696</field>
	<field name="title">Defiance</field>
	<field name="director">Edward Zwick</field>
	<field name="cast">Daniel Craig, Liev Schreiber, Jamie Bell, Alexa Davalos, Allan Corduner, Mark Feuerstein, Tomas Arana, Jodhi May, Kate Fahy, Iddo Goldberg, George MacKay, Iben Hjejle, Martin Hancock, Jacek Koman, Ravil Isyanov</field>
	<field name="country">United States</field>
	<field name="date_added">November 27, 2019</field>
	<field name="rating">R</field>
	<field name="duration">137 min</field>
	<field name="listed_in">Action & Adventure, Dramas</field>
	<field name="description">In this action-packed drama based on an extraordinary true story, four brothers protect more than 1,000 Jewish refugees during World War II.</field>
</item><item>
	<field name="show_id">70091304</field>
	<field name="title">Mike Birbiglia: What I Should Have Said Was Nothing: Tales from My Secret Public Journal</field>
	<field name="director">nan</field>
	<field name="cast">Mike Birbiglia</field>
	<field name="country">United States</field>
	<field name="date_added">November 22, 2019</field>
	<field name="rating">TV-14</field>
	<field name="duration">56 min</field>
	<field name="listed_in">Stand-Up Comedy</field>
	<field name="description">Mike Birbiglia performs in this live concert special that features a riotous selection of the unique insights and observations culled from his diary.</field>
</item><item>
	<field name="show_id">70087538</field>
	<field name="title">The Love Guru</field>
	<field name="director">Marco Schnabel</field>
	<field name="cast">Mike Myers, Jessica Alba, Justin Timberlake, Ben Kingsley, Romany Malco, Meagan Good, Verne Troyer, Omid Djalili, Telma Hopkins</field>
	<field name="country">United Kingdom, Germany, United States</field>
	<field name="date_added">November 20, 2019</field>
	<field name="rating">PG-13</field>
	<field name="duration">87 min</field>
	<field name="listed_in">Comedies, Sports Movies</field>
	<field name="description">Raised on an ashram in India, a self-styled love guru returns to his native America to settle a romantic rivalry between two pro hockey players.</field>
</item><item>
	<field name="show_id">70082264</field>
	<field name="title">Mad Money</field>
	<field name="director">Callie Khouri, Jesse V. Johnson</field>
	<field name="cast">Diane Keaton, Queen Latifah, Katie Holmes, Ted Danson, Roger Cross, Adam Rothenberg, Stephen Root, Christopher McDonald, Meagen Fay, J.C. MacKenzie, Finesse Mitchell, Eric Keenleyside</field>
	<field name="country">United States</field>
	<field name="date_added">November 1, 2019</field>
	<field name="rating">PG-13</field>
	<field name="duration">99 min</field>
	<field name="listed_in">Comedies</field>
	<field name="description">A woman joins the janitorial staff of the Federal Reserve Bank and conspires with two co-workers to pilfer old money that's scheduled to be destroyed.</field>
</item><item>
	<field name="show_id">70100383</field>
	<field name="title">Revolutionary Road</field>
	<field name="director">Sam Mendes</field>
	<field name="cast">Leonardo DiCaprio, Kate Winslet, Kathy Bates, Michael Shannon, Kathryn Hahn, David Harbour, Dylan Baker, Richard Easton, Zoe Kazan, Jay O. Sanders, Max Casella</field>
	<field name="country">United States, United Kingdom</field>
	<field name="date_added">November 1, 2019</field>
	<field name="rating">R</field>
	<field name="duration">120 min</field>
	<field name="listed_in">Dramas, Romantic Movies</field>
	<field name="description">April and Frank's marriage unravels when a plan to change their "perfect" lives becomes their last hope to escape lives engulfed in emptiness.</field>
</item><item>
	<field name="show_id">70093991</field>
	<field name="title">Step Brothers</field>
	<field name="director">Adam McKay</field>
	<field name="cast">Will Ferrell, John C. Reilly, Mary Steenburgen, Richard Jenkins, Adam Scott, Kathryn Hahn, Andrea Savage, Lurie Poston, Elizabeth Yozamp, Logan Manus, Rob Riggle</field>
	<field name="country">United States</field>
	<field name="date_added">November 1, 2019</field>
	<field name="rating">R</field>
	<field name="duration">98 min</field>
	<field name="listed_in">Comedies</field>
	<field name="description">Brennan and Dale might be grown men, but that doesn't stop a childish sibling rivalry from erupting after Brennan's mom marries Dale's dad.</field>
</item><item>
	<field name="show_id">70060005</field>
	<field name="title">Vantage Point</field>
	<field name="director">Pete Travis</field>
	<field name="cast">Dennis Quaid, Matthew Fox, Forest Whitaker, Bruce McGill, Edgar Ramírez, Saïd Taghmaoui, Ayelet Zurer, Zoe Saldana, Sigourney Weaver, William Hurt</field>
	<field name="country">United States</field>
	<field name="date_added">November 1, 2019</field>
	<field name="rating">PG-13</field>
	<field name="duration">90 min</field>
	<field name="listed_in">Action & Adventure</field>
	<field name="description">Moments after he arrives in Spain for an antiterrorism summit, U.S. President Ashton is shot.</field>
</item><item>
	<field name="show_id">70084791</field>
	<field name="title">Wild Child</field>
	<field name="director">Nick Moore</field>
	<field name="cast">Emma Roberts, Kimberley Nixon, Juno Temple, Linzey Cocker, Sophie Wu, Alex Pettyfer, Georgia King, Natasha Richardson, Aidan Quinn, Lexi Ainsworth</field>
	<field name="country">United States, United Kingdom, France</field>
	<field name="date_added">November 1, 2019</field>
	<field name="rating">PG-13</field>
	<field name="duration">98 min</field>
	<field name="listed_in">Comedies, Romantic Movies</field>
	<field name="description">When a spoiled girl pushes her father too far with her spending and outlandish behavior, he ships the Malibu princess off to a strict boarding school.</field>
</item><item>
	<field name="show_id">70107499</field>
	<field name="title">A Wednesday</field>
	<field name="director">Neeraj Pandey</field>
	<field name="cast">Anupam Kher, Naseeruddin Shah, Jimmy Shergill, Deepal Shaw, Aamir Bashir, Kali Prasad Mukherjee, Vijay Bhatia, Chetan Pandit</field>
	<field name="country">India</field>
	<field name="date_added">November 1, 2018</field>
	<field name="rating">TV-MA</field>
	<field name="duration">103 min</field>
	<field name="listed_in">Action & Adventure, Dramas, International Movies</field>
	<field name="description">After receiving an anonymous tip about a bomb, a police commissioner must negotiate with the terrorist, who demands the release of four militants.</field>
</item><item>
	<field name="show_id">70100644</field>
	<field name="title">Aamir</field>
	<field name="director">Raj Kumar Gupta</field>
	<field name="cast">Rajeev Khandelwal, Gajraj Rao, Shashanka Ghosh, Jhilmil Hazrika, Gazala Amin, Allauddin Khan</field>
	<field name="country">India</field>
	<field name="date_added">November 1, 2018</field>
	<field name="rating">TV-14</field>
	<field name="duration">95 min</field>
	<field name="listed_in">International Movies, Thrillers</field>
	<field name="description">In this high-tension thriller, an anonymous caller on a cell phone threatens to harm a man's family if he doesn't carry out every order.</field>
</item><item>
	<field name="show_id">70106268</field>
	<field name="title">Mumbai Meri Jaan</field>
	<field name="director">Nishikant Kamat</field>
	<field name="cast">Madhavan, Irrfan Khan, Soha Ali Khan, Paresh Rawal, Kay Kay Menon, Anand Goradia, Vijay Maurya, Vibhavari Deshpande, Santosh Juvekar, Kamlesh Sawant</field>
	<field name="country">India</field>
	<field name="date_added">November 1, 2018</field>
	<field name="rating">TV-MA</field>
	<field name="duration">135 min</field>
	<field name="listed_in">Dramas, International Movies</field>
	<field name="description">A moving portrayal of the 2006 train bombings in Mumbai, this Indian drama follows the interconnected stories of several strangers.</field>
</item><item>
	<field name="show_id">70109758</field>
	<field name="title">Oye Lucky! Lucky Oye!</field>
	<field name="director">Dibakar Banerjee</field>
	<field name="cast">Abhay Deol, Paresh Rawal, Neetu Chandra, Archana Puran Singh, Manu Rishi Chadha, Richa Chadda, Anurag Arora, Rajender Sethi, Manjot Singh, Chandan Anand</field>
	<field name="country">India</field>
	<field name="date_added">November 1, 2018</field>
	<field name="rating">TV-14</field>
	<field name="duration">118 min</field>
	<field name="listed_in">Comedies, Dramas, International Movies</field>
	<field name="description">Starting as a petty thief, a man rises to become one of the city's biggest operators and carves out the kind of lifestyle he'd once only dreamed of.</field>
</item><item>
	<field name="show_id">70108590</field>
	<field name="title">Welcome to Sajjanpur</field>
	<field name="director">Shyam Benegal</field>
	<field name="cast">Shreyas Talpade, Amrita Rao, Ravi Kishan, Ila Arun, Rajeshwari Sachdev, Divya Dutta, Yashpal Sharma, Ravi Jhankal, Lalit Mohan Tiwari</field>
	<field name="country">India</field>
	<field name="date_added">November 1, 2018</field>
	<field name="rating">TV-PG</field>
	<field name="duration">131 min</field>
	<field name="listed_in">Comedies, Dramas, International Movies</field>
	<field name="description">An educated man assists the illiterate residents of his village with written correspondence, sometimes manipulating the letters to suit his interests.</field>
</item><item>
	<field name="show_id">70109249</field>
	<field name="title">C Kkompany</field>
	<field name="director">Sachin Yardi</field>
	<field name="cast">Mahesh Bhatt, Mithun Chakraborty, G.K. Desai, Celina Jaitly, Karan Johar, Ekta Kapoor, Tusshar Kapoor, Anupam Kher, Ashok Pandit, Lalit Parashar, Raima Sen, Rajpal Yadav</field>
	<field name="country">India</field>
	<field name="date_added">May 31, 2019</field>
	<field name="rating">TV-14</field>
	<field name="duration">127 min</field>
	<field name="listed_in">Action & Adventure, Comedies, International Movies</field>
	<field name="description">To blow off some steam, friends Akshay, Joshi and Lambodar, posing as a gang called C Kkompany, make a phony extortion demand to Joshi's apathetic son. The trio is shocked when their prank call makes them anonymous celebrities.</field>
</item><item>
	<field name="show_id">80084666</field>
	<field name="title">Colours of Passion</field>
	<field name="director">Ketan Mehta</field>
	<field name="cast">Randeep Hooda, Nandana Sen, Jim Boeven, Paresh Rawal, Tom Alter, Vikram Gokhale, Vipin Sharma, Gaurav Dwivedi</field>
	<field name="country">India</field>
	<field name="date_added">May 25, 2018</field>
	<field name="rating">TV-14</field>
	<field name="duration">114 min</field>
	<field name="listed_in">Dramas, International Movies</field>
	<field name="description">Seeking inspiration, a young 19th-century painter finds a woman who is his love, his muse and his willing subject, but his work becomes controversial.</field>
</item><item>
	<field name="show_id">70109375</field>
	<field name="title">Mission Istaanbul: Darr Ke Aagey Jeet Hai</field>
	<field name="director">Apoorva Lakhia</field>
	<field name="cast">Vivek Oberoi, Zayed Khan, Shriya Saran, Nikitin Dheer, Shabbir Ahluwalia, Sunil Shetty, Shweta Bhardwaj</field>
	<field name="country">India</field>
	<field name="date_added">May 16, 2019</field>
	<field name="rating">TV-MA</field>
	<field name="duration">119 min</field>
	<field name="listed_in">Action & Adventure, International Movies, Music & Musicals</field>
	<field name="description">A television journalist makes a risky career move by accepting a job offer from a controversial Istanbul television station.</field>
</item><item>
	<field name="show_id">70111279</field>
	<field name="title">EMI: Liya Hai To Chukana Padega</field>
	<field name="director">Saurabh Kabra</field>
	<field name="cast">Sanjay Dutt, Arjun Rampal, Malaika Arora, Aashish Chaudhary, Neha Uberoi, Urmila Matondkar, Manoj Joshi, Daya Shanker Pandey, Pushkar Jog, Kulbhushan Kharbanda</field>
	<field name="country">India</field>
	<field name="date_added">May 15, 2019</field>
	<field name="rating">TV-14</field>
	<field name="duration">128 min</field>
	<field name="listed_in">Comedies, Dramas, International Movies</field>
	<field name="description">A bank hires an enigmatic and unorthodox debt collector to recover money from four borrowers who are unable to pay their loans.</field>
</item><item>
	<field name="show_id">80235767</field>
	<field name="title">Pocoyo & The Space Circus</field>
	<field name="director">Alfonso Rodríguez</field>
	<field name="cast">Stephen Fry, Carys Doyle</field>
	<field name="country">Spain</field>
	<field name="date_added">May 1, 2018</field>
	<field name="rating">TV-G</field>
	<field name="duration">25 min</field>
	<field name="listed_in">Movies</field>
	<field name="description">Acrobatic aliens arrive on spaceships and perform for everyone, but when angry aliens arrive as well, Pocoyo and his friends must now put on a show.</field>
</item><item>
	<field name="show_id">70100377</field>
	<field name="title">Doubt</field>
	<field name="director">John Patrick Shanley</field>
	<field name="cast">Meryl Streep, Philip Seymour Hoffman, Amy Adams, Viola Davis, Alice Drummond, Audrie Neenan, Susan Blommaert, Carrie Preston, Lydia Jordan, Lloyd Clay Brown</field>
	<field name="country">United States</field>
	<field name="date_added">March 7, 2019</field>
	<field name="rating">PG-13</field>
	<field name="duration">104 min</field>
	<field name="listed_in">Dramas, Faith & Spirituality</field>
	<field name="description">Sister Aloysius begins to have doubts about doting Father Flynn, who seems to have become overly involved in the life of an African American pupil.</field>
</item><item>
	<field name="show_id">70100381</field>
	<field name="title">Bedtime Stories</field>
	<field name="director">Adam Shankman</field>
	<field name="cast">Adam Sandler, Keri Russell, Guy Pearce, Russell Brand, Richard Griffiths, Jonathan Pryce, Courteney Cox, Lucy Lawless, Teresa Palmer, Aisha Tyler, Laura Ann Kesling, Jackie Sandler, Lorna Scott, Dana Min Goodman, Andrew Collins, Jonathan Loughran, Jonathan Morgan Heit, Nick Swardson, Tim Herlihy, Billy Tyler, Johntae Lipscomb, Mikey Post, Sebastian Saraceno, Bill Romanowski, Sadie Sandler, Carmen Electra, Allen Covert, Kathryn Joosten, Annalise Basso, Blake Clark, Julia Lea Wolov, Sarah G. Buxton</field>
	<field name="country">United States</field>
	<field name="date_added">March 5, 2019</field>
	<field name="rating">PG</field>
	<field name="duration">100 min</field>
	<field name="listed_in">Children & Family Movies, Comedies</field>
	<field name="description">Skeeter's life is turned upside down when the fantastical stories he makes up to entertain his niece and nephew inexplicably turn into reality.</field>
</item><item>
	<field name="show_id">70110919</field>
	<field name="title">Caregiver</field>
	<field name="director">Chito S. Roño</field>
	<field name="cast">Sharon Cuneta, John Estrada, John Manalo, Rica Peralejo, Jhong Hilario, Saul Reichlin, Matthew Rutherford, Claire Jeater, Makisig Morales, Mickey Ferriols</field>
	<field name="country">Philippines</field>
	<field name="date_added">March 5, 2019</field>
	<field name="rating">TV-14</field>
	<field name="duration">131 min</field>
	<field name="listed_in">Dramas, International Movies</field>
	<field name="description">Sarah leaves her son in the Philippines to reunite with her husband in London, where she struggles personally and professionally as a care-home worker.</field>
</item><item>
	<field name="show_id">81047897</field>
	<field name="title">Verses of Love</field>
	<field name="director">Hanung Bramantyo</field>
	<field name="cast">Fedi Nuril, Rianti Cartwright, Carissa Putri, Melanie Putria, Zaskia Adya Mecca, Surya Saputra, Dennis Adhiswara, Oka Antara</field>
	<field name="country">Indonesia</field>
	<field name="date_added">March 27, 2019</field>
	<field name="rating">TV-14</field>
	<field name="duration">126 min</field>
	<field name="listed_in">Dramas, International Movies, Romantic Movies</field>
	<field name="description">Polygamy, piety and personal principles collide for a charming and congenial young university student struggling in a four-way love triangle.</field>
</item><item>
	<field name="show_id">70105459</field>
	<field name="title">Contract</field>
	<field name="director">Ram Gopal Varma</field>
	<field name="cast">Adhvik Mahajan, Prasad Purandhare, Sakshi Gulati, Zakir Hussain, Amruta Subhash, Kishore Kadam, Sumeet Nijhawan, Upyendra Limaye</field>
	<field name="country">India</field>
	<field name="date_added">March 2, 2019</field>
	<field name="rating">TV-MA</field>
	<field name="duration">116 min</field>
	<field name="listed_in">Action & Adventure, Dramas, Independent Movies</field>
	<field name="description">Following the death of his wife and daughter in a terrorist attack, an ex-Indian army commando agrees to infiltrate a terrorist cell.</field>
</item><item>
	<field name="show_id">70109657</field>
	<field name="title">Jeff Dunham's Very Special Christmas Special</field>
	<field name="director">Michael Simon</field>
	<field name="cast">Jeff Dunham, Brian Haner</field>
	<field name="country">United States</field>
	<field name="date_added">March 15, 2019</field>
	<field name="rating">TV-MA</field>
	<field name="duration">85 min</field>
	<field name="listed_in">Stand-Up Comedy</field>
	<field name="description">Politically incorrect, sometimes raunchy ventriloquist Jeff Dunham is joined by his irreverent cast of characters in this hilarious Christmas special.</field>
</item><item>
	<field name="show_id">70077556</field>
	<field name="title">The Spiderwick Chronicles</field>
	<field name="director">Mark Waters</field>
	<field name="cast">Freddie Highmore, Mary-Louise Parker, Sarah Bolger, Joan Plowright, David Strathairn, Nick Nolte, Seth Rogen, Andrew McCarthy, Martin Short</field>
	<field name="country">United States</field>
	<field name="date_added">March 1, 2019</field>
	<field name="rating">PG</field>
	<field name="duration">97 min</field>
	<field name="listed_in">Children & Family Movies</field>
	<field name="description">When city-raised twins move to a tumbledown country mansion, it's quite an adjustment – especially after they uncover a magical fantasy world.</field>
</item><item>
	<field name="show_id">70100412</field>
	<field name="title">Tyson</field>
	<field name="director">James Toback</field>
	<field name="cast">Mike Tyson, Trevor Berbick</field>
	<field name="country">United States, France</field>
	<field name="date_added">March 1, 2019</field>
	<field name="rating">R</field>
	<field name="duration">90 min</field>
	<field name="listed_in">Documentaries, Sports Movies</field>
	<field name="description">In this surprisingly emotional documentary, heavyweight champ Mike Tyson analyzes the controversies surrounding his career and turbulent private life.</field>
</item><item>
	<field name="show_id">70099702</field>
	<field name="title">Shaurya: It Takes Courage to Make Right... Right</field>
	<field name="director">Samar Khan</field>
	<field name="cast">Rahul Bose, Javed Jaffrey, Minissha Lamba, Seema Biswas, Deepak Dobriyal, Kay Kay Menon, Amrita Rao, Rosa Catalano, Subrat Dutta, Priyesh Kaushik</field>
	<field name="country">India</field>
	<field name="date_added">March 1, 2018</field>
	<field name="rating">TV-14</field>
	<field name="duration">135 min</field>
	<field name="listed_in">Dramas, International Movies</field>
	<field name="description">Courtroom intrigue plays out against a backdrop of military secrets in this Bollywood drama with a plot that's reminiscent of A Few Good Men.</field>
</item><item>
	<field name="show_id">70304189</field>
	<field name="title">Trailer Park Boys: Say Goodnight to the Bad Guys</field>
	<field name="director">Mike Clattenburg</field>
	<field name="cast">John Paul Tremblay, Robb Wells, John Dunsworth, Patrick Roach, Lucy Decoutere, Sarah Dunsworth, Barrie Dunn, Jeanna Harrison, Shelley Thompson, Tyrone Parsons</field>
	<field name="country">Canada</field>
	<field name="date_added">March 1, 2018</field>
	<field name="rating">TV-MA</field>
	<field name="duration">47 min</field>
	<field name="listed_in">Comedies, Cult Movies</field>
	<field name="description">A year after the Season 7 finale, the boys are poised to live the good life. But an old enemy throws a wrench in things once again.</field>
</item><item>
	<field name="show_id">70125935</field>
	<field name="title">Y.M.I.: Yeh Mera India</field>
	<field name="director">N. Chandra</field>
	<field name="cast">Anupam Kher, Atul Kulkarni, Aakash Pandey, Milind Gunaji, Perizaad Zorabian, Smiley Suri, Parvin Dabas, Rajit Kapoor, Purab Kohli, Rajpal Yadav, Sarika, Sayaji Shinde, Seema Biswas, Vijay Raaz, Ashwin Mushran, Veerendra Saxena, Siddhant Karnick</field>
	<field name="country">India</field>
	<field name="date_added">March 1, 2018</field>
	<field name="rating">TV-MA</field>
	<field name="duration">137 min</field>
	<field name="listed_in">Dramas, Independent Movies, International Movies</field>
	<field name="description">The lives of a middle-aged soap opera addict, an ambitious career woman, a fervent activist and nine others from different walks of Indian life intersect in Mumbai. But this vibrant melting pot threatens to bubble over with bias and bigotry.</field>
</item><item>
	<field name="show_id">70060018</field>
	<field name="title">10,000 B.C.</field>
	<field name="director">Roland Emmerich</field>
	<field name="cast">Steven Strait, Camilla Belle, Cliff Curtis, Joel Virgel, Affif Ben Badra, Mo Zinal, Nathanael Baring, Mona Hammond, Omar Sharif</field>
	<field name="country">United States, South Africa</field>
	<field name="date_added">June 1, 2019</field>
	<field name="rating">PG-13</field>
	<field name="duration">109 min</field>
	<field name="listed_in">Action & Adventure</field>
	<field name="description">Fierce mammoth hunter D'Leh sets out on an impossible journey to rescue the woman he loves from a vicious warlord and save the people of his village.</field>
</item><item>
	<field name="show_id">70098605</field>
	<field name="title">Righteous Kill</field>
	<field name="director">Jon Avnet</field>
	<field name="cast">Robert De Niro, Al Pacino, 50 Cent, Carla Gugino, John Leguizamo, Donnie Wahlberg, Brian Dennehy, Trilby Glover</field>
	<field name="country">United States</field>
	<field name="date_added">June 1, 2019</field>
	<field name="rating">R</field>
	<field name="duration">101 min</field>
	<field name="listed_in">Dramas, Thrillers</field>
	<field name="description">Two detectives investigate a rash of vigilante killings linked to an old case, suggesting they might have put an innocent man behind bars.</field>
</item><item>
	<field name="show_id">80999990</field>
	<field name="title">Holy Man 2</field>
	<field name="director">Note Chern-Yim</field>
	<field name="cast">Apisit Opasaimlikit, Suthep Po-ngam, Phichet Iamchaonaa, Note Chern-Yim</field>
	<field name="country">Thailand</field>
	<field name="date_added">July 30, 2018</field>
	<field name="rating">TV-14</field>
	<field name="duration">92 min</field>
	<field name="listed_in">Comedies, Faith & Spirituality, International Movies</field>
	<field name="description">Former rap musician Joey Boy is now a monk who takes Father Teng's place at his rural temple, where a crisis develops involving a nearby stone quarry.</field>
</item><item>
	<field name="show_id">70099615</field>
	<field name="title">Bolt</field>
	<field name="director">Byron Howard, Chris Williams</field>
	<field name="cast">John Travolta, Miley Cyrus, Susie Essman, Mark Walton, Malcolm McDowell, James Lipton, Greg Germann, Diedrich Bader, Nick Swardson, J.P. Manoux, Dan Fogelman, Kari Wahlgren, Chloë Grace Moretz, Randy Savage, Ronn Moss, John DiMaggio, Daran Norris, Jeff Bennett, Brian Stepanek, Todd Cummings</field>
	<field name="country">United States</field>
	<field name="date_added">July 22, 2018</field>
	<field name="rating">PG</field>
	<field name="duration">99 min</field>
	<field name="listed_in">Children & Family Movies, Comedies</field>
	<field name="description">This tale follows German shepherd Bolt, a canine actor who makes a cross-country trek when he's mistakenly shipped from Hollywood to New York City.</field>
</item><item>
	<field name="show_id">70118801</field>
	<field name="title">Connected</field>
	<field name="director">Benny Chan</field>
	<field name="cast">Louis Koo, Barbie Hsu, Nick Cheung, Liu Ye, Louis Fan, Eddie Cheung, Flora Chan, Gong Beibi</field>
	<field name="country">China, Hong Kong</field>
	<field name="date_added">July 21, 2019</field>
	<field name="rating">TV-MA</field>
	<field name="duration">111 min</field>
	<field name="listed_in">Action & Adventure, International Movies</field>
	<field name="description">In this remake of "Cellular," a debt collector becomes embroiled in intrigue after answering a random phone call from a stranger begging for help.</field>
</item><item>
	<field name="show_id">70117354</field>
	<field name="title">The Beast Stalker</field>
	<field name="director">Dante Lam</field>
	<field name="cast">Nicholas Tse, Nick Cheung, Zhang Jing-chu, Miao Pu, Liu Kai-chi, Philip Keung, Kwok Jing-hung, Sherman Chung, Zhang He, Wong Suet-yin, Wong Sum-yin</field>
	<field name="country">Hong Kong</field>
	<field name="date_added">July 21, 2019</field>
	<field name="rating">TV-MA</field>
	<field name="duration">110 min</field>
	<field name="listed_in">Action & Adventure, International Movies</field>
	<field name="description">Feeling guilty after a high-speed chase leaves a girl dead, a determined sergeant pursues the crime boss who triggered the fatal car accident.</field>
</item><item>
	<field name="show_id">70171835</field>
	<field name="title">Tahaan</field>
	<field name="director">Santosh Sivan</field>
	<field name="cast">Purav Bhandare, Anupam Kher, Rahul Bose, Victor Banerjee, Ankush Dubey, Rasika Dugal, Rahul Khanna, Sana Shaikh, Dheirya Sonecha, Fatima Sana Shaikh, Sarika</field>
	<field name="country">India</field>
	<field name="date_added">July 15, 2018</field>
	<field name="rating">TV-14</field>
	<field name="duration">95 min</field>
	<field name="listed_in">Dramas, International Movies</field>
	<field name="description">After his family's donkey is confiscated by a moneylender, 8-year-old Tahaan travels across conflict-torn Kashmir to find his beloved pet.</field>
</item><item>
	<field name="show_id">70084221</field>
	<field name="title">Smart People</field>
	<field name="director">Noam Murro</field>
	<field name="cast">Dennis Quaid, Sarah Jessica Parker, Thomas Haden Church, Ellen Page, Ashton Holmes, Christine Lahti, Camille Mana, David Denman, Don Wadsworth, Robert Haley</field>
	<field name="country">United States</field>
	<field name="date_added">July 12, 2019</field>
	<field name="rating">R</field>
	<field name="duration">95 min</field>
	<field name="listed_in">Comedies, Dramas, Independent Movies</field>
	<field name="description">An unexpected romance and a surprise visit from his wild brother turn the life of widowed professor Lawrence Wetherhold upside down.</field>
</item><item>
	<field name="show_id">70084148</field>
	<field name="title">Frozen River</field>
	<field name="director">Courtney Hunt</field>
	<field name="cast">Melissa Leo, Misty Upham, Charlie McDermott, Michael O'Keefe, Mark Boone Junior, James Reilly, Jay Klaitz, John Canoe, Dylan Carusona, Michael Sky</field>
	<field name="country">United States</field>
	<field name="date_added">July 1, 2019</field>
	<field name="rating">R</field>
	<field name="duration">97 min</field>
	<field name="listed_in">Dramas, Independent Movies</field>
	<field name="description">On a Mohawk reservation on the Canadian border, Ray Eddy teams with a widowed tribe member to smuggle illegal immigrants into the United States.</field>
</item><item>
	<field name="show_id">70101345</field>
	<field name="title">Inkheart</field>
	<field name="director">Iain Softley</field>
	<field name="cast">Brendan Fraser, Paul Bettany, Helen Mirren, Jim Broadbent, Andy Serkis, Sienna Guillory, Eliza Bennett, Rafi Gavron, Lesley Sharp, Jamie Foreman</field>
	<field name="country">Germany, United Kingdom, United States</field>
	<field name="date_added">July 1, 2019</field>
	<field name="rating">PG</field>
	<field name="duration">106 min</field>
	<field name="listed_in">Action & Adventure, Children & Family Movies, Sci-Fi & Fantasy</field>
	<field name="description">Unbeknownst to his 12-year-old daughter, a bookbinder has a secret ability to bring characters to life by reading their stories out loud.</field>
</item><item>
	<field name="show_id">70098899</field>
	<field name="title">Nights in Rodanthe</field>
	<field name="director">George C. Wolfe</field>
	<field name="cast">Richard Gere, Diane Lane, Christopher Meloni, Viola Davis, Becky Ann Baker, Scott Glenn, Linda Molloy, Pablo Schreiber, Mae Whitman, Charlie Tahan</field>
	<field name="country">United States, Australia</field>
	<field name="date_added">July 1, 2019</field>
	<field name="rating">PG-13</field>
	<field name="duration">97 min</field>
	<field name="listed_in">Dramas, Romantic Movies</field>
	<field name="description">When a hurricane hits a coastal North Carolina inn and strands the only guest, surgeon Paul Flanner, a young woman's life changes forever.</field>
</item><item>
	<field name="show_id">70084795</field>
	<field name="title">The Forbidden Kingdom</field>
	<field name="director">Rob Minkoff</field>
	<field name="cast">Jackie Chan, Jet Li, Collin Chou, Liu Yifei, Li Bingbing, Michael Angarano, Morgan Benoit, Juana Collignon, Wang Deshun, Thomas McDonell</field>
	<field name="country">United States, China</field>
	<field name="date_added">July 1, 2019</field>
	<field name="rating">PG-13</field>
	<field name="duration">104 min</field>
	<field name="listed_in">Action & Adventure, Sci-Fi & Fantasy</field>
	<field name="description">Jackie Chan and Jet Li star in this rousing adventure about a martial arts movie fan who finds a mystical staff that transports him to ancient China.</field>
</item><item>
	<field name="show_id">70098332</field>
	<field name="title">Traitor</field>
	<field name="director">Jeffrey Nachmanoff</field>
	<field name="cast">Don Cheadle, Guy Pearce, Saïd Taghmaoui, Neal McDonough, Alyy Khan, Archie Panjabi, Raad Rawi, Jeff Daniels, Lorena Gale, Simon Reynolds, Jonathan Walker, Mozhan Marnò, Tom Barnett, Scali Delpeyrat</field>
	<field name="country">United States</field>
	<field name="date_added">July 1, 2018</field>
	<field name="rating">PG-13</field>
	<field name="duration">114 min</field>
	<field name="listed_in">Dramas, Thrillers</field>
	<field name="description">An FBI agent assigned to pursue an ex-Special Ops soldier who joined a terrorist organization begins to question his target's true intentions.</field>
</item><item>
	<field name="show_id">70113347</field>
	<field name="title">Sat Sri Akal</field>
	<field name="director">Kamal Sahani</field>
	<field name="cast">Kimi Verma, Manpreet Singh, Arun Bali, Dolly Minhas, Avtar Gill, Manmeet Singh, Neelu Kohli, Vivek Shaq, Nirmal Rishi, Pooja Tandon</field>
	<field name="country">India</field>
	<field name="date_added">January 30, 2019</field>
	<field name="rating">TV-PG</field>
	<field name="duration">141 min</field>
	<field name="listed_in">Dramas, Faith & Spirituality, International Movies</field>
	<field name="description">Based on true events, this moving story centers on a Punjabi family whose celebration of their faith endures in the face of conflicting attitudes.</field>
</item><item>
	<field name="show_id">70099120</field>
	<field name="title">The Longshots</field>
	<field name="director">Fred Durst</field>
	<field name="cast">Ice Cube, Keke Palmer, Tasha Smith, Jill Marie Jones, Dash Mihok, Matt Craven, Glenn Plummer, Garrett Morris, Miles Chandler, Malcolm Goodwin</field>
	<field name="country">United States</field>
	<field name="date_added">January 30, 2019</field>
	<field name="rating">PG</field>
	<field name="duration">95 min</field>
	<field name="listed_in">Comedies, Dramas, Sports Movies</field>
	<field name="description">When an 11-year-old girl becomes Pop Warner football's first female quarterback, she raises eyebrows – till she takes her team to the brink of glory.</field>
</item><item>
	<field name="show_id">70098902</field>
	<field name="title">Flash of Genius</field>
	<field name="director">Marc Abraham</field>
	<field name="cast">Greg Kinnear, Lauren Graham, Dermot Mulroney, Alan Alda, Bill Smitrovich, Mitch Pileggi, Daniel Roebuck, Tim Kelleher, Aaron Abrams, Chuck Shamata, Andrew Gillies</field>
	<field name="country">Canada, United States</field>
	<field name="date_added">January 16, 2017</field>
	<field name="rating">PG-13</field>
	<field name="duration">119 min</field>
	<field name="listed_in">Dramas</field>
	<field name="description">A college professor goes up against the giants of the auto industry when they fail to give him credit for inventing intermittent windshield wipers.</field>
</item><item>
	<field name="show_id">70114977</field>
	<field name="title">Berlin Calling</field>
	<field name="director">Hannes Stöhr</field>
	<field name="cast">Paul Kalkbrenner, Rita Lengyel, Corinna Harfouch, Araba Walton, Peter Schneider, Rolf Peter Kahl, Henriette Müller, Udo Kroschwald, Megan Gay, Max Mauff</field>
	<field name="country">Germany</field>
	<field name="date_added">January 15, 2017</field>
	<field name="rating">NR</field>
	<field name="duration">105 min</field>
	<field name="listed_in">Dramas, International Movies, Music & Musicals</field>
	<field name="description">DJ Ickarus is at the top of his game, dazzling fans and touring the world – until he gets locked in the loony bin after taking a few too many drugs.</field>
</item><item>
	<field name="show_id">70118799</field>
	<field name="title">Ip Man</field>
	<field name="director">Wilson Yip</field>
	<field name="cast">Donnie Yen, Simon Yam, Louis Fan, Lam Ka Tung, Xing Yu, Wong You-nam, Chen Zhi Hui, Lynn Hung, Hiroyuki Ikeuchi</field>
	<field name="country">Hong Kong, China</field>
	<field name="date_added">January 15, 2016</field>
	<field name="rating">R</field>
	<field name="duration">107 min</field>
	<field name="listed_in">Action & Adventure, Dramas, International Movies</field>
	<field name="description">An occupying Japanese general challenges Chinese men to duels to prove the superiority of the Japanese, but Ip Man refuses to fight – at first.</field>
</item><item>
	<field name="show_id">70084788</field>
	<field name="title">21</field>
	<field name="director">Robert Luketic</field>
	<field name="cast">Jim Sturgess, Kevin Spacey, Kate Bosworth, Aaron Yoo, Liza Lapira, Jacob Pitts, Laurence Fishburne, Jack McGee, Josh Gad, Sam Golzari, Helen Carey, Jack Gilpin</field>
	<field name="country">United States</field>
	<field name="date_added">January 1, 2020</field>
	<field name="rating">PG-13</field>
	<field name="duration">123 min</field>
	<field name="listed_in">Dramas</field>
	<field name="description">A brilliant group of students become card-counting experts with the intent of swindling millions out of Las Vegas casinos by playing blackjack.</field>
</item><item>
	<field name="show_id">70082268</field>
	<field name="title">Cloverfield</field>
	<field name="director">Matt Reeves</field>
	<field name="cast">Lizzy Caplan, Jessica Lucas, T.J. Miller, Michael Stahl-David, Mike Vogel, Odette Annable, Anjul Nigam, Margot Farley, Theo Rossi, Brian Klugman</field>
	<field name="country">United States</field>
	<field name="date_added">January 1, 2020</field>
	<field name="rating">PG-13</field>
	<field name="duration">85 min</field>
	<field name="listed_in">Action & Adventure, Horror Movies, Sci-Fi & Fantasy</field>
	<field name="description">A going-away party in Manhattan is interrupted when a mysterious monster of epic proportions launches an attack on New York City.</field>
</item><item>
	<field name="show_id">70100448</field>
	<field name="title">Garfield's Fun Fest</field>
	<field name="director">Mark A.Z. Dippé, Eondeok Han</field>
	<field name="cast">Frank Welker, Tim Conway, Gregg Berger, Wally Wingert, Audrey Wasilewski, Fred Tatasciore, Stephen Stanton, Jennifer Darling, Neil Ross, Greg Eagles</field>
	<field name="country">United States, South Korea</field>
	<field name="date_added">January 1, 2020</field>
	<field name="rating">TV-Y7</field>
	<field name="duration">79 min</field>
	<field name="listed_in">Children & Family Movies, Comedies</field>
	<field name="description">Garfield has long been the champ at a yearly competition for the funniest comic strip. But this time, Garfield must battle tall, handsome Ramone.</field>
</item><item>
	<field name="show_id">70100379</field>
	<field name="title">Yes Man</field>
	<field name="director">Peyton Reed</field>
	<field name="cast">Jim Carrey, Zooey Deschanel, Bradley Cooper, John Michael Higgins, Rhys Darby, Danny Masterson, Fionnula Flanagan, Terence Stamp, Sasha Alexander, Molly Sims</field>
	<field name="country">United States, United Kingdom</field>
	<field name="date_added">January 1, 2020</field>
	<field name="rating">PG-13</field>
	<field name="duration">104 min</field>
	<field name="listed_in">Comedies, Romantic Movies</field>
	<field name="description">After a bitter divorce, a bank drone falls under the sway of a self-help guru who urges him to say yes to everything that comes his way for a year.</field>
</item><item>
	<field name="show_id">70084799</field>
	<field name="title">Indiana Jones and the Kingdom of the Crystal Skull</field>
	<field name="director">Steven Spielberg</field>
	<field name="cast">Harrison Ford, Cate Blanchett, Karen Allen, Ray Winstone, John Hurt, Jim Broadbent, Igor Jijikine, Shia LaBeouf</field>
	<field name="country">United States</field>
	<field name="date_added">January 1, 2019</field>
	<field name="rating">PG-13</field>
	<field name="duration">123 min</field>
	<field name="listed_in">Action & Adventure, Children & Family Movies, Sci-Fi & Fantasy</field>
	<field name="description">Indiana Jones is drawn into a Russian plot to unearth the Crystal Skulls of Akator, Amazonian artifacts with supernatural powers.</field>
</item><item>
	<field name="show_id">70101375</field>
	<field name="title">The Boy in the Striped Pajamas</field>
	<field name="director">Mark Herman</field>
	<field name="cast">Asa Butterfield, Vera Farmiga, David Thewlis, Rupert Friend, David Hayman, Jack Scanlon, Amber Beattie, Sheila Hancock, Richard Johnson, Jim Norton</field>
	<field name="country">United Kingdom, United States</field>
	<field name="date_added">January 1, 2019</field>
	<field name="rating">PG-13</field>
	<field name="duration">95 min</field>
	<field name="listed_in">Dramas, Independent Movies, International Movies</field>
	<field name="description">When his family moves from Berlin to Poland, a young boy befriends a boy who lives on the other side of the fence, unaware he's a Jewish prisoner.</field>
</item><item>
	<field name="show_id">70116578</field>
	<field name="title">Sanai Choughade</field>
	<field name="director">Rajeev Patil</field>
	<field name="cast">Shreyas Talpade, Subodh Bhave, Sai Tamhankar, Santosh Juvekar, Tushar Dalvi, Bharti Aacharekar</field>
	<field name="country">India</field>
	<field name="date_added">January 1, 2018</field>
	<field name="rating">TV-14</field>
	<field name="duration">122 min</field>
	<field name="listed_in">Comedies, Dramas, International Movies</field>
	<field name="description">In an effort to honor the family matriarch's dying wish, Urmila and her husband, Shrikant, embark on a quest to find a husband for charismatic yet choosey Sai. But some things are easier said than done.</field>
</item><item>
	<field name="show_id">70123648</field>
	<field name="title">The Only Mother To You All</field>
	<field name="director">Wenn V. Deramas</field>
	<field name="cast">Ai-Ai de las Alas, Shaina Magdayao, Carlo Aquino, Alwyn Uytingco, Eugene Domingo, Deejay Durano, Serena Dalrymple, Jiro Manio, Yuki Kadooka, Cherry Pie Picache, Gloria Diaz</field>
	<field name="country">Philippines</field>
	<field name="date_added">February 27, 2019</field>
	<field name="rating">TV-PG</field>
	<field name="duration">106 min</field>
	<field name="listed_in">Comedies, International Movies</field>
	<field name="description">Raising her large family alone after her husband's death, Ina searches for work and finally lands the most unlikely job: president of the Philippines.</field>
</item><item>
	<field name="show_id">70100084</field>
	<field name="title">Milk</field>
	<field name="director">Gus Van Sant</field>
	<field name="cast">Sean Penn, Emile Hirsch, Josh Brolin, Diego Luna, James Franco, Alison Pill, Victor Garber, Denis O'Hare, Joseph Cross, Stephen Spinella, Lucas Grabeel, Brandon Boyce</field>
	<field name="country">United States</field>
	<field name="date_added">February 16, 2017</field>
	<field name="rating">R</field>
	<field name="duration">128 min</field>
	<field name="listed_in">Dramas, Independent Movies, LGBTQ Movies</field>
	<field name="description">Sean Penn stars in this biopic about Harvey Milk, the openly gay San Francisco politician who was murdered by a disgruntled city supervisor in 1978.</field>
</item><item>
	<field name="show_id">70109378</field>
	<field name="title">Ugly Aur Pagli</field>
	<field name="director">Sachin Kamlakar Khot</field>
	<field name="cast">Mallika Sherawat, Ranvir Shorey, Tinnu Anand, Sushmita Mukherjee, Manish Anand, Vihang Nayak, Bharati Achrekar, Zeenat Aman</field>
	<field name="country">India</field>
	<field name="date_added">February 15, 2019</field>
	<field name="rating">TV-14</field>
	<field name="duration">115 min</field>
	<field name="listed_in">Comedies, International Movies, Romantic Movies</field>
	<field name="description">Everyday guy Kabir is thrown for a loop when he meets Kuhu, a freewheeling party girl. Now, he's a changed man, dancing, running half-naked through the streets and donning ladies' shoes at her whim.</field>
</item><item>
	<field name="show_id">81033201</field>
	<field name="title">Because of Soccer</field>
	<field name="director">Agasyah Karim, Khalid Kashogi</field>
	<field name="cast">Herjunot Ali, Winky Wiryawan, Erly Ashy, Laura Basuki, Tarzan, Aida Nurmala, Otto Djauhari, Indra Herlambang</field>
	<field name="country">Indonesia</field>
	<field name="date_added">December 8, 2018</field>
	<field name="rating">TV-14</field>
	<field name="duration">75 min</field>
	<field name="listed_in">Comedies, Dramas, International Movies</field>
	<field name="description">After losing a World Cup bet, two hapless buddies must use their wits to pay off their debt to a big Jakarta bookie in this action-packed comedy.</field>
</item><item>
	<field name="show_id">70089214</field>
	<field name="title">Jaane Tu... Ya Jaane Na</field>
	<field name="director">Abbas Tyrewala</field>
	<field name="cast">Imran Khan, Genelia D'souza, Manjari Fadnis, Ayaz Khan, Karan Makhija, Sugandha Garg, Nirav Mehta, Alishka Varde, Renuka Kunzru, Prateik Babbar, Ratna Pathak Shah</field>
	<field name="country">India</field>
	<field name="date_added">December 8, 2017</field>
	<field name="rating">TV-PG</field>
	<field name="duration">147 min</field>
	<field name="listed_in">Comedies, International Movies, Music & Musicals</field>
	<field name="description">Soft-spoken Jai and spitfire beauty Aditi couldn't be more different – but their family and friends know that they're a perfect match.</field>
</item><item>
	<field name="show_id">81045517</field>
	<field name="title">Gina Yashere: Skinny B*tch</field>
	<field name="director">nan</field>
	<field name="cast">Gina Yashere</field>
	<field name="country">United Kingdom</field>
	<field name="date_added">December 31, 2018</field>
	<field name="rating">TV-MA</field>
	<field name="duration">58 min</field>
	<field name="listed_in">Stand-Up Comedy</field>
	<field name="description">Standup comedian and "Daily Show" correspondent Gina Yashere delivers a sharp set of wry observations on the environment, money and more.</field>
</item><item>
	<field name="show_id">81045530</field>
	<field name="title">Tim Minchin: So F**king Rock</field>
	<field name="director">Matt Askem</field>
	<field name="cast">Tim Minchin</field>
	<field name="country">United Kingdom</field>
	<field name="date_added">December 31, 2018</field>
	<field name="rating">TV-MA</field>
	<field name="duration">127 min</field>
	<field name="listed_in">Music & Musicals, Stand-Up Comedy</field>
	<field name="description">Comedic pianist Tim Minchin performs a host of his catchy songs that touch on everything from the Middle East to the healing power of canvas bags.</field>
</item><item>
	<field name="show_id">70110883</field>
	<field name="title">Rock On!!</field>
	<field name="director">Abhishek Kapoor</field>
	<field name="cast">Farhan Akhtar, Arjun Rampal, Purab Kohli, Luke Kenny, Prachi Desai, Shahana Goswami, Koel Purie</field>
	<field name="country">India</field>
	<field name="date_added">December 15, 2019</field>
	<field name="rating">TV-14</field>
	<field name="duration">139 min</field>
	<field name="listed_in">Dramas, International Movies, Music & Musicals</field>
	<field name="description">Four friends hoped that their rock band would be a hit. After breaking up, the band members reunite and take another shot at fulfilling their dream.</field>
</item><item>
	<field name="show_id">70117674</field>
	<field name="title">1920</field>
	<field name="director">Vikram Bhatt</field>
	<field name="cast">Rajneesh Duggal, Adah Sharma, Indraneil Sengupta, Anjori Alagh, Rajendranath Zutshi, Vipin Sharma, Amin Hajee, Shri Vallabh Vyas</field>
	<field name="country">India</field>
	<field name="date_added">December 15, 2017</field>
	<field name="rating">TV-MA</field>
	<field name="duration">143 min</field>
	<field name="listed_in">Horror Movies, International Movies, Thrillers</field>
	<field name="description">An architect and his wife move into a castle that is slated to become a luxury hotel. But something inside is determined to stop the renovation.</field>
</item><item>
	<field name="show_id">81030197</field>
	<field name="title">Set Off</field>
	<field name="director">Liu Jiang</field>
	<field name="cast">Wenpei Ju, Fan Wei, Liu Hua, Qianyuan Wang, Ren Zhengbin, He Jiang</field>
	<field name="country">China</field>
	<field name="date_added">December 1, 2018</field>
	<field name="rating">TV-MA</field>
	<field name="duration">96 min</field>
	<field name="listed_in">Dramas, International Movies</field>
	<field name="description">When a restaurant owner in Cyprus returns to Beijing to sign divorce papers, a drunk woman he encounters triggers a string of mishaps.</field>
</item><item>
	<field name="show_id">70104313</field>
	<field name="title">Seven Pounds</field>
	<field name="director">Gabriele Muccino</field>
	<field name="cast">Will Smith, Rosario Dawson, Woody Harrelson, Michael Ealy, Barry Pepper, Elpidia Carrillo, Robinne Lee, Joe Nunez, Bill Smitrovich, Tim Kelleher, Gina Hecht, Andy Milder, Judyann Elder, Sarah Jane Morris</field>
	<field name="country">United States</field>
	<field name="date_added">December 1, 2018</field>
	<field name="rating">PG-13</field>
	<field name="duration">123 min</field>
	<field name="listed_in">Dramas, Romantic Movies</field>
	<field name="description">Weighed down by a dark secret, IRS agent Ben Thomas tries to improve the lives of seven strangers in need of a second chance.</field>
</item><item>
	<field name="show_id">70111162</field>
	<field name="title">Fashion</field>
	<field name="director">Madhur Bhandarkar</field>
	<field name="cast">Priyanka Chopra, Kangana Ranaut, Mugdha Godse, Arbaaz Khan, Arjan Bajwa, Raj Babbar, Kiran Juneja, Samir Soni</field>
	<field name="country">India</field>
	<field name="date_added">August 2, 2018</field>
	<field name="rating">TV-MA</field>
	<field name="duration">158 min</field>
	<field name="listed_in">Dramas, International Movies</field>
	<field name="description">A small-town girl finally realizes her dream of becoming a famous supermodel but soon finds there's a price for her glamorous new life.</field>
</item><item>
	<field name="show_id">70105338</field>
	<field name="title">R.L. Stine's Mostly Ghostly</field>
	<field name="director">Richard Correll</field>
	<field name="cast">Madison Pettis, Sterling Beaumon, Luke Benward, Brian Stepanek, David DeLuise, Kim Rhodes, Adam Hicks, Ali Lohan, Sabrina Bryan, Rachel Winfree, Diego Acuña</field>
	<field name="country">United States</field>
	<field name="date_added">August 1, 2018</field>
	<field name="rating">PG</field>
	<field name="duration">98 min</field>
	<field name="listed_in">Children & Family Movies, Comedies</field>
	<field name="description">After discovering a pair of young ghosts, a nebbish 11-year-old agrees to help the sibling spirits solve the mystery surrounding their demise.</field>
</item><item>
	<field name="show_id">80108996</field>
	<field name="title">Interview with a Serial Killer</field>
	<field name="director">Christopher Martin</field>
	<field name="cast">Arthur Shawcross</field>
	<field name="country">United States</field>
	<field name="date_added">August 1, 2016</field>
	<field name="rating">TV-14</field>
	<field name="duration">45 min</field>
	<field name="listed_in">Documentaries</field>
	<field name="description">In this jailhouse interview, Arthur Shawcross, the Genesee River Killer, shares candid details of his crimes and his surprising family bonds.</field>
</item><item>
	<field name="show_id">80109248</field>
	<field name="title">Real Crime: Diamond Geezers</field>
	<field name="director">Tom Whitter</field>
	<field name="cast">Forbes KB</field>
	<field name="country">United Kingdom</field>
	<field name="date_added">August 1, 2016</field>
	<field name="rating">TV-14</field>
	<field name="duration">46 min</field>
	<field name="listed_in">Documentaries</field>
	<field name="description">In an attempted heist worthy of a Hollywood film, a cadre of criminals sets out to steal the world's largest perfect diamond from a London landmark.</field>
</item><item>
	<field name="show_id">70077557</field>
	<field name="title">Get Smart</field>
	<field name="director">Peter Segal</field>
	<field name="cast">Steve Carell, Anne Hathaway, Dwayne Johnson, Alan Arkin, Terence Stamp, Terry Crews, David Koechner, James Caan, Masi Oka, Nate Torrence, Bill Murray</field>
	<field name="country">United States</field>
	<field name="date_added">April 1, 2019</field>
	<field name="rating">PG-13</field>
	<field name="duration">110 min</field>
	<field name="listed_in">Action & Adventure, Comedies</field>
	<field name="description">When the identities of secret agents are compromised, hapless Maxwell Smart teams with far more capable Agent 99 to thwart an evil terrorist group.</field>
</item><item>
	<field name="show_id">70099610</field>
	<field name="title">The Duchess</field>
	<field name="director">Saul Dibb</field>
	<field name="cast">Keira Knightley, Ralph Fiennes, Charlotte Rampling, Dominic Cooper, Hayley Atwell, Simon McBurney, Aidan McArdle, John Shrapnel, Alistair Petrie, Patrick Godfrey</field>
	<field name="country">United Kingdom, Italy, France, United States</field>
	<field name="date_added">April 1, 2018</field>
	<field name="rating">PG-13</field>
	<field name="duration">110 min</field>
	<field name="listed_in">Dramas, International Movies, Romantic Movies</field>
	<field name="description">To compensate for her unhappy marriage, young duchess Georgiana Spencer begins a scandalous affair with politician Charles Grey.</field>
</item>