<item>
	<field name="show_id">70229514</field>
	<field name="title">Dead Set</field>
	<field name="director">nan</field>
	<field name="cast">Jaime Winstone, Andy Nyman, Kevin Eldon, Davina McCall, Warren Brown, Riz Ahmed, Beth Cordingly, Kathleen McDermott, Raj Ghatak</field>
	<field name="country">United Kingdom</field>
	<field name="date_added">September 1, 2016</field>
	<field name="rating">TV-MA</field>
	<field name="duration">1 Season</field>
	<field name="listed_in">British TV Shows, TV Horror, TV Thrillers</field>
	<field name="description">While the housemates in the Big Brother house remain oblivious, fast-moving hordes of the undead decimate the studio compound.</field>
</item><item>
	<field name="show_id">80157488</field>
	<field name="title">The Truth</field>
	<field name="director">nan</field>
	<field name="cast">Tay Ping Hui, Joanne Peh, Shaun Chen, Rebecca Lim, Zhu Houren, Richard Low</field>
	<field name="country">nan</field>
	<field name="date_added">November 1, 2017</field>
	<field name="rating">TV-14</field>
	<field name="duration">1 Season</field>
	<field name="listed_in">Crime TV Shows, International TV Shows, TV Action & Adventure</field>
	<field name="description">A devious businessman covets his partner's priceless treasure map, while a related murder case calls into question some biological family ties.</field>
</item><item>
	<field name="show_id">80047031</field>
	<field name="title">Sin senos no hay paraíso</field>
	<field name="director">nan</field>
	<field name="cast">Carmen Villalobos, Catherine Siachoque, María Fernanda Yépez, Ramiro Meneses, Juan Diego Sánchez, Aylín Mujica, Fabián Ríos, Roberto Mateos</field>
	<field name="country">Colombia, Mexico, United States</field>
	<field name="date_added">May 15, 2017</field>
	<field name="rating">TV-14</field>
	<field name="duration">1 Season</field>
	<field name="listed_in">International TV Shows, Spanish-Language TV Shows, TV Dramas</field>
	<field name="description">Inspired by a true story, this TV drama shadows a young Colombian woman who goes to shocking lengths to escape a life of poverty.</field>
</item><item>
	<field name="show_id">80159732</field>
	<field name="title">Japanese Style Originator</field>
	<field name="director">nan</field>
	<field name="cast">Takeo Chii, Hisako Manda, Takahiro Azuma, Kazuya Masuda</field>
	<field name="country">Japan</field>
	<field name="date_added">May 1, 2017</field>
	<field name="rating">TV-G</field>
	<field name="duration">1 Season</field>
	<field name="listed_in">International TV Shows, Stand-Up Comedy & Talk Shows</field>
	<field name="description">Find out everything there is to know about Japanese tradition, from food to culture to objects and arts, and the people who are continuing it today.</field>
</item><item>
	<field name="show_id">70228154</field>
	<field name="title">The Legend of Bruce Lee</field>
	<field name="director">nan</field>
	<field name="cast">Danny Chan, Michelle Lang, Ted Duran, Hazen MacIntyre, Luoyong Wang, Natalia Dzyublo, Traci Ann Wolfe, Ke Gai, Zhou Zhou, Yu Chenghui</field>
	<field name="country">China</field>
	<field name="date_added">July 7, 2017</field>
	<field name="rating">NR</field>
	<field name="duration">1 Season</field>
	<field name="listed_in">International TV Shows, TV Action & Adventure, TV Dramas</field>
	<field name="description">The brief but spectacular career of martial arts superstar Bruce Lee is recounted in this drama, starring Danny Chan as the enigmatic and driven Lee.</field>
</item><item>
	<field name="show_id">70241791</field>
	<field name="title">DreamWorks Kung Fu Panda Awesome Secrets</field>
	<field name="director">nan</field>
	<field name="cast">Jack Black, Dustin Hoffman, Dennis Haysbert, Paul Scheer, Randall Duk Kim, David Cross, Jessica DiCicco, Jaycee Chan, Angelina Jolie, Seth Rogen, Tony Leondis</field>
	<field name="country">United States</field>
	<field name="date_added">July 1, 2019</field>
	<field name="rating">TV-PG</field>
	<field name="duration">1 Season</field>
	<field name="listed_in">Kids' TV, TV Action & Adventure, TV Comedies</field>
	<field name="description">In this pair of adventures, Po tells the story of how masters Thundering Rhino, Storming Ox and Croc met and takes on Shifu's biggest challenge yet.</field>
</item><item>
	<field name="show_id">70213083</field>
	<field name="title">Power Rangers Jungle Fury</field>
	<field name="director">nan</field>
	<field name="cast">Jason Smith, Aljin Abella, Anna Hutchison, David de Lautour, Nikolai Nikolaeff, Sarah Thomson, Bede Skinner, Holly Shanahan, Kelson Henderson, Richard Simpson, Cameron Rhodes, Elisabeth Easther, Mark Wright, Derek Judge</field>
	<field name="country">United States</field>
	<field name="date_added">January 1, 2016</field>
	<field name="rating">TV-Y7-FV</field>
	<field name="duration">1 Season</field>
	<field name="listed_in">Kids' TV</field>
	<field name="description">The Power Rangers travel to California in search of their new master and find him running a pizza parlor – so they join the staff to be trained.</field>
</item><item>
	<field name="show_id">80113894</field>
	<field name="title">The Irish Mob</field>
	<field name="director">nan</field>
	<field name="cast">Mickey Spillane</field>
	<field name="country">nan</field>
	<field name="date_added">December 1, 2016</field>
	<field name="rating">TV-MA</field>
	<field name="duration">1 Season</field>
	<field name="listed_in">Crime TV Shows, Docuseries</field>
	<field name="description">This documentary crime series charts the rise of the Irish Mob in America, from urban immigrant poverty to political power and wealth.</field>
</item><item>
	<field name="show_id">80025923</field>
	<field name="title">El Cartel</field>
	<field name="director">nan</field>
	<field name="cast">Manolo Cardona, Karen Martínez, Robinson Díaz, Diego Cadavid, Fernando Solórzano, Julian Arango, Sandra Reyes, Juan Pablo Raba, Fernando Arévalo</field>
	<field name="country">Colombia</field>
	<field name="date_added">August 24, 2018</field>
	<field name="rating">TV-MA</field>
	<field name="duration">1 Season</field>
	<field name="listed_in">Crime TV Shows, International TV Shows, Spanish-Language TV Shows</field>
	<field name="description">One man makes a fateful decision to get involved with a Colombian drug cartel in this series based on a novel by Andrés López López.</field>
</item><item>
	<field name="show_id">70242630</field>
	<field name="title">DreamWorks Shrek's Swamp Stories</field>
	<field name="director">nan</field>
	<field name="cast">Mike Myers, Eddie Murphy, Cameron Diaz, Antonio Banderas, Kristen Schaal, Simon Cowell, Gilles Marini, Charlotte Newhouse, Dean Edwards, Cody Cameron, Christopher Knights, Conrad Vernon</field>
	<field name="country">United States</field>
	<field name="date_added">August 17, 2012</field>
	<field name="rating">TV-PG</field>
	<field name="duration">1 Season</field>
	<field name="listed_in">Kids' TV, TV Action & Adventure, TV Comedies</field>
	<field name="description">Shrek celebrates Halloween, Puss in Boots is captured by soldiers, and the gang participates in a kingdom-wide singing competition.</field>
</item><item>
	<field name="show_id">80136450</field>
	<field name="title">Exclusive Edition</field>
	<field name="director">James Lee</field>
	<field name="cast">Berg Lee, Yise Loo, Alvin Wong, Hady, Monday Kang, Ruobing, Wymen Yang, May June, Aenie Wong, Ernest Chong</field>
	<field name="country">nan</field>
	<field name="date_added">August 14, 2017</field>
	<field name="rating">TV-14</field>
	<field name="duration">1 Season</field>
	<field name="listed_in">International TV Shows, TV Dramas</field>
	<field name="description">Young journalists working for a magazine juggle careers, romance and other challenges while reporting on social issues and news stories in Malaysia.</field>
</item><item>
	<field name="show_id">80106338</field>
	<field name="title">Edge of the Universe</field>
	<field name="director">nan</field>
	<field name="cast">nan</field>
	<field name="country">United Kingdom</field>
	<field name="date_added">August 1, 2016</field>
	<field name="rating">TV-G</field>
	<field name="duration">1 Season</field>
	<field name="listed_in">British TV Shows, Docuseries, Science & Nature TV</field>
	<field name="description">Leading astronomers reveal the latest discoveries about death-trap planets, asteroids, comets and other wonders of the cosmos.</field>
</item><item>
	<field name="show_id">80109038</field>
	<field name="title">You're My Destiny</field>
	<field name="director">nan</field>
	<field name="cast">Joe Chen, Ethan Juan, Baron Chen, Bianca Bai, Wei-hsun Na, Tan Ai-Chen</field>
	<field name="country">Taiwan</field>
	<field name="date_added">August 1, 2016</field>
	<field name="rating">TV-14</field>
	<field name="duration">1 Season</field>
	<field name="listed_in">International TV Shows, Romantic TV Shows, TV Comedies</field>
	<field name="description">A young woman's romantic cruise ends in a twist when she gets pregnant after a one-night stand with a rich executive, turning their lives upside down.</field>
</item><item>
	<field name="show_id">70205012</field>
	<field name="title">Naruto</field>
	<field name="director">Hayato Date</field>
	<field name="cast">Junko Takeuchi, Chie Nakamura, Noriaki Sugiyama, Kazuhiko Inoue, Toshihiko Seki, Hidekatsu Shibata, Masako Katsuki, Nana Mizuki</field>
	<field name="country">Japan</field>
	<field name="date_added"> September 1, 2019</field>
	<field name="rating">TV-PG</field>
	<field name="duration">9 Seasons</field>
	<field name="listed_in">Anime Series, International TV Shows</field>
	<field name="description">Guided by the spirit demon within him, orphaned Naruto learns to harness his powers as a ninja in this anime adventure series.</field>
</item><item>
	<field name="show_id">70309457</field>
	<field name="title">Vampire Knight</field>
	<field name="director">nan</field>
	<field name="cast">Daisuke Kishio, Ezra Weisz, Mamoru Miyano, Vic Mignogna, Yui Horie, Mela Lee, Risa Mizuno, Stephanie Sheh, Junichi Suwabe, Troy Baker, Jun Fukuyama, Bryce Papenbrook, Mai Nakahara, Laura Bailey, Soichiro Hoshi, Steve Staley, Susumu Chiba, Spike Spencer, Hiroki Yasumoto, Travis Willingham, Fumiko Orikasa, Wendee Lee</field>
	<field name="country">Japan</field>
	<field name="date_added"> October 15, 2016</field>
	<field name="rating">TV-14</field>
	<field name="duration">2 Seasons</field>
	<field name="listed_in">Anime Series, International TV Shows, Romantic TV Shows</field>
	<field name="description">At Cross Academy, two student disciplinary committee members are tasked with keeping the peace between a human class and a night class of vampires.</field>
</item><item>
	<field name="show_id">70204963</field>
	<field name="title">CLANNAD</field>
	<field name="director">nan</field>
	<field name="cast">Yuichi Nakamura, David Matranga, Mai Nakahara, Luci Christian, Ryo Hirohashi, Shelley Calene-Black, Ai Nonaka, Hilary Haag, Akemi Kanda, Brittney Karbowski, Houko Kuwashima, Kaytha Coker, Mamiko Noto, Emily Neves, Daisuke Sakaguchi, Greg Ayres</field>
	<field name="country">Japan</field>
	<field name="date_added"> November 1, 2019</field>
	<field name="rating">TV-PG</field>
	<field name="duration">2 Seasons</field>
	<field name="listed_in">Anime Series, Teen TV Shows</field>
	<field name="description">Maladjusted high school student Tomoya's life begins to change when he befriends his classmate Nagisa and several other eccentric girls.</field>
</item><item>
	<field name="show_id">80065146</field>
	<field name="title">Code Geass: Lelouch of the Rebellion</field>
	<field name="director">nan</field>
	<field name="cast">Jun Fukuyama, Takahiro Sakurai, Yukana, Ami Koshimizu, Kaori Nazuka, Fumiko Orikasa, Sayaka Ohara, Noriaki Sugiyama, Takahiro Mizushima, Soichiro Hoshi, Yuko Goto</field>
	<field name="country">Japan</field>
	<field name="date_added"> May 1, 2019</field>
	<field name="rating">TV-14</field>
	<field name="duration">2 Seasons</field>
	<field name="listed_in">Anime Series, International TV Shows</field>
	<field name="description">A high-schooler who's granted powers to make anyone instantly obedient dons a mask to lead Japan's rebellion against a long-invading Britannia.</field>
</item><item>
	<field name="show_id">80007912</field>
	<field name="title">Dinosaur King</field>
	<field name="director">nan</field>
	<field name="cast">Megumi Matsumoto, Matsuri Mizuguchi, Tomoko Kobashi, Asuka Tanii, Seiko Tamura, Veronica Taylor, Sebastian Arcelus, Kether Donohue, Rachael Lillis, Madeleine Blaustein</field>
	<field name="country">Japan</field>
	<field name="date_added"> June 2, 2018</field>
	<field name="rating">TV-Y7-FV</field>
	<field name="duration">2 Seasons</field>
	<field name="listed_in">Anime Series, Kids' TV</field>
	<field name="description">Aided by tablets found near a downed meteorite, Max, Rex and Zoe race the evil Alpha Gang as they travel the globe in search of living dinosaurs.</field>
</item><item>
	<field name="show_id">70142437</field>
	<field name="title">Jericho</field>
	<field name="director">nan</field>
	<field name="cast">Skeet Ulrich, Lennie James, Ashley Scott, Kenneth Mitchell, Brad Beyer, April Parker-Jones, Alicia Coppola, Pamela Reed, Bob Stephenson, Gerald McRaney, Clare Carey, Richard Speight Jr., Michael Gaston, Erik Knudsen, Shoshannah Stern, Sprague Grayden</field>
	<field name="country">United States</field>
	<field name="date_added"> August 16, 2017</field>
	<field name="rating">TV-14</field>
	<field name="duration">2 Seasons</field>
	<field name="listed_in">Classic & Cult TV, TV Action & Adventure, TV Dramas</field>
	<field name="description">Jake returns to his Kansas town to collect an inheritance, but a nuclear blast cuts off the outside world and makes him a reluctant leader amid chaos.</field>
</item><item>
	<field name="show_id">70204989</field>
	<field name="title">Gunslinger Girl</field>
	<field name="director">nan</field>
	<field name="cast">Yuuka Nanri, Kanako Mitsuhashi, Eri Sendai, Ami Koshimizu, Hidenobu Kiuchi, Mitsuru Miyamoto, Masashi Ebara, Norihiro Inoue, Rie Nakagawa, Masami Iwasaki, Laura Bailey, Luci Christian, Caitlin Glass, Alese Johnson, Monica Rial, Jerry Jewell, Stephanie Young, Mike McFarland</field>
	<field name="country">Japan</field>
	<field name="date_added">nan</field>
	<field name="rating">TV-14</field>
	<field name="duration">2 Seasons</field>
	<field name="listed_in">Anime Series, Crime TV Shows</field>
	<field name="description">On the surface, the Social Welfare Agency appears to help orphaned schoolgirls, but it's actually turning them into lethal agents.</field>
</item>