<item>
	<field name="show_id">60031232</field>
	<field name="title">Mystic River</field>
	<field name="director">Clint Eastwood</field>
	<field name="cast">Sean Penn, Tim Robbins, Kevin Bacon, Laurence Fishburne, Marcia Gay Harden, Laura Linney, Kevin Chapman, Tom Guiry, Emmy Rossum, Spencer Treat Clark</field>
	<field name="country">United States, Australia</field>
	<field name="date_added">September 1, 2019</field>
	<field name="rating">R</field>
	<field name="duration">138 min</field>
	<field name="listed_in">Dramas, Thrillers</field>
	<field name="description">Tragedy reunites childhood friends Sean, Dave and Jimmy when they're linked together in a murder investigation about Jimmy's teenage daughter.</field>
</item><item>
	<field name="show_id">70036200</field>
	<field name="title">Inuyasha the Movie - La spada del dominatore del mondo</field>
	<field name="director">Toshiya Shinohara</field>
	<field name="cast">Kappei Yamaguchi, Satsuki Yukino, Koji Tsujitani, Houko Kuwashima, Kumiko Watanabe, Ken Narita, Akio Otsuka, Kikuko Inoue</field>
	<field name="country">Japan</field>
	<field name="date_added">September 1, 2017</field>
	<field name="rating">NR</field>
	<field name="duration">99 min</field>
	<field name="listed_in">Action & Adventure, Anime Features, International Movies</field>
	<field name="description">The Great Dog Demon beaqueathed one of the Three Swords of the Fang to each of his two sons. Now the evil power of the third sword has been awakened.</field>
</item><item>
	<field name="show_id">60029167</field>
	<field name="title">Bad Boys II</field>
	<field name="director">Michael Bay</field>
	<field name="cast">Will Smith, Martin Lawrence, Jordi Mollà, Gabrielle Union, Peter Stormare, Theresa Randle, Joe Pantoliano, Michael Shannon, Jon Seda, Yul Vazquez</field>
	<field name="country">United States</field>
	<field name="date_added">October 1, 2019</field>
	<field name="rating">R</field>
	<field name="duration">147 min</field>
	<field name="listed_in">Action & Adventure, Comedies</field>
	<field name="description">In this hyperkinetic sequel, a pair of Miami narcotics cops investigate a Cuban drug kingpin's connection to Florida's influx of Ecstasy.</field>
</item><item>
	<field name="show_id">60027726</field>
	<field name="title">Charlie's Angels: Full Throttle</field>
	<field name="director">McG</field>
	<field name="cast">Cameron Diaz, Drew Barrymore, Lucy Liu, Bernie Mac, Crispin Glover, Justin Theroux, Robert Patrick, Demi Moore, Rodrigo Santoro, Shia LaBeouf, Matt LeBlanc, Luke Wilson, John Cleese</field>
	<field name="country">United States</field>
	<field name="date_added">October 1, 2019</field>
	<field name="rating">PG-13</field>
	<field name="duration">106 min</field>
	<field name="listed_in">Action & Adventure, Comedies</field>
	<field name="description">In this reboot of the TV classic, the Angels are tasked with finding lost rings encoded with the personal information of people in witness protection.</field>
</item><item>
	<field name="show_id">60027716</field>
	<field name="title">Dumb and Dumberer: When Harry Met Lloyd</field>
	<field name="director">Troy Miller</field>
	<field name="cast">Eric Christian Olsen, Derek Richardson, Rachel Nichols, Cheri Oteri, Luis Guzmán, Elden Henson, William Lee Scott, Mimi Rogers, Eugene Levy</field>
	<field name="country">United States</field>
	<field name="date_added">October 1, 2019</field>
	<field name="rating">PG-13</field>
	<field name="duration">85 min</field>
	<field name="listed_in">Comedies</field>
	<field name="description">This wacky prequel to the 1994 blockbuster goes back to the lame-brained title characters' days as classmates at a Rhode Island high school.</field>
</item><item>
	<field name="show_id">60027583</field>
	<field name="title">Anger Management</field>
	<field name="director">Peter Segal</field>
	<field name="cast">Adam Sandler, Jack Nicholson, Marisa Tomei, Luis Guzmán, Allen Covert, Lynne Thigpen, Kurt Fuller, Jonathan Loughran, Krista Allen, January Jones, Woody Harrelson, John Turturro, Kevin Nealon</field>
	<field name="country">United States</field>
	<field name="date_added">November 1, 2019</field>
	<field name="rating">PG-13</field>
	<field name="duration">105 min</field>
	<field name="listed_in">Comedies</field>
	<field name="description">After a gentle businessman is forced to get anger management counseling, his therapist moves in – but turns out to have anger issues of his own.</field>
</item><item>
	<field name="show_id">60031247</field>
	<field name="title">Gothika</field>
	<field name="director">Mathieu Kassovitz</field>
	<field name="cast">Halle Berry, Robert Downey Jr., Charles S. Dutton, John Carroll Lynch, Bernard Hill, Penélope Cruz, Dorian Harewood, Bronwen Mantel</field>
	<field name="country">United States, France, Canada, Spain</field>
	<field name="date_added">November 1, 2019</field>
	<field name="rating">R</field>
	<field name="duration">98 min</field>
	<field name="listed_in">Horror Movies, Thrillers</field>
	<field name="description">After a car crash, a criminal psychiatrist awakens to find that she's a patient in the same mental institution that currently employs her.</field>
</item><item>
	<field name="show_id">60027695</field>
	<field name="title">The Matrix Reloaded</field>
	<field name="director">Lilly Wachowski, Lana Wachowski</field>
	<field name="cast">Keanu Reeves, Laurence Fishburne, Carrie-Anne Moss, Hugo Weaving, Jada Pinkett Smith, Gloria Foster, Harold Perrineau, Monica Bellucci, Harry Lennix, Lambert Wilson, Randall Duk Kim, Nona Gaye</field>
	<field name="country">United States</field>
	<field name="date_added">November 1, 2019</field>
	<field name="rating">R</field>
	<field name="duration">138 min</field>
	<field name="listed_in">Action & Adventure, Sci-Fi & Fantasy</field>
	<field name="description">The crew must protect Zion, the last outpost still under human control, after it is pinpointed by the machines responsible for the Matrix.</field>
</item><item>
	<field name="show_id">60031303</field>
	<field name="title">The Matrix Revolutions</field>
	<field name="director">Lilly Wachowski, Lana Wachowski</field>
	<field name="cast">Keanu Reeves, Laurence Fishburne, Carrie-Anne Moss, Hugo Weaving, Jada Pinkett Smith, Mary Alice, Harold Perrineau, Monica Bellucci, Harry Lennix, Lambert Wilson, Nona Gaye</field>
	<field name="country">United States</field>
	<field name="date_added">November 1, 2019</field>
	<field name="rating">R</field>
	<field name="duration">129 min</field>
	<field name="listed_in">Action & Adventure, Sci-Fi & Fantasy</field>
	<field name="description">The final installment in the Matrix trilogy finds an unconscious Neo trapped in a subway station in a zone between the Matrix and the machine world.</field>
</item><item>
	<field name="show_id">70007056</field>
	<field name="title">Kucch To Hai</field>
	<field name="director">Anil V. Kumar</field>
	<field name="cast">Tusshar Kapoor, Esha Deol, Natasha, Jeetendra, Rishi Kapoor</field>
	<field name="country">India</field>
	<field name="date_added">May 15, 2019</field>
	<field name="rating">TV-14</field>
	<field name="duration">136 min</field>
	<field name="listed_in">Dramas, International Movies, Thrillers</field>
	<field name="description">A student tries to steal a test from a teacher's home, leaving him for dead after an accident. A string of murders may be the professor's revenge.</field>
</item><item>
	<field name="show_id">60031264</field>
	<field name="title">Dr. Seuss' The Cat in the Hat</field>
	<field name="director">Bo Welch</field>
	<field name="cast">Mike Myers, Alec Baldwin, Kelly Preston, Dakota Fanning, Spencer Breslin, Amy Hill, Sean Hayes, Dan Castellaneta</field>
	<field name="country">United States</field>
	<field name="date_added">May 1, 2019</field>
	<field name="rating">PG</field>
	<field name="duration">82 min</field>
	<field name="listed_in">Children & Family Movies, Comedies</field>
	<field name="description">While Mom is away, a bored little boy and girl are visited by the Cat in the Hat, who proceeds to turn the house into the "mother of all messes."</field>
</item><item>
	<field name="show_id">60036746</field>
	<field name="title">Boom</field>
	<field name="director">Kaizad Gustad</field>
	<field name="cast">Amitabh Bachchan, Gulshan Grover, Jackie Shroff, Javed Jaffrey, Katrina Kaif, Madhu Sapre, Padma Lakshmi, Seema Biswas, Zeenat Aman, Boman Irani</field>
	<field name="country">India</field>
	<field name="date_added">March 1, 2018</field>
	<field name="rating">TV-MA</field>
	<field name="duration">79 min</field>
	<field name="listed_in">Action & Adventure, Dramas, International Movies</field>
	<field name="description">Following a fashion show mishap, three supermodels find themselves on the run from dangerous gangsters trying to recover a fortune in stolen diamonds.</field>
</item><item>
	<field name="show_id">60036617</field>
	<field name="title">Dum</field>
	<field name="director">Eeshwar Nivas</field>
	<field name="cast">Vivek Oberoi, Diya Mirza, Atul Kulkarni, Govind Namdeo, Mukesh Rishi, Sushant Singh, Yashpal Sharma, Sheeba</field>
	<field name="country">India</field>
	<field name="date_added">March 1, 2018</field>
	<field name="rating">TV-14</field>
	<field name="duration">162 min</field>
	<field name="listed_in">Action & Adventure, Dramas, International Movies</field>
	<field name="description">When one of his colleagues becomes corrupted by power and goes over to the dark side, a young police officer tries to bring the offender to justice.</field>
</item><item>
	<field name="show_id">80223317</field>
	<field name="title">Khushi</field>
	<field name="director">Surya S.J., Sunil Kumar Agrawal</field>
	<field name="cast">Fardeen Khan, Kareena Kapoor, Amrish Puri, Navin Nischol, Beena, Anup Soni, Johnny Lever, Sharat Saxena, Amitabh Bachchan, Sakshi Shivanand</field>
	<field name="country">India</field>
	<field name="date_added">March 1, 2018</field>
	<field name="rating">TV-14</field>
	<field name="duration">157 min</field>
	<field name="listed_in">Comedies, International Movies, Music & Musicals</field>
	<field name="description">While playing matchmaker to a pair of their friends, two young university students begin developing feelings for each other.</field>
</item><item>
	<field name="show_id">60026155</field>
	<field name="title">What a Girl Wants</field>
	<field name="director">Dennie Gordon</field>
	<field name="cast">Amanda Bynes, Colin Firth, Kelly Preston, Eileen Atkins, Anna Chancellor, Jonathan Pryce, Oliver James, Christina Cole</field>
	<field name="country">United States</field>
	<field name="date_added">June 1, 2019</field>
	<field name="rating">PG</field>
	<field name="duration">105 min</field>
	<field name="listed_in">Children & Family Movies, Comedies</field>
	<field name="description">In search of the father she's never met, the daughter of a bohemian American woman heads to Europe and finds that her dad is an uptight politician.</field>
</item><item>
	<field name="show_id">60027701</field>
	<field name="title">The In-Laws</field>
	<field name="director">Andrew Fleming</field>
	<field name="cast">Michael Douglas, Albert Brooks, Robin Tunney, Ryan Reynolds, David Suchet, Lindsay Sloane, Russell Andrews, Maria Ricossa, Candice Bergen</field>
	<field name="country">United States, Germany, Canada</field>
	<field name="date_added">July 1, 2019</field>
	<field name="rating">PG-13</field>
	<field name="duration">98 min</field>
	<field name="listed_in">Action & Adventure, Comedies</field>
	<field name="description">Daredevil secret agent and father of the groom Steve gives conservative podiatrist and father of the bride Jerry prenuptial jitters when they meet.</field>
</item><item>
	<field name="show_id">60036112</field>
	<field name="title">Chalte Chalte</field>
	<field name="director">Aziz Mirza</field>
	<field name="cast">Shah Rukh Khan, Rani Mukerji, Jas Arora, Satish Shah, Rajiv Verma, Lillete Dubey, Jayshree T., Johny Lever</field>
	<field name="country">India</field>
	<field name="date_added">July 1, 2018</field>
	<field name="rating">TV-PG</field>
	<field name="duration">166 min</field>
	<field name="listed_in">Dramas, International Movies, Romantic Movies</field>
	<field name="description">Priya and Raj are polar opposites. Raj is brash and earthy, while Pirya is sophisticated and something of a perfectionist in all she does. They really are like oil and water, but nonetheless, they dare to fall in love.</field>
</item><item>
	<field name="show_id">60029032</field>
	<field name="title">Melvin Goes to Dinner</field>
	<field name="director">Bob Odenkirk</field>
	<field name="cast">Michael Blieden, Stephanie Courtney, Annabelle Gurwitch, Matt Price, David Cross, Maura Tierney, Kathleen Roll, Jack Black, Jenna Fischer, Fred Armisen</field>
	<field name="country">United States</field>
	<field name="date_added">July 1, 2018</field>
	<field name="rating">R</field>
	<field name="duration">84 min</field>
	<field name="listed_in">Comedies, Dramas, Independent Movies</field>
	<field name="description">When Melvin and his friends gather for dinner, their casual conversation takes a sharp turn as they begin to disclose raw truths about themselves.</field>
</item><item>
	<field name="show_id">60026114</field>
	<field name="title">Final Destination 2</field>
	<field name="director">David R. Ellis</field>
	<field name="cast">Ali Larter, A.J. Cook, Michael Landes, Terrence 'T.C.' Carson, Jonathan Cherry, Keegan Connor Tracy, Sarah Carter, Lynda Boyd, David Paetkau, Justina Machado</field>
	<field name="country">United States, Canada</field>
	<field name="date_added">January 1, 2020</field>
	<field name="rating">R</field>
	<field name="duration">90 min</field>
	<field name="listed_in">Horror Movies, Thrillers</field>
	<field name="description">On a road trip with friends, Kimberly has a premonition that saves everyone from a freak accident. More terrifying visions prompt her to seek help.</field>
</item><item>
	<field name="show_id">60031236</field>
	<field name="title">Kill Bill: Vol. 1</field>
	<field name="director">Quentin Tarantino</field>
	<field name="cast">Uma Thurman, Lucy Liu, Vivica A. Fox, Daryl Hannah, David Carradine, Michael Madsen, Julie Dreyfus, Chiaki Kuriyama, Sonny Chiba, Gordon Liu</field>
	<field name="country">United States, Japan</field>
	<field name="date_added">January 1, 2020</field>
	<field name="rating">R</field>
	<field name="duration">111 min</field>
	<field name="listed_in">Action & Adventure</field>
	<field name="description">An assassin is shot by her ruthless employer, Bill, and other members of their assassination circle. But she lives – and plots her vengeance.</field>
</item><item>
	<field name="show_id">60029154</field>
	<field name="title">Terminator 3: Rise of the Machines</field>
	<field name="director">Jonathan Mostow</field>
	<field name="cast">Arnold Schwarzenegger, Nick Stahl, Claire Danes, Kristanna Loken, David Andrews, Mark Famiglietti, Earl Boen, Moira Sinise, Chopper Bernet, Christopher Lawford</field>
	<field name="country">United States, Germany, United Kingdom</field>
	<field name="date_added">January 1, 2020</field>
	<field name="rating">R</field>
	<field name="duration">109 min</field>
	<field name="listed_in">Action & Adventure, Sci-Fi & Fantasy</field>
	<field name="description">Ten years after John Connor saved Earth from Judgment Day, he encounters T-X, a robotic assassin ordered to finish what T-1000 started.</field>
</item><item>
	<field name="show_id">60004484</field>
	<field name="title">The Lord of the Rings: The Return of the King</field>
	<field name="director">Peter Jackson</field>
	<field name="cast">Elijah Wood, Ian McKellen, Liv Tyler, Viggo Mortensen, Sean Astin, Cate Blanchett, John Rhys-Davies, Bernard Hill, Billy Boyd, Dominic Monaghan, Orlando Bloom, Hugo Weaving</field>
	<field name="country">New Zealand, United States</field>
	<field name="date_added">January 1, 2020</field>
	<field name="rating">PG-13</field>
	<field name="duration">201 min</field>
	<field name="listed_in">Action & Adventure, Sci-Fi & Fantasy</field>
	<field name="description">Aragorn is revealed as the heir to the ancient kings as he, Gandalf and the other members of the broken fellowship struggle to save Gondor.</field>
</item><item>
	<field name="show_id">60027689</field>
	<field name="title">Daddy Day Care</field>
	<field name="director">Steve Carr</field>
	<field name="cast">Eddie Murphy, Jeff Garlin, Steve Zahn, Regina King, Anjelica Huston, Kevin Nealon, Jonathan Katz, Siobhan Fallon Hogan, Lisa Edelstein, Lacey Chabert, Laura Kightlinger, Leila Arcieri</field>
	<field name="country">United States</field>
	<field name="date_added">January 1, 2019</field>
	<field name="rating">PG</field>
	<field name="duration">93 min</field>
	<field name="listed_in">Children & Family Movies, Comedies</field>
	<field name="description">When a conscientious father loses his lucrative dot-com job and faces economic ruin, he joins two friends in opening a business called Daddy Day Care.</field>
</item><item>
	<field name="show_id">60031284</field>
	<field name="title">Mona Lisa Smile</field>
	<field name="director">Mike Newell</field>
	<field name="cast">Julia Roberts, Kirsten Dunst, Julia Stiles, Maggie Gyllenhaal, Juliet Stevenson, Dominic West, Ginnifer Goodwin, Topher Grace, John Slattery, Marcia Gay Harden</field>
	<field name="country">United States</field>
	<field name="date_added">January 1, 2019</field>
	<field name="rating">PG-13</field>
	<field name="duration">119 min</field>
	<field name="listed_in">Dramas</field>
	<field name="description">In 1953, the women of Wellesley College are measured by how well they marry – until the arrival of a professor who threatens to upend the status quo.</field>
</item><item>
	<field name="show_id">60026139</field>
	<field name="title">Tears of the Sun</field>
	<field name="director">Antoine Fuqua</field>
	<field name="cast">Bruce Willis, Monica Bellucci, Cole Hauser, Eamonn Walker, Johnny Messner, Nick Chinlund, Charles Ingram, Paul Francis, Chad Smith, Tom Skerritt, Malick Bowens, Awaovieyi Agie</field>
	<field name="country">United States</field>
	<field name="date_added">January 1, 2019</field>
	<field name="rating">R</field>
	<field name="duration">121 min</field>
	<field name="listed_in">Action & Adventure, Dramas</field>
	<field name="description">A Navy SEAL is sent to a war-torn African jungle to rescue a doctor, only to realize he must also save the refugees in the physician's care.</field>
</item><item>
	<field name="show_id">70035037</field>
	<field name="title">The Gathering</field>
	<field name="director">Nia Dinata</field>
	<field name="cast">Cut Mini Theo, Tora Sudiro, Aida Nurmala, Surya Saputra, Rachel Maryam Sayidina, Trey Gondokusumo, Lili Harahap, Aurora Yahya, Wilza Lubis, Nico Siahaan</field>
	<field name="country">Indonesia</field>
	<field name="date_added">December 8, 2018</field>
	<field name="rating">TV-14</field>
	<field name="duration">124 min</field>
	<field name="listed_in">Comedies, Dramas, International Movies</field>
	<field name="description">Between divorce, bad relationships and coming out as gay, a group of affluent friends realize that none of their lives are as easy as they seem.</field>
</item><item>
	<field name="show_id">60034116</field>
	<field name="title">3 Deewarein</field>
	<field name="director">Nagesh Kukunoor</field>
	<field name="cast">Naseeruddin Shah, Jackie Shroff, Juhi Chawla, Nagesh Kukunoor, Gulshan Grover, Aditya Lakhia, Shri Vallabh Vyas</field>
	<field name="country">nan</field>
	<field name="date_added">December 31, 2019</field>
	<field name="rating">TV-MA</field>
	<field name="duration">121 min</field>
	<field name="listed_in">Dramas, International Movies, Thrillers</field>
	<field name="description">A reporter interviews three convicts on death row for a documentary but as their stories emerge, so do her own true motivations for soliciting them.</field>
</item><item>
	<field name="show_id">81213889</field>
	<field name="title">Bhoot</field>
	<field name="director">Ram Gopal Varma</field>
	<field name="cast">Ajay Devgn, Urmila Matondkar, Nana Patekar, Rekha, Fardeen Khan, Victor Banerjee, Tanuja, Seema Biswas</field>
	<field name="country">India</field>
	<field name="date_added">December 31, 2019</field>
	<field name="rating">TV-MA</field>
	<field name="duration">114 min</field>
	<field name="listed_in">Horror Movies, International Movies, Thrillers</field>
	<field name="description">After a couple moves into an apartment, the wife’s increasingly disturbing behavior unravels chilling secrets about their new home’s past.</field>
</item><item>
	<field name="show_id">60030245</field>
	<field name="title">George of the Jungle 2</field>
	<field name="director">David Grossman</field>
	<field name="cast">Christopher Showerman, Julie Benz, Angus T. Jones, Thomas Haden Church, Christina Pickles, John Cleese, Michael Clarke Duncan, John Kassir, Kevin Greutert, Keith Scott</field>
	<field name="country">United States, Australia</field>
	<field name="date_added">December 20, 2016</field>
	<field name="rating">PG</field>
	<field name="duration">87 min</field>
	<field name="listed_in">Children & Family Movies, Comedies</field>
	<field name="description">Now married and raising a son, clumsy ape-man George finds his jungle kingdom in peril as Really Mean Lion challenges him for the throne.</field>
</item><item>
	<field name="show_id">60032685</field>
	<field name="title">Darna Mana Hai</field>
	<field name="director">Prawal Raman</field>
	<field name="cast">Aftab Shivdasani, Antara Mali, Boman Irani, Isha Koppikar, Nana Patekar, Raghuvir Yadav, Rajpal Yadav, Revathy, Saif Ali Khan, Sameera Reddy, Sanjay Kapoor, Shilpa Shetty, Sohail Khan, Vivek Oberoi</field>
	<field name="country">India</field>
	<field name="date_added">August 1, 2019</field>
	<field name="rating">TV-MA</field>
	<field name="duration">116 min</field>
	<field name="listed_in">Horror Movies, International Movies, Thrillers</field>
	<field name="description">Stranded in a jungle when their car breaks down, six friends pass their time exchanging horror stories, unaware that they may be part of one themselves.</field>
</item><item>
	<field name="show_id">60031278</field>
	<field name="title">Something's Gotta Give</field>
	<field name="director">Nancy Meyers</field>
	<field name="cast">Jack Nicholson, Diane Keaton, Keanu Reeves, Frances McDormand, Amanda Peet, Jon Favreau, Paul Michael Glaser, Rachel Ticotin</field>
	<field name="country">United States</field>
	<field name="date_added">August 1, 2019</field>
	<field name="rating">PG-13</field>
	<field name="duration">128 min</field>
	<field name="listed_in">Comedies, Romantic Movies</field>
	<field name="description">Still sexy at 60, Harry Sanborn wines and dines women half his age. But a getaway with his girlfriend goes awry when her mother drops in unannounced.</field>
</item><item>
	<field name="show_id">70040077</field>
	<field name="title">Hazaaron Khwaishein Aisi</field>
	<field name="director">Sudhir Mishra</field>
	<field name="cast">Kay Kay Menon, Shiney Ahuja, Chitrangada Singh, Ram Kapoor, Saurabh Shukla, Yashpal Sharma, Jasbir Malik, Sohrab Ardeshir, Aditya Bhattacharya, Arif Zakaria</field>
	<field name="country">India, France</field>
	<field name="date_added">April 15, 2019</field>
	<field name="rating">TV-MA</field>
	<field name="duration">111 min</field>
	<field name="listed_in">Dramas, International Movies, Romantic Movies</field>
	<field name="description">In a politically charged India of the 1970s, three friends are transformed by personal ideologies, dangerous ambitions and matters of the heart.</field>
</item><item>
	<field name="show_id">60031998</field>
	<field name="title">Jhankaar Beats</field>
	<field name="director">Sujoy Ghosh</field>
	<field name="cast">Rahul Bose, Sanjay Suri, Rinke Khanna, Riya Sen, Juhi Chawla, Shayan Munshi</field>
	<field name="country">India</field>
	<field name="date_added">April 15, 2019</field>
	<field name="rating">TV-MA</field>
	<field name="duration">131 min</field>
	<field name="listed_in">Comedies, International Movies, Music & Musicals</field>
	<field name="description">Juggling personal predicaments and workplace woes, three buddies and bandmates practice for their ultimate dream: winning a coveted music competition.</field>
</item><item>
	<field name="show_id">60036103</field>
	<field name="title">Mumbai Matinee</field>
	<field name="director">Anant Balani</field>
	<field name="cast">Rahul Bose, Vijay Raaz, Anusha Dhandekar, Perizaad Zorabian, Saurabh Shukla, Asrani, Shehzad Khan</field>
	<field name="country">India</field>
	<field name="date_added">April 15, 2019</field>
	<field name="rating">TV-14</field>
	<field name="duration">116 min</field>
	<field name="listed_in">Comedies, International Movies, Romantic Movies</field>
	<field name="description">Still a virgin at 32 years old, a frustrated advertising agent gets the shock of his life when an unlikely chain of events turns him into a porn star.</field>
</item><item>
	<field name="show_id">60029178</field>
	<field name="title">Spy Kids 3: Game Over</field>
	<field name="director">Robert Rodriguez</field>
	<field name="cast">Daryl Sabara, Sylvester Stallone, Ricardo Montalban, Alexa PenaVega</field>
	<field name="country">United States</field>
	<field name="date_added">April 1, 2019</field>
	<field name="rating">PG</field>
	<field name="duration">83 min</field>
	<field name="listed_in">Children & Family Movies, Comedies</field>
	<field name="description">Carmen gets caught in a virtual reality game designed by the kids' new nemesis, the Toymaker, and it's up to Juni to save her by beating the game.</field>
</item>