<item>
	<field name="show_id">81179844</field>
	<field name="title">At the Dolphin Bay</field>
	<field name="director">nan</field>
	<field name="cast">Angela Chang, Ambrose Hui, Wallace Huo, Jill Hsu, Lin Wei Jun, Josie Leung, Mountain Kao, Liang Hsiu-shen</field>
	<field name="country">Taiwan</field>
	<field name="date_added">November 15, 2019</field>
	<field name="rating">TV-14</field>
	<field name="duration">1 Season</field>
	<field name="listed_in">International TV Shows, Romantic TV Shows</field>
	<field name="description">Encountering each other after a long separation, two childhood friends from orphanage must overcome great odds to fulfill an old promise and find love.</field>
</item><item>
	<field name="show_id">81179864</field>
	<field name="title">Westside Story</field>
	<field name="director">nan</field>
	<field name="cast">Tony Sun, Wallace Huo, Esther Liu, Cyndi Wang, Zax Wang, Sam Wang, Jason Hsu, Whyn Wu, Ben Lee, Vicky Chen</field>
	<field name="country">nan</field>
	<field name="date_added">November 15, 2019</field>
	<field name="rating">TV-14</field>
	<field name="duration">1 Season</field>
	<field name="listed_in">International TV Shows, Romantic TV Shows, TV Action & Adventure</field>
	<field name="description">Spirited high school misfits with hearts of gold begin their journeys into adulthood as they navigate school, friendship, romance and heartbreak.</field>
</item><item>
	<field name="show_id">80047032</field>
	<field name="title">Pasión de Gavilanes</field>
	<field name="director">nan</field>
	<field name="cast">Danna García, Mario Cimarro, Paola Rey, Jorge Cao, Juan Alfonso Baptista, Michel Brown, Gloria Gómez, Kristina Lilley, Natasha Klauss, Ana Lucía Domínguez, Zharick León, Lorena Meritano</field>
	<field name="country">Colombia, United States</field>
	<field name="date_added">May 4, 2017</field>
	<field name="rating">TV-14</field>
	<field name="duration">1 Season</field>
	<field name="listed_in">International TV Shows, Romantic TV Shows, Spanish-Language TV Shows</field>
	<field name="description">Three brothers seek to avenge the tragic death of a loved one, but become emotionally entangled with the daughters of those they hold responsible.</field>
</item><item>
	<field name="show_id">70204980</field>
	<field name="title">Fullmetal Alchemist</field>
	<field name="director">nan</field>
	<field name="cast">Romi Park, Rie Kugimiya, Megumi Toyoguchi, Miyoko Aso, Toru Okawa, Michiko Neya, Kenji Utsumi, Hidekatsu Shibata, Ryotaro Okiayu, Yuko Sato, Yasuhiro Takato, Keiji Fujiwara, Yasunori Matsumoto, Tomoyuki Shimura, Tetsu Shiratori, Takehiro Murozono, Makoto Nagai, Mayumi Yamaguchi, Kotono Mitsuishi, Satomi Koorogi</field>
	<field name="country">Japan</field>
	<field name="date_added">January 1, 2018</field>
	<field name="rating">TV-14</field>
	<field name="duration">1 Season</field>
	<field name="listed_in">Anime Series, International TV Shows</field>
	<field name="description">Brothers Edward and Alphonse use alchemy to resurrect their mother, but they unleash a chemical reaction that tears apart their bodies.</field>
</item><item>
	<field name="show_id">70213079</field>
	<field name="title">Power Rangers Ninja Storm</field>
	<field name="director">nan</field>
	<field name="cast">Pua Magasiva, Sally Martin, Glenn McMillan, Adam Tuominen, Jorgito Vargas Jr., Jason Chan, Katrina Browne, Katrina Devine, Grant McFarland, Peter Rowley, Megan Nicol, Bruce Hopkins</field>
	<field name="country">United States, New Zealand</field>
	<field name="date_added">January 1, 2016</field>
	<field name="rating">TV-Y7-FV</field>
	<field name="duration">1 Season</field>
	<field name="listed_in">Kids' TV</field>
	<field name="description">When the elite warriors from the Wind Ninja Academy are captured by the evil Lothor, Shane, Tori and Waldo become Wind Power Rangers to fight back.</field>
</item><item>
	<field name="show_id">80136795</field>
	<field name="title">Kopitiam</field>
	<field name="director">nan</field>
	<field name="cast">Joanna Bessey, Douglas Lim, Lina Teoh, Rashid Salleh, Mano Maniam, Tan Jin Chor</field>
	<field name="country">Malaysia</field>
	<field name="date_added"> November 3, 2018</field>
	<field name="rating">TV-14</field>
	<field name="duration">7 Seasons</field>
	<field name="listed_in">International TV Shows, TV Comedies</field>
	<field name="description">A young woman returns to Malaysia to take over her father’s old coffee shop. Along with inheriting the Kopitiam, she gains a kooky group of friends.</field>
</item><item>
	<field name="show_id">70153412</field>
	<field name="title">Frasier</field>
	<field name="director">nan</field>
	<field name="cast">Kelsey Grammer, Jane Leeves, David Hyde Pierce, Peri Gilpin, John Mahoney, Dan Butler</field>
	<field name="country">United States</field>
	<field name="date_added">nan</field>
	<field name="rating">TV-PG</field>
	<field name="duration">11 Seasons</field>
	<field name="listed_in">Classic & Cult TV, TV Comedies</field>
	<field name="description">Frasier Crane is a snooty but lovable Seattle psychiatrist who dispenses advice on his call-in radio show while ignoring it in his own relationships.</field>
</item><item>
	<field name="show_id">70153404</field>
	<field name="title">Friends</field>
	<field name="director">nan</field>
	<field name="cast">Jennifer Aniston, Courteney Cox, Lisa Kudrow, Matt LeBlanc, Matthew Perry, David Schwimmer</field>
	<field name="country">United States</field>
	<field name="date_added">nan</field>
	<field name="rating">TV-14</field>
	<field name="duration">10 Seasons</field>
	<field name="listed_in">Classic & Cult TV, TV Comedies</field>
	<field name="description">This hit sitcom follows the merry misadventures of six 20-something pals as they navigate the pitfalls of work, life and love in 1990s Manhattan.</field>
</item>