<item>
	<field name="show_id">80157134</field>
	<field name="title">Sohni Mahiwal</field>
	<field name="director">Latif Faiziyev, Umesh Mehra</field>
	<field name="cast">Zeenat Aman, Pran, Tanuja, Poonam Dhillon</field>
	<field name="country">India, Soviet Union</field>
	<field name="date_added">September 1, 2017</field>
	<field name="rating">TV-PG</field>
	<field name="duration">160 min</field>
	<field name="listed_in">Dramas, International Movies, Romantic Movies</field>
	<field name="description">After being violently separated from the woman he loves, a young man must disguise himself in order to keep meeting her.</field>
</item><item>
	<field name="show_id">60001761</field>
	<field name="title">Supergirl</field>
	<field name="director">Jeannot Szwarc</field>
	<field name="cast">Faye Dunaway, Hart Bochner, Helen Slater, Peter Cook</field>
	<field name="country">United Kingdom, United States</field>
	<field name="date_added">October 1, 2019</field>
	<field name="rating">PG</field>
	<field name="duration">125 min</field>
	<field name="listed_in">Action & Adventure, Sci-Fi & Fantasy</field>
	<field name="description">When she loses her city's vital power supply, Kryptonian Kara follows it to Earth in the hopes of retrieving it. Although gifted with powers like her cousin Superman, Kara struggles to defeat the evil Selena, who now controls the mighty object.</field>
</item><item>
	<field name="show_id">793907</field>
	<field name="title">The Natural</field>
	<field name="director">Barry Levinson</field>
	<field name="cast">Robert Redford, Robert Duvall, Glenn Close, Kim Basinger, Wilford Brimley, Barbara Hershey, Robert Prosky, Richard Farnsworth, Joe Don Baker, John Finnegan</field>
	<field name="country">United States</field>
	<field name="date_added">January 1, 2020</field>
	<field name="rating">PG</field>
	<field name="duration">138 min</field>
	<field name="listed_in">Classic Movies, Dramas, Sports Movies</field>
	<field name="description">A gifted baseball player whose life has taken some startling turns becomes a 35-year-old rookie who helps a cellar-dwelling team get back in the game.</field>
</item><item>
	<field name="show_id">60010488</field>
	<field name="title">Indiana Jones and the Temple of Doom</field>
	<field name="director">Steven Spielberg</field>
	<field name="cast">Harrison Ford, Kate Capshaw, Amrish Puri, Roshan Seth, Philip Stone, Roy Chiao, Jonathan Ke Quan, David Yip, Ric Young, Chua Kah Joo</field>
	<field name="country">United States</field>
	<field name="date_added">January 1, 2019</field>
	<field name="rating">PG</field>
	<field name="duration">119 min</field>
	<field name="listed_in">Action & Adventure, Children & Family Movies, Classic Movies</field>
	<field name="description">Indiana Jones, his young sidekick and a spoiled songbird get more than they bargained for when they go to India in search of a missing magical stone.</field>
</item><item>
	<field name="show_id">896678</field>
	<field name="title">Red Dawn</field>
	<field name="director">John Milius</field>
	<field name="cast">Patrick Swayze, C. Thomas Howell, Lea Thompson, Charlie Sheen, Darren Dalton, Jennifer Grey, Brad Savage, Doug Toby, Ben Johnson, Harry Dean Stanton</field>
	<field name="country">United States</field>
	<field name="date_added">December 31, 2019</field>
	<field name="rating">PG-13</field>
	<field name="duration">114 min</field>
	<field name="listed_in">Action & Adventure, Cult Movies</field>
	<field name="description">A group of teenagers witnesses Soviet and Cuban paratroopers descending on their small Colorado town and systematically setting off World War III.</field>
</item><item>
	<field name="show_id">80997863</field>
	<field name="title">Prince Charming</field>
	<field name="director">Wong Jing</field>
	<field name="cast">Kenny Bee, Cherie Chung, Chan Pak-cheung, Rosamund Kwan, Maggie Cheung</field>
	<field name="country">Hong Kong</field>
	<field name="date_added">August 31, 2018</field>
	<field name="rating">TV-PG</field>
	<field name="duration">93 min</field>
	<field name="listed_in">Comedies, International Movies, Romantic Movies</field>
	<field name="description">Two young buddies seek love in Hawaii, and upon returning home in disappointment, soon entangle themselves in a messy identity swap.</field>
</item><item>
	<field name="show_id">80997862</field>
	<field name="title">Mr. Virgin</field>
	<field name="director">Anthony Chan</field>
	<field name="cast">Olivia Cheng, Alfred Cheung, Hu Chin, Chung Ping Geung, Anglie Leung</field>
	<field name="country">Hong Kong</field>
	<field name="date_added">August 16, 2018</field>
	<field name="rating">TV-14</field>
	<field name="duration">86 min</field>
	<field name="listed_in">Comedies, Dramas, International Movies</field>
	<field name="description">When a young man ignores a feng shui master’s warning and decides to marry before turning 30, a series of mishaps begins to curse his life.</field>
</item><item>
	<field name="show_id">70111922</field>
	<field name="title">Opium and the Kung Fu Master</field>
	<field name="director">Chia Tang</field>
	<field name="cast">Lung Ti, Te-Lo Mai, Leanne Liu, Kuan Tai Chen, Phillip Ko, Kuan-chung Ku, Kwok Kuen Chan, Hoi Sang Lee, Tau Wan Yue, Chia Tang, Shen Chan</field>
	<field name="country">Hong Kong</field>
	<field name="date_added">August 16, 2018</field>
	<field name="rating">TV-MA</field>
	<field name="duration">86 min</field>
	<field name="listed_in">Action & Adventure, International Movies</field>
	<field name="description">Leader of the Ten Kwangtung Tigers, Tieh Chiao-san works with his kung fu students to protect his village from crime. But when an opium dealer starts to ruin the town, Tieh Chiao-san struggles to fight back, thanks to his growing opium addiction.</field>
</item>