<item>
	<field name="show_id">80184358</field>
	<field name="title">Lovesick</field>
	<field name="director">nan</field>
	<field name="cast">Kongyingyong Chonlathorn, Phumphothingam Nawat, Luangsodsai Anupart, Nuchanart Veerakaarn, Chindavanich Primrose, Charnmanoon Pannin, Nungira Hanwutinanon, Ausavaterakul Ausavapat, Sirikiet Saejea, Nontapan Chuenwarin</field>
	<field name="country">nan</field>
	<field name="date_added">September 3, 2018</field>
	<field name="rating">TV-14</field>
	<field name="duration">1 Season</field>
	<field name="listed_in">International TV Shows, Romantic TV Shows, TV Dramas</field>
	<field name="description">Love and academics get complicated at an all-male college that happens to be located next to an all-female high school.</field>
</item><item>
	<field name="show_id">80180449</field>
	<field name="title">Satu Hari</field>
	<field name="director">nan</field>
	<field name="cast">Sara Ali, Remy Ishak, Rita Rudaini, Mirza Salihovic, Hafizul Kamal, Miller Khan</field>
	<field name="country">nan</field>
	<field name="date_added">September 29, 2017</field>
	<field name="rating">TV-14</field>
	<field name="duration">1 Season</field>
	<field name="listed_in">International TV Shows, TV Dramas</field>
	<field name="description">A man haunted by his wife's affair moves to Sarajevo and starts to love again, until fate forces him to choose between his new life and old loyalty.</field>
</item><item>
	<field name="show_id">80189183</field>
	<field name="title">Mobile Suit Gundam UC</field>
	<field name="director">nan</field>
	<field name="cast">Kouki Uchiyama, Ayumi Fujimura, Hiro Shimono, Haruka Tomatsu, Daisuke Namikawa, Megumi Toyoguchi, Yuhko Kaida, Shuichi Ikeda, Tetsuya Kakihara</field>
	<field name="country">Japan</field>
	<field name="date_added">September 20, 2018</field>
	<field name="rating">TV-14</field>
	<field name="duration">1 Season</field>
	<field name="listed_in">Anime Series, International TV Shows</field>
	<field name="description">When Banagher Links meets the mysterious Audrey Burne, he inherits the Unicorn Gundam and is swept up into the battle for space colony independence.</field>
</item><item>
	<field name="show_id">70251519</field>
	<field name="title">America's Book of Secrets</field>
	<field name="director">nan</field>
	<field name="cast">Jonathan Adams</field>
	<field name="country">United States</field>
	<field name="date_added">September 15, 2019</field>
	<field name="rating">TV-14</field>
	<field name="duration">1 Season</field>
	<field name="listed_in">Docuseries</field>
	<field name="description">This engaging documentary series shares the surprising backstories of familiar institutions like the Pentagon, West Point and the Playboy Mansion.</field>
</item><item>
	<field name="show_id">80012550</field>
	<field name="title">The Curse of Oak Island</field>
	<field name="director">nan</field>
	<field name="cast">Robert Clotworthy</field>
	<field name="country">United States</field>
	<field name="date_added">September 15, 2019</field>
	<field name="rating">TV-PG</field>
	<field name="duration">1 Season</field>
	<field name="listed_in">Docuseries</field>
	<field name="description">On an ominous island off of Nova Scotia, two brothers chase historical theories on a quest for enigmatic treasure.</field>
</item><item>
	<field name="show_id">80126566</field>
	<field name="title">Wartime Portraits</field>
	<field name="director">nan</field>
	<field name="cast">nan</field>
	<field name="country">Poland</field>
	<field name="date_added">September 15, 2016</field>
	<field name="rating">TV-MA</field>
	<field name="duration">1 Season</field>
	<field name="listed_in">Docuseries, International TV Shows</field>
	<field name="description">Part live-action and part animation, this visually inventive series offers striking portrayals of some of the unsung heroes of World War II.</field>
</item><item>
	<field name="show_id">80200913</field>
	<field name="title">Tip the Mouse</field>
	<field name="director">nan</field>
	<field name="cast">Alyson Leigh Rosenfeld, Dave Wills, Serra Hirsch, Erica Schroeder, Jason Griffith</field>
	<field name="country">Germany, United States, Italy</field>
	<field name="date_added">September 1, 2017</field>
	<field name="rating">TV-Y</field>
	<field name="duration">1 Season</field>
	<field name="listed_in">Kids' TV</field>
	<field name="description">In his tiny meadow village, curious little mouse Tip enjoys fun and adventure while learning about the world with his furry friends and family.</field>
</item><item>
	<field name="show_id">81025317</field>
	<field name="title">License to Drill: Louisiana</field>
	<field name="director">nan</field>
	<field name="cast">nan</field>
	<field name="country">Canada</field>
	<field name="date_added">October 2, 2019</field>
	<field name="rating">TV-PG</field>
	<field name="duration">1 Season</field>
	<field name="listed_in">Reality TV</field>
	<field name="description">A crew of oil riggers work an off-season job and swap the blistering cold of their native Canada for sunny, Southern comfort in the Big Easy.</field>
</item><item>
	<field name="show_id">80236359</field>
	<field name="title">Monty Python Best Bits (mostly)</field>
	<field name="director">nan</field>
	<field name="cast">Hugh Bonneville, Graham Chapman, John Cleese, Terry Gilliam, Eric Idle, Terry Jones, Michael Palin</field>
	<field name="country">United Kingdom</field>
	<field name="date_added">October 2, 2018</field>
	<field name="rating">TV-14</field>
	<field name="duration">1 Season</field>
	<field name="listed_in">British TV Shows, Docuseries, TV Comedies</field>
	<field name="description">Prominent comedians pay tribute to Monty Python's best work in this five-part series, along with selected clips of sketches.</field>
</item><item>
	<field name="show_id">80176234</field>
	<field name="title">Black Money Love</field>
	<field name="director">Ahmet Katıksız</field>
	<field name="cast">Güler Ökten, Hazal Türesan, İlkin Tüfekçi, Bedia Ener, Erkan Can, Öykü Karayel, Emre Kızılırmak, Bestemsu Özdemir, Engin Akyürek, Burak Tamdoğan, Saygın Soysal, Tuba Büyüküstün, Ali Yörenç, Ahmet Tansu Taşanlar, Elif İnci</field>
	<field name="country">Turkey</field>
	<field name="date_added">October 15, 2019</field>
	<field name="rating">TV-MA</field>
	<field name="duration">1 Season</field>
	<field name="listed_in">Crime TV Shows, International TV Shows, TV Dramas</field>
	<field name="description">After a cop's fiancée and a jewelry designer's father are found dead together, the two bereaved ones face a perilous aftermath of a theft gone wrong.</field>
</item><item>
	<field name="show_id">80119451</field>
	<field name="title">Black Heart</field>
	<field name="director">nan</field>
	<field name="cast">Barış Kılıç, Tuvana Türkay, Serhat Tutumluer, Gülçin Santırcıoğlu, Kenan Bal</field>
	<field name="country">Turkey</field>
	<field name="date_added">October 12, 2018</field>
	<field name="rating">TV-14</field>
	<field name="duration">1 Season</field>
	<field name="listed_in">Crime TV Shows, International TV Shows, TV Dramas</field>
	<field name="description">Blaming a crooked media mogul for the death of his journalist sister, a surgeon enlists the help of a beautiful psychologist to get revenge.</field>
</item><item>
	<field name="show_id">80002999</field>
	<field name="title">The Code</field>
	<field name="director">nan</field>
	<field name="cast">Dan Spielman, Ashley Zukerman, Adele Perovic, Adam Garcia, Chelsie Preston Crayford, Paul Tassone, Dan Wyllie, Lucy Lawless, Aden Young, David Wenham</field>
	<field name="country">Australia</field>
	<field name="date_added">October 1, 2017</field>
	<field name="rating">TV-MA</field>
	<field name="duration">1 Season</field>
	<field name="listed_in">Crime TV Shows, International TV Shows, TV Dramas</field>
	<field name="description">Investigating a deadly car crash, a journalist and his hacker brother stumble into a conspiracy that reaches into the upper echelons of government.</field>
</item><item>
	<field name="show_id">80111650</field>
	<field name="title">Fall in Love with Me</field>
	<field name="director">nan</field>
	<field name="cast">Aaron Yan, Tia Lee, Jack Lee, Katherine Wang, Beatrice Fang, Vince Kao, Chen Bor Jeng</field>
	<field name="country">Taiwan</field>
	<field name="date_added">October 1, 2016</field>
	<field name="rating">TV-14</field>
	<field name="duration">1 Season</field>
	<field name="listed_in">International TV Shows, Romantic TV Shows, TV Comedies</field>
	<field name="description">The head of a struggling ad agency finds herself torn between a hotshot executive and a kind stranger – not realizing they're the same person.</field>
</item><item>
	<field name="show_id">80111554</field>
	<field name="title">Love Cheque Charge</field>
	<field name="director">nan</field>
	<field name="cast">George Hu, Phoebe Yuan, Hsieh Kun Da, Jay Shih, Smile Weng, Jet Chao, Jessie Chang</field>
	<field name="country">Taiwan</field>
	<field name="date_added">October 1, 2016</field>
	<field name="rating">TV-14</field>
	<field name="duration">1 Season</field>
	<field name="listed_in">International TV Shows, Romantic TV Shows, TV Comedies</field>
	<field name="description">Three years after making a wild promise to a woman in distress, a rigid businessman runs into her again and must decide whether to honor his word.</field>
</item><item>
	<field name="show_id">80048100</field>
	<field name="title">Wakfu: The Quest for the Six Eliatrope Dofus</field>
	<field name="director">nan</field>
	<field name="cast">Fanny Bloc, Jules De Jongh, Patrick Béthune, Hugo Chandor, Adeline Chetail, Jessica Bell, Thomas Guitard, Ross Grant, Geneviève Doang</field>
	<field name="country">France</field>
	<field name="date_added">October 1, 2015</field>
	<field name="rating">TV-Y7-FV</field>
	<field name="duration">1 Season</field>
	<field name="listed_in">Kids' TV</field>
	<field name="description">Six years after Yugo and his team defeat Qilby, Ogrest's crying floods Amalia's kingdom. To stop him, they must find the six missing Eliatrope Dofus.</field>
</item><item>
	<field name="show_id">80009361</field>
	<field name="title">The Irregular at Magic High School</field>
	<field name="director">nan</field>
	<field name="cast">Yuichi Nakamura, Saori Hayami, Yumi Uchiyama, Takuma Terashima, Satomi Sato, Atsushi Tamaru, Sora Amamiya, Yuiko Tatsumi, Marina Inoue, Ryohei Kimura, Junichi Suwabe, Kana Hanazawa, Mai Nakahara, Saki Ogasawara, Haruka Tomatsu, Tomokazu Sugita, Yoshitsugu Matsuoka, Ayumu Murase</field>
	<field name="country">Japan</field>
	<field name="date_added">November 15, 2017</field>
	<field name="rating">NR</field>
	<field name="duration">1 Season</field>
	<field name="listed_in">Anime Series, International TV Shows, Teen TV Shows</field>
	<field name="description">Siblings Tatsuya and Miyuki enroll at Magic High School, where Miyuki's honors status comes between her and her underachieving older brother.</field>
</item><item>
	<field name="show_id">80098046</field>
	<field name="title">12 Years Promise</field>
	<field name="director">nan</field>
	<field name="cast">So-yeon Lee, Namkoong Min, Tae-im Lee, So-hui Yoon, Won-keun Lee, Hyo-young Ryu</field>
	<field name="country">South Korea</field>
	<field name="date_added">May 22, 2017</field>
	<field name="rating">TV-14</field>
	<field name="duration">1 Season</field>
	<field name="listed_in">International TV Shows, Korean TV Shows, Romantic TV Shows</field>
	<field name="description">A pregnant teen is forced by her family to leave her boyfriend and assume a new identity in America, but 12 years later, the couple reunites in Korea.</field>
</item><item>
	<field name="show_id">80091781</field>
	<field name="title">Secret Affair</field>
	<field name="director">nan</field>
	<field name="cast">Hee-ae Kim, Ah-in Yoo, Hye-jin Shim, Hyuk-kwon Park, Hye-eun Kim, Soo-jin Kyung, Yong-gun Kim, Chang-wan Kim, Tae-hwan Choi, Kan-hie Lee</field>
	<field name="country">South Korea</field>
	<field name="date_added">May 22, 2017</field>
	<field name="rating">TV-14</field>
	<field name="duration">1 Season</field>
	<field name="listed_in">International TV Shows, Korean TV Shows, Romantic TV Shows</field>
	<field name="description">A married middle-aged woman is swept off her feet, both romantically and artistically, by a gifted young pianist.</field>
</item><item>
	<field name="show_id">80178464</field>
	<field name="title">Monkey Planet</field>
	<field name="director">nan</field>
	<field name="cast">George McGavin</field>
	<field name="country">United Kingdom</field>
	<field name="date_added">March 31, 2017</field>
	<field name="rating">TV-PG</field>
	<field name="duration">1 Season</field>
	<field name="listed_in">British TV Shows, Docuseries, Science & Nature TV</field>
	<field name="description">Join zoologist Dr. George McGavin for a fascinating, up-close look at the habits and behaviors of primates, our closest animal relatives.</field>
</item><item>
	<field name="show_id">80994738</field>
	<field name="title">ThirTEEN Terrors</field>
	<field name="director">nan</field>
	<field name="cast">Thanapatpisal Sananthachat, Panisara Montharat, Sutatta Udomsilp, Teetatch Ratanasritai, Fame Chawin Likitjareonpong, Paladesh Kemisara, Thiti Mahayotaruk, Napat Chokejindachai, Um Apasiri Nitibhon, Skye Nateeton Wongrawee, Narikun Ketprapakorn, Sirinya Tantipongwatana, Chutavuth Pattarakampol, Thanyanan Pipatchaisiri, Sirachuch Chienthaworn, Jirayus Khawbaimai, Gunn Junhavat, Pavadee Komchokpaisan, Nichaphat Chatchaipholrat, Natthida Trichaiya, Kanyawee Songmuang, Claudine Craig, Sarit Trilertvichien, Teeradon Supapunpinyo, Narupornkamol Chaisang, Atthaphan Poonsawas, Oabnithi Wiwattanawarang</field>
	<field name="country">Thailand</field>
	<field name="date_added">March 1, 2019</field>
	<field name="rating">TV-MA</field>
	<field name="duration">1 Season</field>
	<field name="listed_in">International TV Shows, TV Horror, TV Mysteries</field>
	<field name="description">A group of teens searches for the dark truth behind their school's mysterious and brutal history.</field>
</item><item>
	<field name="show_id">80135587</field>
	<field name="title">Islands of the Future</field>
	<field name="director">nan</field>
	<field name="cast">nan</field>
	<field name="country">United Kingdom</field>
	<field name="date_added">March 1, 2017</field>
	<field name="rating">TV-PG</field>
	<field name="duration">1 Season</field>
	<field name="listed_in">Docuseries, International TV Shows, Science & Nature TV</field>
	<field name="description">Amid rising oil and gas prices and dwindling resources, tiny islands off the coast of Europe are rethinking the future of energy.</field>
</item><item>
	<field name="show_id">80041089</field>
	<field name="title">Your lie in April</field>
	<field name="director">nan</field>
	<field name="cast">Natsuki Hanae, Risa Taneda, Ayane Sakura, Ryota Osaka, Saori Hayami, Yuki Kaji</field>
	<field name="country">Japan</field>
	<field name="date_added">March 1, 2016</field>
	<field name="rating">TV-PG</field>
	<field name="duration">1 Season</field>
	<field name="listed_in">Anime Series, International TV Shows, Romantic TV Shows</field>
	<field name="description">After his mother's death, a piano prodigy's will to play disappears. But meeting a free-spirited girl who plays the violin turns his life around.</field>
</item><item>
	<field name="show_id">80005588</field>
	<field name="title">Life Story</field>
	<field name="director">nan</field>
	<field name="cast">David Attenborough</field>
	<field name="country">United Kingdom</field>
	<field name="date_added">June 20, 2016</field>
	<field name="rating">TV-14</field>
	<field name="duration">1 Season</field>
	<field name="listed_in">British TV Shows, Docuseries, Science & Nature TV</field>
	<field name="description">This documentary series follows wild creatures in their native habitats as they navigate the perilous journey from birth to adulthood and beyond.</field>
</item><item>
	<field name="show_id">70305217</field>
	<field name="title">Kill la Kill</field>
	<field name="director">nan</field>
	<field name="cast">Ami Koshimizu, Toshihiko Seki, Ryoka Yuzuki, Aya Suzaki, Shinichiro Miki, Tetsu Inada, Nobuyuki Hiyama, Mayumi Shintani, Hiroyuki Yoshino, Romi Park</field>
	<field name="country">Japan</field>
	<field name="date_added">June 15, 2019</field>
	<field name="rating">TV-MA</field>
	<field name="duration">1 Season</field>
	<field name="listed_in">Anime Series, International TV Shows</field>
	<field name="description">The "woman with the scissor blade" – Ryuko Matoi – searches for clues all around the world for the truth behind her father's death.</field>
</item><item>
	<field name="show_id">80102266</field>
	<field name="title">Dharmakshetra</field>
	<field name="director">nan</field>
	<field name="cast">Kashmira Irani, Chandan Anand, Dinesh Mehta, Ankit Arora, Pushkar Goggiaa, Anjali Rana, Aarya DharmChand Kumar, Amit Behl, Maleeka Ghai</field>
	<field name="country">India</field>
	<field name="date_added">July 5, 2018</field>
	<field name="rating">TV-14</field>
	<field name="duration">1 Season</field>
	<field name="listed_in">International TV Shows, TV Dramas, TV Sci-Fi & Fantasy</field>
	<field name="description">After the ancient Great War, the god Chitragupta oversees a trial to determine who were the battle's true heroes and villains.</field>
</item><item>
	<field name="show_id">80102162</field>
	<field name="title">Raja Rasoi Aur Anya Kahaniyan</field>
	<field name="director">nan</field>
	<field name="cast">nan</field>
	<field name="country">India</field>
	<field name="date_added">July 5, 2018</field>
	<field name="rating">TV-G</field>
	<field name="duration">1 Season</field>
	<field name="listed_in">Docuseries, International TV Shows</field>
	<field name="description">Explore the history and flavors of regional Indian cuisine, from traditional Kashmiri feasts to the vegetarian dishes of Gujarat.</field>
</item><item>
	<field name="show_id">80221943</field>
	<field name="title">Ainsley Eats the Streets</field>
	<field name="director">nan</field>
	<field name="cast">Ainsley Harriott</field>
	<field name="country">United Kingdom</field>
	<field name="date_added">July 12, 2019</field>
	<field name="rating">TV-PG</field>
	<field name="duration">1 Season</field>
	<field name="listed_in">British TV Shows, Docuseries, International TV Shows</field>
	<field name="description">Celebrity chef Ainsley Harriott embarks on a journey around the world to explore the relationship between local street foods and cultural identity.</field>
</item><item>
	<field name="show_id">80156950</field>
	<field name="title">Against the Tide</field>
	<field name="director">nan</field>
	<field name="cast">Christopher Lee, Rui En, Desmond Tan, Zheng Geping, Zhang Zhenhuan, Paige Chua, Xu Bin, Carrie Wong</field>
	<field name="country">Singapore</field>
	<field name="date_added">July 1, 2017</field>
	<field name="rating">TV-14</field>
	<field name="duration">1 Season</field>
	<field name="listed_in">Crime TV Shows, International TV Shows, TV Dramas</field>
	<field name="description">A detective and a psychologist investigating a string of murders form a crime-solving team with the novelist whose work inspired the killings.</field>
</item><item>
	<field name="show_id">80116687</field>
	<field name="title">Momo Salon</field>
	<field name="director">nan</field>
	<field name="cast">Lizzy, Jung-min Park, Sang-hee Lee</field>
	<field name="country">South Korea</field>
	<field name="date_added">July 1, 2017</field>
	<field name="rating">TV-14</field>
	<field name="duration">1 Season</field>
	<field name="listed_in">International TV Shows, Korean TV Shows, Romantic TV Shows</field>
	<field name="description">An aspiring hair stylist opens her own salon. It turns into a mail-holding hub for busy neighbors, but she seizes the chance to promote her business.</field>
</item><item>
	<field name="show_id">80157457</field>
	<field name="title">Mystic Whispers</field>
	<field name="director">nan</field>
	<field name="cast">Romeo Tan, Sheila Sim, Yuan Shuai, Aloysius Pang</field>
	<field name="country">nan</field>
	<field name="date_added">July 1, 2017</field>
	<field name="rating">TV-14</field>
	<field name="duration">1 Season</field>
	<field name="listed_in">International TV Shows, TV Dramas, TV Horror</field>
	<field name="description">After a car accident enables a young woman to hear mysterious sounds, she meets a mortician. Together, they listen to ghosts and try to help them.</field>
</item><item>
	<field name="show_id">80159899</field>
	<field name="title">Spice Up</field>
	<field name="director">nan</field>
	<field name="cast">Jeanette Aw, Patrick Lee, Huang Qi Ming, Sora Ma, Hong Huifang, Xu Bin, Chen Shucheng</field>
	<field name="country">nan</field>
	<field name="date_added">July 1, 2017</field>
	<field name="rating">TV-PG</field>
	<field name="duration">1 Season</field>
	<field name="listed_in">International TV Shows, Romantic TV Shows, TV Dramas</field>
	<field name="description">A spoiled young woman steps in to save her family’s restaurant with her cooking and tasting skills while balancing her complicated love life.</field>
</item><item>
	<field name="show_id">80160125</field>
	<field name="title">World at Your Feet</field>
	<field name="director">nan</field>
	<field name="cast">Ha Yu, Tay Ping Hui, Jeanette Aw, Elvin Ng, Yvonne Lim, Zhang Zhenhuan, Vivian Lai, Ian Fang, Xu Bin</field>
	<field name="country">Singapore</field>
	<field name="date_added">July 1, 2017</field>
	<field name="rating">TV-PG</field>
	<field name="duration">1 Season</field>
	<field name="listed_in">International TV Shows, TV Dramas</field>
	<field name="description">A group of struggling individuals are united by a love of soccer. At the center is Renxin, a reclusive widower and former coach who needs new hope.</field>
</item><item>
	<field name="show_id">80157864</field>
	<field name="title">Yes We Can!</field>
	<field name="director">nan</field>
	<field name="cast">Romeo Tan, Rebecca Lim, Sora Ma, Xu Bin, Chen Liping, Chen Hanwei, Yao Wenlong, Eelyn Kok, Dennis Chew</field>
	<field name="country">nan</field>
	<field name="date_added">July 1, 2017</field>
	<field name="rating">TV-PG</field>
	<field name="duration">1 Season</field>
	<field name="listed_in">International TV Shows, TV Dramas</field>
	<field name="description">When a frustrated businessman starts his own firm, it soon morphs into a way to help senior citizens refresh their dying traditional trades.</field>
</item><item>
	<field name="show_id">80008257</field>
	<field name="title">Power Rangers Super Megaforce</field>
	<field name="director">nan</field>
	<field name="cast">Andrew M. Gray, Ciara Hanna, John Mark Loudermilk, Christina Masterson, Azim Rizk, Geoff Dolan, Shailesh Prajapati, Ian Harcourt, Estevez Gillespie, Jason Hood</field>
	<field name="country">United States</field>
	<field name="date_added">January 1, 2016</field>
	<field name="rating">TV-Y7</field>
	<field name="duration">1 Season</field>
	<field name="listed_in">Kids' TV</field>
	<field name="description">Armed with a key that allows them to morph into any team of Legendary Rangers from the past, the Super Megaforce Rangers fight ruthless Prince Vekar.</field>
</item><item>
	<field name="show_id">80184208</field>
	<field name="title">Timeline</field>
	<field name="director">nan</field>
	<field name="cast">Santiwithi Phrombut, Jamorn Kijsawapak, Orrawan Phuakthaisong</field>
	<field name="country">nan</field>
	<field name="date_added">February 23, 2018</field>
	<field name="rating">TV-14</field>
	<field name="duration">1 Season</field>
	<field name="listed_in">Crime TV Shows, Docuseries, International TV Shows</field>
	<field name="description">Firsthand accounts, re-enactments and computer-generated graphics retell in detail Thailand's biggest news stories from the past.</field>
</item><item>
	<field name="show_id">80013283</field>
	<field name="title">Ken Burns: The Roosevelts: An Intimate History</field>
	<field name="director">Ken Burns</field>
	<field name="cast">nan</field>
	<field name="country">United States</field>
	<field name="date_added">February 22, 2017</field>
	<field name="rating">TV-PG</field>
	<field name="duration">1 Season</field>
	<field name="listed_in">Docuseries</field>
	<field name="description">Award-winning documentarian Burns profiles three members of one of America's premier political families: Theodore, Franklin and Eleanor Roosevelt.</field>
</item><item>
	<field name="show_id">80184154</field>
	<field name="title">Kon Kon Kon</field>
	<field name="director">nan</field>
	<field name="cast">nan</field>
	<field name="country">nan</field>
	<field name="date_added">February 16, 2018</field>
	<field name="rating">TV-PG</field>
	<field name="duration">1 Season</field>
	<field name="listed_in">Docuseries, International TV Shows</field>
	<field name="description">Explore the stories of ordinary people dealing with extraordinary circumstances in this series that focuses on overcoming obstacles and odds.</field>
</item><item>
	<field name="show_id">80174429</field>
	<field name="title">Metallica: Some Kind of Monster</field>
	<field name="director">Joe Berlinger, Bruce Sinofsky</field>
	<field name="cast">James Hetfield, Lars Ulrich, Kirk Hammett, Robert Trujillo</field>
	<field name="country">United States</field>
	<field name="date_added">February 10, 2017</field>
	<field name="rating">TV-MA</field>
	<field name="duration">1 Season</field>
	<field name="listed_in">TV Shows</field>
	<field name="description">This collection includes the acclaimed rock documentary about Metallica, plus a film checking in with the still-thriving group 10 years later.</field>
</item><item>
	<field name="show_id">81063160</field>
	<field name="title">Camp X</field>
	<field name="director">nan</field>
	<field name="cast">nan</field>
	<field name="country">Canada</field>
	<field name="date_added">February 1, 2019</field>
	<field name="rating">TV-MA</field>
	<field name="duration">1 Season</field>
	<field name="listed_in">Docuseries</field>
	<field name="description">Established during World War II, North America's first secret agent training school – known as Camp X – paved the way for present-day espionage.</field>
</item><item>
	<field name="show_id">81059603</field>
	<field name="title">Harold Shipman - Driven to Kill</field>
	<field name="director">nan</field>
	<field name="cast">Harold Shipman</field>
	<field name="country">United Kingdom</field>
	<field name="date_added">February 1, 2019</field>
	<field name="rating">TV-14</field>
	<field name="duration">1 Season</field>
	<field name="listed_in">British TV Shows, Crime TV Shows, Docuseries</field>
	<field name="description">Interviews and dramatic reconstructions illuminate the twisted motivations and brazen crimes of serial killer and respected physician, Harold Shipman.</field>
</item><item>
	<field name="show_id">80005332</field>
	<field name="title">Camelia la Texana</field>
	<field name="director">Carlos Bolado</field>
	<field name="cast">Sara Maldonado, Erik Hayser, Andrés Palacios, Dagoberto Gama, Luis Ernesto Franco, Arcelia Ramírez, Eréndira Ibarra</field>
	<field name="country">Mexico, United States</field>
	<field name="date_added">February 1, 2017</field>
	<field name="rating">TV-14</field>
	<field name="duration">1 Season</field>
	<field name="listed_in">Crime TV Shows, Romantic TV Shows, Spanish-Language TV Shows</field>
	<field name="description">Inspired by the famous song "Contrabando y Traición," Camelia, a beautiful girl from San Antonio, kills her lover and becomes a legendary drug runner.</field>
</item><item>
	<field name="show_id">80037484</field>
	<field name="title">Kurt Seyit & Sura</field>
	<field name="director">nan</field>
	<field name="cast">Kıvanç Tatlıtuğ, Farah Zeynep Abdullah, Fahriye Evcen, Ushan Çakır, Birkan Sokullu</field>
	<field name="country">Turkey</field>
	<field name="date_added">December 26, 2016</field>
	<field name="rating">TV-14</field>
	<field name="duration">1 Season</field>
	<field name="listed_in">International TV Shows, Romantic TV Shows, TV Dramas</field>
	<field name="description">A Turkish lieutenant and the daughter of Russian nobles fight for their love against forces of family and social expectation and historical events.</field>
</item><item>
	<field name="show_id">80042177</field>
	<field name="title">Sammy & Co</field>
	<field name="director">nan</field>
	<field name="cast">nan</field>
	<field name="country">France</field>
	<field name="date_added">December 25, 2015</field>
	<field name="rating">TV-G</field>
	<field name="duration">1 Season</field>
	<field name="listed_in">Kids' TV, TV Comedies</field>
	<field name="description">In an underwater village bordering a tropical island, two young turtles and their pals keep their home safe and enjoy adventures in the big, wild sea.</field>
</item><item>
	<field name="show_id">81026475</field>
	<field name="title">Idiotest</field>
	<field name="director">nan</field>
	<field name="cast">Ben Gleib</field>
	<field name="country">United States</field>
	<field name="date_added">December 15, 2018</field>
	<field name="rating">TV-PG</field>
	<field name="duration">1 Season</field>
	<field name="listed_in">Reality TV, TV Comedies</field>
	<field name="description">Comedian Ben Gleib hosts this game show in which teams of two compete to solve increasingly tough brain teasers. Faster answers mean more money.</field>
</item><item>
	<field name="show_id">80087348</field>
	<field name="title">Sadqay Tumhare</field>
	<field name="director">Ehtesham Uddin</field>
	<field name="cast">Mahira Khan, Samiya Mumtaz, Adnan Malik, Rehan Sheikh, Sanya Shamshad, Qavi Khan</field>
	<field name="country">Pakistan</field>
	<field name="date_added">December 15, 2016</field>
	<field name="rating">TV-PG</field>
	<field name="duration">1 Season</field>
	<field name="listed_in">International TV Shows, Romantic TV Shows, TV Dramas</field>
	<field name="description">An arranged engagement between a village girl and her city cousin shows signs of true love, but an indiscretion decades ago could doom their romance.</field>
</item><item>
	<field name="show_id">80178427</field>
	<field name="title">Bad Guys</field>
	<field name="director">nan</field>
	<field name="cast">Kim Sang-jung, Ma Dong-seok, Park Hae-Jin, Cho Dong-hyuk, Kang Ye-won, Kang Shin-il, Ji-a Min, Hwang Seung-eon</field>
	<field name="country">South Korea</field>
	<field name="date_added">August 8, 2019</field>
	<field name="rating">TV-MA</field>
	<field name="duration">1 Season</field>
	<field name="listed_in">Crime TV Shows, International TV Shows, Korean TV Shows</field>
	<field name="description">Reinstated to eradicate the worst crimes in the city, a detective requests the release of three convicts to enlist their help in catching the felons.</field>
</item><item>
	<field name="show_id">80165295</field>
	<field name="title">Misaeng</field>
	<field name="director">nan</field>
	<field name="cast">Im Si-wan, Kang So-ra, Lee Sung-min, Kang Ha-neul, Byun Yo-han, Kim Dae-myeong, Shin Eun-jung, Park Hae-joon</field>
	<field name="country">South Korea</field>
	<field name="date_added">August 8, 2019</field>
	<field name="rating">TV-14</field>
	<field name="duration">1 Season</field>
	<field name="listed_in">International TV Shows, Korean TV Shows, TV Dramas</field>
	<field name="description">Equipped with nothing more than a GED and strategies for the game of go, an office intern gets thrown into the cold reality of the corporate world.</field>
</item><item>
	<field name="show_id">80165487</field>
	<field name="title">Reply 1994</field>
	<field name="director">Shin Won-ho</field>
	<field name="cast">Go Ara, Jung Woo, Sung Dong-il, Dohee, Son Ho-jun, Kim Sung-kyun, Cha Seon-wu, Yoo Yeon-seok, Lee Il-hwa</field>
	<field name="country">South Korea</field>
	<field name="date_added">August 8, 2019</field>
	<field name="rating">TV-14</field>
	<field name="duration">1 Season</field>
	<field name="listed_in">International TV Shows, Korean TV Shows, Romantic TV Shows</field>
	<field name="description">All hailing from various parts of Korea, a group of college students go from being complete strangers to a big happy family at a Seoul boarding house.</field>
</item><item>
	<field name="show_id">80159897</field>
	<field name="title">Entangled</field>
	<field name="director">nan</field>
	<field name="cast">Thomas Ong, Jack Tan, Margaret Wang, Kate Pang, Huang Qi Ming, Aileen Tan, Rayson Tan, Zhang Shui Fa</field>
	<field name="country">South Korea</field>
	<field name="date_added">August 1, 2017</field>
	<field name="rating">TV-MA</field>
	<field name="duration">1 Season</field>
	<field name="listed_in">International TV Shows, TV Dramas</field>
	<field name="description">When the children of two families become friends, they begin to unravel a horrific crime in the past that already linked their fathers to each other.</field>
</item><item>
	<field name="show_id">80185707</field>
	<field name="title">Everyday Miracles</field>
	<field name="director">nan</field>
	<field name="cast">Mark Miodownik</field>
	<field name="country">United Kingdom</field>
	<field name="date_added">August 1, 2017</field>
	<field name="rating">TV-PG</field>
	<field name="duration">1 Season</field>
	<field name="listed_in">British TV Shows, Docuseries, International TV Shows</field>
	<field name="description">Materials scientist Mark Miodownik takes us into the world of everyday objects that make our lives more comfortable than those of our ancestors.</field>
</item><item>
	<field name="show_id">80166481</field>
	<field name="title">Locust</field>
	<field name="director">nan</field>
	<field name="cast">Pyotr Fyodorov, Paulina Andreeva, Dmitry Shevchenko, Aleksey Gorbunov, Evgeniya Dmitrieva, Maksim Pinsker</field>
	<field name="country">Russia</field>
	<field name="date_added">August 1, 2017</field>
	<field name="rating">TV-MA</field>
	<field name="duration">1 Season</field>
	<field name="listed_in">Crime TV Shows, International TV Shows, Romantic TV Shows</field>
	<field name="description">A torrid affair between a passionate lowborn poet and a wealthy Moscow heiress is engulfed by class difference, criminality and, eventually, murder.</field>
</item><item>
	<field name="show_id">80119381</field>
	<field name="title">Winter Sun</field>
	<field name="director">nan</field>
	<field name="cast">Şükrü Özyıldız, Aslı Enver, Şenay Gürler, Başak Parlak, Mahir Günşiray, Hakan Boyav, Hakan Gerçek, Berrak Kuş, Gamze Süner Atay, Mehmet Esen</field>
	<field name="country">Turkey</field>
	<field name="date_added">August 1, 2017</field>
	<field name="rating">TV-14</field>
	<field name="duration">1 Season</field>
	<field name="listed_in">International TV Shows, TV Dramas, TV Thrillers</field>
	<field name="description">Years after ruthless businessmen kill his father and order the death of his twin brother, a modest fisherman adopts a new persona to exact revenge.</field>
</item><item>
	<field name="show_id">81072852</field>
	<field name="title">Angel 'N' Devil</field>
	<field name="director">nan</field>
	<field name="cast">Simon Lian, Teddy Chen, Sylvia Wang, Cosmos Lin, Ting Liu, Lucia Chen, Allie Ji, Sunnee Yang, Na Wei-hsun</field>
	<field name="country">Taiwan</field>
	<field name="date_added">April 30, 2019</field>
	<field name="rating">TV-14</field>
	<field name="duration">1 Season</field>
	<field name="listed_in">International TV Shows, TV Action & Adventure, TV Comedies</field>
	<field name="description">In a world known as the Copper Dimension, a group of high-school girls fights against dark forces – and their own inner demons.</field>
</item><item>
	<field name="show_id">70283263</field>
	<field name="title">Star-Crossed</field>
	<field name="director">nan</field>
	<field name="cast">Aimee Teegarden, Matt Lanter, Grey Damon, Malese Jow, Greg Finley, Natalie Hall, Titus Makin Jr., Chelsea Gilligan</field>
	<field name="country">United States</field>
	<field name="date_added">April 16, 2015</field>
	<field name="rating">TV-14</field>
	<field name="duration">1 Season</field>
	<field name="listed_in">Romantic TV Shows, TV Dramas, TV Sci-Fi & Fantasy</field>
	<field name="description">The passionate love between an alien boy and a human girl grows more and more dangerous as they face the wrath of their families and communities.</field>
</item><item>
	<field name="show_id">80122235</field>
	<field name="title">Gangs of Hassepur</field>
	<field name="director">nan</field>
	<field name="cast">Ragini Khanna, Mandira Bedi, Tanishaa Mukerji</field>
	<field name="country">India</field>
	<field name="date_added">April 15, 2017</field>
	<field name="rating">TV-PG</field>
	<field name="duration">1 Season</field>
	<field name="listed_in">International TV Shows, Stand-Up Comedy & Talk Shows, TV Comedies</field>
	<field name="description">Training a keen eye on hot-button political topics, this variety show features stand-up comedy, sketches and sarcastic celebrity impersonations.</field>
</item><item>
	<field name="show_id">80121873</field>
	<field name="title">Maharakshak: Aryan</field>
	<field name="director">nan</field>
	<field name="cast">Aakarshan Singh, Vikramjeet Virk, Reena Aggarwal, Khalid Siddiqui, Abigail Jain, Rishabh Jain</field>
	<field name="country">India</field>
	<field name="date_added">April 1, 2017</field>
	<field name="rating">TV-14</field>
	<field name="duration">1 Season</field>
	<field name="listed_in">International TV Shows, TV Action & Adventure, TV Sci-Fi & Fantasy</field>
	<field name="description">Shy nerd Aryan learns soon after his 18th birthday that he has inherited superpowers, which he must use to vanquish a variety of evil threats.</field>
</item><item>
	<field name="show_id">80122190</field>
	<field name="title">Satrangi</field>
	<field name="director">nan</field>
	<field name="cast">Deepali Sahay</field>
	<field name="country">nan</field>
	<field name="date_added">April 1, 2017</field>
	<field name="rating">TV-PG</field>
	<field name="duration">1 Season</field>
	<field name="listed_in">Docuseries, International TV Shows</field>
	<field name="description">Young musicians from 13 states in India demonstrate their cultural heritage by performing regional folk music using traditional instruments.</field>
</item><item>
	<field name="show_id">81013148</field>
	<field name="title">Mini Wolf</field>
	<field name="director">nan</field>
	<field name="cast">nan</field>
	<field name="country">France</field>
	<field name="date_added"> September 16, 2018</field>
	<field name="rating">TV-G</field>
	<field name="duration">2 Seasons</field>
	<field name="listed_in">Kids' TV</field>
	<field name="description">Mini-Wolf and his fun-loving pals friends are always on the look out for a new adventure – even if it includes a little bit of mischief.</field>
</item><item>
	<field name="show_id">70302573</field>
	<field name="title">Sword Art Online</field>
	<field name="director">nan</field>
	<field name="cast">Yoshitsugu Matsuoka, Haruka Tomatsu, Ayana Taketatsu, Kanae Ito, Rina Hidaka, Ayahi Takagaki, Hiroaki Hirata, Hiroki Yasumoto, Saori Hayami, Koichi Yamadera</field>
	<field name="country">Japan</field>
	<field name="date_added"> September 10, 2019</field>
	<field name="rating">TV-14</field>
	<field name="duration">2 Seasons</field>
	<field name="listed_in">Anime Series, International TV Shows</field>
	<field name="description">A video game whiz helps create a new technology that enables players to guide their online avatars with their own bodies – but a dark twist emerges.</field>
</item><item>
	<field name="show_id">80027564</field>
	<field name="title">Sam & Cat</field>
	<field name="director">nan</field>
	<field name="cast">Jennette McCurdy, Ariana Grande, Cameron Ocasio, Brandon Weaver, Zoran Korach, Dre Swain, Maree Cheatham, Eduardo Drummond, Alondra Hidalgo</field>
	<field name="country">United States</field>
	<field name="date_added"> November 5, 2019</field>
	<field name="rating">TV-PG</field>
	<field name="duration">2 Seasons</field>
	<field name="listed_in">Kids' TV, TV Comedies</field>
	<field name="description">To earn cash, roommates Sam and Cat start a baby-sitting service – and quickly discover just what an adventure baby-sitting can be.</field>
</item><item>
	<field name="show_id">70279188</field>
	<field name="title">Julius Jr.</field>
	<field name="director">nan</field>
	<field name="cast">Elizabeth Daily, Julie Lemieux, Athena Karkanis, Benjamin Israel, Stephanie Lynn Robinson</field>
	<field name="country">United States</field>
	<field name="date_added"> November 3, 2015</field>
	<field name="rating">TV-Y</field>
	<field name="duration">2 Seasons</field>
	<field name="listed_in">Kids' TV</field>
	<field name="description">Paul Frank's fun artwork comes to life in this show that follows monkey Julius Jr. and his friends as they explore the world and help each other out.</field>
</item><item>
	<field name="show_id">70221438</field>
	<field name="title">Lilyhammer</field>
	<field name="director">nan</field>
	<field name="cast">Steven Van Zandt, Trond Fausa, Steinar Sagen, Robert Skjærstad, Tommy Karlsen, Fridtjov Såheim, Marian Saastad Ottesen</field>
	<field name="country">Norway, United States</field>
	<field name="date_added"> November 21, 2014</field>
	<field name="rating">TV-MA</field>
	<field name="duration">3 Seasons</field>
	<field name="listed_in">Crime TV Shows, TV Comedies, TV Dramas</field>
	<field name="description">After testifying against the Mafia, ex-gangster Frank Tagliano enters witness protection and asks to be sent to Norway.</field>
</item><item>
	<field name="show_id">80239860</field>
	<field name="title">Love, Chunibyo & Other Delusions!</field>
	<field name="director">nan</field>
	<field name="cast">Jun Fukuyama, Maaya Uchida, Chinatsu Akasaki, Azumi Asakura, Sumire Uesaka, Yuri Amano, Kaori Fukuhara, Mami Shitara, Soichiro Hoshi, Kikuko Inoue, Eri Sendai, Juri Nagatsuma</field>
	<field name="country">Japan</field>
	<field name="date_added"> November 1, 2019</field>
	<field name="rating">TV-PG</field>
	<field name="duration">2 Seasons</field>
	<field name="listed_in">Anime Series, Romantic TV Shows, Teen TV Shows</field>
	<field name="description">High schooler Yuta wants to leave his past as a delusional weirdo behind. But his classmate Rikka has her own delusions, and she's interested in his.</field>
</item><item>
	<field name="show_id">80027373</field>
	<field name="title">Oh No! It's an Alien Invasion</field>
	<field name="director">nan</field>
	<field name="cast">Al Mukadam, Dan Chameroy, Seán Cullen, Stacey DePass, Barbara Mamabolo, Robert Tinkler, Ryan Cooley, Brianna Daguanno</field>
	<field name="country">Canada</field>
	<field name="date_added"> May 31, 2015</field>
	<field name="rating">TV-Y7-FV</field>
	<field name="duration">2 Seasons</field>
	<field name="listed_in">Kids' TV, TV Action & Adventure, TV Sci-Fi & Fantasy</field>
	<field name="description">Nate and his Super Wicked Extreme Emergency Team –  S.W.E.E.T. – take on alien invaders who have captured all the world's grownups.</field>
</item><item>
	<field name="show_id">70171957</field>
	<field name="title">Republic of Doyle</field>
	<field name="director">nan</field>
	<field name="cast">Allan Hawco, Krystin Pellerin, Marthe Bernard, Mark O'Brien, Sean McGinley, Lynda Boyd, Bob Cole, Steve O'Connell, Sean Panting, Rachel Wilson</field>
	<field name="country">Canada</field>
	<field name="date_added"> March 31, 2016</field>
	<field name="rating">TV-14</field>
	<field name="duration">6 Seasons</field>
	<field name="listed_in">Crime TV Shows, TV Comedies, TV Dramas</field>
	<field name="description">A pair of father and son private investigators tries to keep their combustible personal lives in check while tackling an intriguing array of cases.</field>
</item><item>
	<field name="show_id">70136135</field>
	<field name="title">Mad Men</field>
	<field name="director">nan</field>
	<field name="cast">Jon Hamm, Elisabeth Moss, Vincent Kartheiser, January Jones, Christina Hendricks, Aaron Staton, Rich Sommer, John Slattery, Kiernan Shipka, Robert Morse, Michael Gladis, Christopher Stanley, Bryan Batt, Jared Harris, Jessica Paré, Alison Brie, Jay R. Ferguson, Ben Feldman, Mark Moses, Alexa Alemanni, Julie McNiven</field>
	<field name="country">United States</field>
	<field name="date_added"> March 22, 2015</field>
	<field name="rating">TV-14</field>
	<field name="duration">7 Seasons</field>
	<field name="listed_in">TV Dramas</field>
	<field name="description">Set in 1960s New York City, this award-winning series takes a peek inside an ad agency during an era when the cutthroat business had a glamorous lure.</field>
</item><item>
	<field name="show_id">80000139</field>
	<field name="title">Pac-Man and the Ghostly Adventures</field>
	<field name="director">nan</field>
	<field name="cast">Erin Mathews, Sam Vincent, Andrea Libman, Ashleigh Ball, Ian James Corlett, Brian Drummond, Lee Tockar, Matt Hill</field>
	<field name="country">United States, Japan, Canada</field>
	<field name="date_added"> June 20, 2017</field>
	<field name="rating">TV-Y7</field>
	<field name="duration">2 Seasons</field>
	<field name="listed_in">Kids' TV, TV Comedies</field>
	<field name="description">Teenage Pac and his loyal crew face the ups and downs of adolescence while protecting Pac-World from a ghostly army led by the evil Betrayus.</field>
</item><item>
	<field name="show_id">80122239</field>
	<field name="title">Pyaar Tune Kya Kiya</field>
	<field name="director">nan</field>
	<field name="cast">Meiyang Chang, Surbhi Jyoti</field>
	<field name="country">India</field>
	<field name="date_added"> June 1, 2017</field>
	<field name="rating">TV-14</field>
	<field name="duration">3 Seasons</field>
	<field name="listed_in">International TV Shows, Romantic TV Shows, TV Dramas</field>
	<field name="description">From teen lovers defying social and religious taboos to a student falling for her teacher, these stories explore joy and heartache in modern romance.</field>
</item><item>
	<field name="show_id">80205440</field>
	<field name="title">Fix It and Finish It</field>
	<field name="director">nan</field>
	<field name="cast">Antonio Sabato Jr.</field>
	<field name="country">United States</field>
	<field name="date_added"> July 20, 2018</field>
	<field name="rating">TV-G</field>
	<field name="duration">3 Seasons</field>
	<field name="listed_in">Reality TV</field>
	<field name="description">A team of skilled contractors and designers hosted by Antonio Sabato Jr. renovates houses, cabins and even RVs, transforming properties in one day.</field>
</item><item>
	<field name="show_id">80142000</field>
	<field name="title">Tayo the Little Bus</field>
	<field name="director">nan</field>
	<field name="cast">Robyn Slade, Kami Desilets</field>
	<field name="country">South Korea</field>
	<field name="date_added"> July 1, 2019</field>
	<field name="rating">TV-Y</field>
	<field name="duration">2 Seasons</field>
	<field name="listed_in">Kids' TV, Korean TV Shows</field>
	<field name="description">As they learn their routes around the busy city, Tayo and his little bus friends discover new sights and go on exciting adventures every day.</field>
</item><item>
	<field name="show_id">70180293</field>
	<field name="title">The Cat in the Hat Knows a Lot About That!</field>
	<field name="director">Tony Collingwood</field>
	<field name="cast">Martin Short, Alexa Torrington, Jacob Ewaniuk, Robert Tinkler, Tracey Hoyt</field>
	<field name="country">Canada, United Kingdom, United States</field>
	<field name="date_added"> January 15, 2017</field>
	<field name="rating">TV-Y</field>
	<field name="duration">2 Seasons</field>
	<field name="listed_in">Kids' TV</field>
	<field name="description">The Cat in the Hat is back – and this time, he's teaching Sally and her brother, Nick, some awfully nifty things to think about!</field>
</item><item>
	<field name="show_id">80105030</field>
	<field name="title">Bad Education</field>
	<field name="director">nan</field>
	<field name="cast">Jack Whitehall, Mathew Horne, Sarah Solemani, Michelle Gomez, Nikki Runeckles, Kae Alexander, Layton Williams, Ethan Lawrence, Charlie Wernham, Jack Binstead, Jack Bence, Harry Enfield</field>
	<field name="country">United Kingdom</field>
	<field name="date_added"> December 15, 2018</field>
	<field name="rating">TV-MA</field>
	<field name="duration">3 Seasons</field>
	<field name="listed_in">British TV Shows, TV Comedies</field>
	<field name="description">A history teacher at the posh Abbey Grove, Alfie Wickers is something truly special: He's his school's, if not England's, single worst educator.</field>
</item><item>
	<field name="show_id">70196150</field>
	<field name="title">Hart of Dixie</field>
	<field name="director">nan</field>
	<field name="cast">Rachel Bilson, Jaime King, Cress Williams, Wilson Bethel, Scott Porter, Tim Matheson, Kaitlyn Black, Ross Philips</field>
	<field name="country">United States</field>
	<field name="date_added"> December 15, 2015</field>
	<field name="rating">TV-PG</field>
	<field name="duration">4 Seasons</field>
	<field name="listed_in">TV Comedies, TV Dramas</field>
	<field name="description">Fast-talking city girl Zoe Hart winds up patching up the locals of a tiny town in the Deep South when she inherits a medical practice in Alabama.</field>
</item><item>
	<field name="show_id">80989867</field>
	<field name="title">The Apartment</field>
	<field name="director">nan</field>
	<field name="cast">Jamie Durie, Laurence Llewelyn-Bowen</field>
	<field name="country">Singapore</field>
	<field name="date_added"> December 14, 2018</field>
	<field name="rating">TV-PG</field>
	<field name="duration">2 Seasons</field>
	<field name="listed_in">International TV Shows, Reality TV</field>
	<field name="description">With their eyes on the grand prize, amateur designers push their creative limits in this reality competition show hosted by design icon Jamie Durie.</field>
</item><item>
	<field name="show_id">80126599</field>
	<field name="title">Leyla and Mecnun</field>
	<field name="director">Onur Ünlü</field>
	<field name="cast">Ali Atay, Melis Birkan, Serkan Keskin, Ahmet Mümtaz Taylan, Cengiz Bozkurt, Osman Sonant, Köksal Engür, Ege Tanman, İştar Gökseven</field>
	<field name="country">Turkey</field>
	<field name="date_added"> April 15, 2017</field>
	<field name="rating">TV-PG</field>
	<field name="duration">3 Seasons</field>
	<field name="listed_in">International TV Shows, Romantic TV Shows, TV Comedies</field>
	<field name="description">Destiny brings Mecnun and Leyla together as newborns, and again years later. Despite unexpected turns in Mecnun's zany life, Leyla remains a constant.</field>
</item>