<item>
	<field name="show_id">1008581</field>
	<field name="title">Stripes</field>
	<field name="director">Ivan Reitman</field>
	<field name="cast">Bill Murray, Harold Ramis, Warren Oates, P.J. Soles, Sean Young, John Candy, John Larroquette, John Voldstad, John Diehl, Lance LeGault, Judge Reinhold</field>
	<field name="country">United States</field>
	<field name="date_added">September 1, 2019</field>
	<field name="rating">R</field>
	<field name="duration">106 min</field>
	<field name="listed_in">Classic Movies, Comedies, Cult Movies</field>
	<field name="description">After losing everything, an indolent sad sack impulsively joins the U.S. Army and cajoles his best friend into enlisting, too.</field>
</item><item>
	<field name="show_id">80156369</field>
	<field name="title">Winter of Our Dreams</field>
	<field name="director">John Duigan</field>
	<field name="cast">Judy Davis, Bryan Brown, Cathy Downes, Baz Luhrmann, Peter Mochrie, Mervyn Drake, Margie McCrae</field>
	<field name="country">Australia</field>
	<field name="date_added">November 1, 2016</field>
	<field name="rating">NR</field>
	<field name="duration">86 min</field>
	<field name="listed_in">Classic Movies, Dramas</field>
	<field name="description">After the death of a long-ago lover, married philanderer Rob tracks down her friend, a drug-addicted prostitute desperate to escape her dead-end life.</field>
</item><item>
	<field name="show_id">484369</field>
	<field name="title">The Evil Dead</field>
	<field name="director">Sam Raimi</field>
	<field name="cast">Bruce Campbell, Ellen Sandweiss, Richard DeManincor, Betsy Baker, Theresa Tilly, Bill Vincent, Scott Spiegel, Ivan Raimi, David Horton, John Cameron, Ted Raimi</field>
	<field name="country">United States</field>
	<field name="date_added">January 10, 2020</field>
	<field name="rating">TV-MA</field>
	<field name="duration">85 min</field>
	<field name="listed_in">Classic Movies, Cult Movies, Horror Movies</field>
	<field name="description">During a stop at a remote cabin deep within the woods, a group of teens begins turning into flesh-eating zombies in director Sam Raimi's cult classic.</field>
</item><item>
	<field name="show_id">60011649</field>
	<field name="title">Indiana Jones and the Raiders of the Lost Ark</field>
	<field name="director">Steven Spielberg</field>
	<field name="cast">Harrison Ford, Karen Allen, Paul Freeman, Ronald Lacey, John Rhys-Davies, Denholm Elliott, Alfred Molina, Wolf Kahler, Anthony Higgins, Vic Tablian</field>
	<field name="country">United States</field>
	<field name="date_added">January 1, 2019</field>
	<field name="rating">PG</field>
	<field name="duration">116 min</field>
	<field name="listed_in">Action & Adventure, Children & Family Movies, Classic Movies</field>
	<field name="description">When Indiana Jones is hired by the government to locate the legendary Ark of the Covenant, he finds himself up against the entire Nazi regime.</field>
</item><item>
	<field name="show_id">20712279</field>
	<field name="title">Kaalia</field>
	<field name="director">Tinnu Anand</field>
	<field name="cast">Amitabh Bachchan, Asha Parekh, Parveen Babi, Amjad Khan, Pran, K.N. Singh, Sajjan, Murad, Kader Khan, Jagdeep</field>
	<field name="country">India</field>
	<field name="date_added">December 31, 2019</field>
	<field name="rating">TV-14</field>
	<field name="duration">173 min</field>
	<field name="listed_in">Action & Adventure, Dramas, International Movies</field>
	<field name="description">Jailed for robbing his brother’s unscrupulous employer, a simpleton has a transformation while in prison, emerging with a violent mission for revenge.</field>
</item><item>
	<field name="show_id">80997867</field>
	<field name="title">Mahjong Heroes</field>
	<field name="director">Li Pei-Chuan</field>
	<field name="cast">Patrick Tse, Betty Ting Pei, Hua Yueh, Chin Siu Ho, Lau Hak-Suen, Kwan Hoi-san</field>
	<field name="country">Hong Kong</field>
	<field name="date_added">August 16, 2018</field>
	<field name="rating">TV-PG</field>
	<field name="duration">92 min</field>
	<field name="listed_in">Comedies, International Movies</field>
	<field name="description">In this comedy, characters from all walks of life go head-to-head around the mahjong table in a high-stakes contest of different playing styles.</field>
</item>