<item>
	<field name="show_id">80153226</field>
	<field name="title">Ninja Hattori</field>
	<field name="director">nan</field>
	<field name="cast">Junko Hori, Masako Sugaya, Yuko Mita, Kaneta Kimotsuki, Kenichi Ogata, Eiko Yamada, Yuzuru Fujimoto, Yuri Nashiwa, Runa Akiyama, Issei Futamata</field>
	<field name="country">Japan</field>
	<field name="date_added">December 23, 2018</field>
	<field name="rating">TV-Y7</field>
	<field name="duration">1 Season</field>
	<field name="listed_in">Anime Series, Kids' TV</field>
	<field name="description">Elementary school student Kenichi Mitsuba's household gains a surprising new member: Kanzo Hattori, a mischievous but helpful young ninja.</field>
</item>