<item>
	<field name="show_id">81016337</field>
	<field name="title">Gie</field>
	<field name="director">Riri Riza</field>
	<field name="cast">Nicholas Saputra, Sita Nursanti, Lukman Sardi, Indra Birowo, Wulan Guritno, Thomas Nawilis, Tutie Kirana, Robby Tumewu, Jonathan Mulia</field>
	<field name="country">Indonesia</field>
	<field name="date_added">September 15, 2018</field>
	<field name="rating">TV-14</field>
	<field name="duration">141 min</field>
	<field name="listed_in">Dramas, International Movies</field>
	<field name="description">Indonesian activist Soe Hok Gie experiences a political awakening during the tumultuous regimes of Suharto and Sukarno. Inspired by true events.</field>
</item><item>
	<field name="show_id">70039185</field>
	<field name="title">Just Friends</field>
	<field name="director">Roger Kumble</field>
	<field name="cast">Anna Faris, Ty Olsson, Julie Hagerty, Amy Smart, Chris Marquette, Fred Ewanuick, Amy Matysio, Chris Klein, Ryan Reynolds, Stephen Root</field>
	<field name="country">Germany, United States, Canada</field>
	<field name="date_added">September 1, 2019</field>
	<field name="rating">PG-13</field>
	<field name="duration">94 min</field>
	<field name="listed_in">Comedies, Romantic Movies</field>
	<field name="description">Years after high school, a once-portly nice guy comes home for the holidays and reunites with a former crush he still has feelings for.</field>
</item><item>
	<field name="show_id">70024088</field>
	<field name="title">Brick</field>
	<field name="director">Rian Johnson</field>
	<field name="cast">Joseph Gordon-Levitt, Nora Zehetner, Lukas Haas, Noah Fleiss, Matt O'Leary, Emilie de Ravin, Noah Segan, Richard Roundtree, Meagan Good, Brian White</field>
	<field name="country">United States</field>
	<field name="date_added">September 1, 2018</field>
	<field name="rating">R</field>
	<field name="duration">110 min</field>
	<field name="listed_in">Independent Movies, Thrillers</field>
	<field name="description">Teenage loner Brendan Fry navigates his high school's intense social network to discover a killer's identity after his secret crush is murdered.</field>
</item><item>
	<field name="show_id">70101321</field>
	<field name="title">Naruto the Movie 2: Legend of the Stone of Gelel</field>
	<field name="director">Hirotsugu Kawasaki</field>
	<field name="cast">Junko Takeuchi, Showtaro Morikubo, Chie Nakamura, Gaamon Kai, Takako Honda, Akira Ishida, Yasuyuki Kase, Noriaki Sugiyama, Kazuhiko Inoue</field>
	<field name="country">Japan</field>
	<field name="date_added">September 1, 2017</field>
	<field name="rating">NR</field>
	<field name="duration">97 min</field>
	<field name="listed_in">Action & Adventure, Anime Features, International Movies</field>
	<field name="description">While on a mission to return a missing pet, Naruto and two fellow ninjas are ambushed by brutal knights led by the enigmatic Temujin.</field>
</item><item>
	<field name="show_id">70067230</field>
	<field name="title">My Brother ... Nikhil</field>
	<field name="director">Onir</field>
	<field name="cast">Juhi Chawla, Sanjay Suri, Victor Banerjee, Lillete Dubey, Purab Kohli, Dipannita Sharma, Gautam Kapoor</field>
	<field name="country">India</field>
	<field name="date_added">October 30, 2018</field>
	<field name="rating">TV-PG</field>
	<field name="duration">116 min</field>
	<field name="listed_in">Dramas, Independent Movies, International Movies</field>
	<field name="description">After being diagnosed HIV-positive, a champion swimmer is disowned and harassed by all except his loving sister and loyal boyfriend.</field>
</item><item>
	<field name="show_id">70021630</field>
	<field name="title">Sin City</field>
	<field name="director">Robert Rodriguez, Frank Miller</field>
	<field name="cast">Bruce Willis, Mickey Rourke, Jessica Alba, Clive Owen, Rosario Dawson, Benicio Del Toro, Nick Stahl, Elijah Wood, Rutger Hauer, Powers Boothe, Devon Aoki, Alexis Bledel, Josh Hartnett, Jaime King, Brittany Murphy, Michael Clarke Duncan, Michael Madsen</field>
	<field name="country">United States</field>
	<field name="date_added">October 1, 2019</field>
	<field name="rating">R</field>
	<field name="duration">124 min</field>
	<field name="listed_in">Action & Adventure</field>
	<field name="description">In these intertwined tales, an ex-con avenges a hooker's death, a gumshoe gets mixed up with dangerous vixens, and a cop saves a dancer from a rapist.</field>
</item><item>
	<field name="show_id">70020750</field>
	<field name="title">The Squid and the Whale</field>
	<field name="director">Noah Baumbach</field>
	<field name="cast">Jeff Daniels, Laura Linney, Jesse Eisenberg, Owen Kline, William Baldwin, Halley Feiffer, Anna Paquin, Ken Leung, David Benger, Adam Rose</field>
	<field name="country">United States</field>
	<field name="date_added">October 1, 2019</field>
	<field name="rating">R</field>
	<field name="duration">81 min</field>
	<field name="listed_in">Comedies, Dramas, Independent Movies</field>
	<field name="description">This insightful drama looks at the crumbling marriage between a self-centered novelist – whose career is waning – and his up-and-coming writer wife.</field>
</item><item>
	<field name="show_id">70042756</field>
	<field name="title">Main, Meri Patni Aur Woh</field>
	<field name="director">Chandan Arora</field>
	<field name="cast">Rajpal Yadav, Rituparna Sengupta, Kay Kay Menon, Varun Bandola, Vinod Nagpal, Naseeruddin Shah</field>
	<field name="country">India</field>
	<field name="date_added">October 1, 2018</field>
	<field name="rating">TV-14</field>
	<field name="duration">129 min</field>
	<field name="listed_in">Comedies, International Movies, Romantic Movies</field>
	<field name="description">An ordinary-looking guy weds the woman of his dreams, but his jealousy threatens to destroy their union in this lighthearted tale of marital mismatch.</field>
</item><item>
	<field name="show_id">70039175</field>
	<field name="title">V for Vendetta</field>
	<field name="director">James McTeigue</field>
	<field name="cast">Natalie Portman, Hugo Weaving, Stephen Rea, Stephen Fry, John Hurt, Tim Pigott-Smith, Rupert Graves, Roger Allam, Ben Miles, Sinéad Cusack, Natasha Wightman</field>
	<field name="country">United States, United Kingdom, Germany</field>
	<field name="date_added">October 1, 2018</field>
	<field name="rating">R</field>
	<field name="duration">132 min</field>
	<field name="listed_in">Action & Adventure, Dramas, Sci-Fi & Fantasy</field>
	<field name="description">A masked freedom fighter known as "V" takes up arms against a totalitarian government and finds an unlikely ally in a young woman.</field>
</item><item>
	<field name="show_id">70039187</field>
	<field name="title">Yours, Mine and Ours</field>
	<field name="director">Raja Gosnell</field>
	<field name="cast">Dennis Quaid, Rene Russo, Sean Faris, Katija Pevec, Dean Collins, Tyler Patrick Jones, Haley Ramm, Brecken Palmer, Bridger Palmer, Ty Panitz</field>
	<field name="country">United States</field>
	<field name="date_added">November 20, 2019</field>
	<field name="rating">PG</field>
	<field name="duration">88 min</field>
	<field name="listed_in">Children & Family Movies, Comedies</field>
	<field name="description">When a father of eight and a mother of 10 prepare to wed, the couple's children attempt to sabotage the union in this remake of a 1968 comedy.</field>
</item><item>
	<field name="show_id">70040076</field>
	<field name="title">Lucky: No Time for Love</field>
	<field name="director">Radhika Rao, Vinay Sapru</field>
	<field name="cast">Salman Khan, Sneha Ullal, Mithun Chakraborty, Kader Khan, Navni Parihar, Ravi Baswani, Vikram Gokhale, Mumait Khan</field>
	<field name="country">India</field>
	<field name="date_added">November 15, 2017</field>
	<field name="rating">TV-14</field>
	<field name="duration">131 min</field>
	<field name="listed_in">Dramas, International Movies, Romantic Movies</field>
	<field name="description">During an uprising in Russia's St. Petersburg, teen girl Lucky meets handsome Aditya, the Indian ambassador's son, and together they flee the chaos.</field>
</item><item>
	<field name="show_id">70048968</field>
	<field name="title">Getting Played</field>
	<field name="director">David Silberg</field>
	<field name="cast">Carmen Electra, Stacey Dash, Vivica A. Fox, Bill Bellamy, Kathy Najimy, Joe Torry, Dorian Gregory, Mindy Sterling, Joseph C. Phillips, Larry B. Scott, Michael Jai White, Sheryl Underwood, Earthquake</field>
	<field name="country">United States</field>
	<field name="date_added">November 1, 2019</field>
	<field name="rating">PG-13</field>
	<field name="duration">85 min</field>
	<field name="listed_in">Comedies, Romantic Movies</field>
	<field name="description">Tired of dealing with boyfriends who wrong them, gal pals Lauren, Emily and Andrea decide to turn the tables and become the players themselves.</field>
</item><item>
	<field name="show_id">70039241</field>
	<field name="title">Harlem Globetrotters: The Team That Changed the World</field>
	<field name="director">nan</field>
	<field name="cast">Chuck D., Harlem Globetrotters</field>
	<field name="country">nan</field>
	<field name="date_added">November 1, 2019</field>
	<field name="rating">TV-14</field>
	<field name="duration">55 min</field>
	<field name="listed_in">Documentaries, Sports Movies</field>
	<field name="description">Relive the greatest moments of the Harlem Globetrotters with this documentary that chronicles the team's legendary 1948 defeat over the Minneapolis Lakers and their historic 1951 Berlin trip.</field>
</item><item>
	<field name="show_id">70020947</field>
	<field name="title">King's Ransom</field>
	<field name="director">Jeffrey W. Byrd</field>
	<field name="cast">Anthony Anderson, Jay Mohr, Kellita Smith, Nicole Ari Parker, Regina Hall, Loretta Devine, Donald Faison, Leila Arcieri, Charlie Murphy, Brooke D'Orsay</field>
	<field name="country">United States, Canada</field>
	<field name="date_added">November 1, 2019</field>
	<field name="rating">PG-13</field>
	<field name="duration">98 min</field>
	<field name="listed_in">Action & Adventure, Comedies</field>
	<field name="description">A wealthy, despicable businessman comes to the realization that he may lose half his fortune to the obnoxious wife he's trying to divorce. So, he decides to arrange his own kidnapping in order to wipe himself out and claim poverty.</field>
</item><item>
	<field name="show_id">60033312</field>
	<field name="title">The Great Raid</field>
	<field name="director">John Dahl</field>
	<field name="cast">Benjamin Bratt, James Franco, Connie Nielsen, Marton Csokas, Joseph Fiennes, Motoki Kobayashi, Robert Mammone, Natalie Mendoza, Cesar Montano, James Carpinello, Mark Consuelos, Sam Worthington, Craig McLachlan, Max Martini, Clayne Crawford</field>
	<field name="country">United States, Australia</field>
	<field name="date_added">November 1, 2019</field>
	<field name="rating">R</field>
	<field name="duration">133 min</field>
	<field name="listed_in">Action & Adventure, Dramas</field>
	<field name="description">In World War II, a battalion goes on a daring rescue mission to liberate the Americans and Filipinos who've been captured by the Japanese.</field>
</item><item>
	<field name="show_id">70035357</field>
	<field name="title">Kyaa Kool Hai Hum</field>
	<field name="director">Sangeeth Sivan</field>
	<field name="cast">Tusshar Kapoor, Riteish Deshmukh, Isha Koppikar, Neha Dhupia, Anupam Kher, Jay Sean</field>
	<field name="country">India</field>
	<field name="date_added">May 15, 2019</field>
	<field name="rating">TV-14</field>
	<field name="duration">165 min</field>
	<field name="listed_in">Comedies, International Movies, Music & Musicals</field>
	<field name="description">Longtime friends Rahul and Karan head to Mumbai intent on making their dreams come true, but both men are suddenly saddled with bad luck.</field>
</item><item>
	<field name="show_id">70028197</field>
	<field name="title">Chicken Little</field>
	<field name="director">Mark Dindal</field>
	<field name="cast">Zach Braff, Joan Cusack, Patrick Stewart, Steve Zahn, Catherine O'Hara, Harry Shearer, Adam West, Don Knotts, Amy Sedaris, Garry Marshall, Patrick Warburton, Fred Willard, Wallace Shawn</field>
	<field name="country">United States</field>
	<field name="date_added">March 16, 2016</field>
	<field name="rating">G</field>
	<field name="duration">82 min</field>
	<field name="listed_in">Children & Family Movies, Comedies</field>
	<field name="description">No one believes Chicken Little when he tries to warn of an alien invasion – so it's up to him and his misfit friends to save the world!</field>
</item><item>
	<field name="show_id">70024098</field>
	<field name="title">Junebug</field>
	<field name="director">Phil Morrison</field>
	<field name="cast">Amy Adams, Embeth Davidtz, Ben McKenzie, Alessandro Nivola, Frank Hoyt Taylor, Celia Weston, Scott Wilson, Jill Wagner, Victoria Jackson, Chuck Russell, Jerry Minor, Matt Besser</field>
	<field name="country">United States</field>
	<field name="date_added">March 1, 2019</field>
	<field name="rating">R</field>
	<field name="duration">107 min</field>
	<field name="listed_in">Comedies, Dramas, Independent Movies</field>
	<field name="description">When a big-city art dealer travels to North Carolina to meet her new husband's small-town family, their trip gives rise to a multitude of problems.</field>
</item><item>
	<field name="show_id">70025303</field>
	<field name="title">Insan</field>
	<field name="director">K. Subhash</field>
	<field name="cast">Akshay Kumar, Ajay Devgn, Tusshar Kapoor, Esha Deol, Lara Dutta, Laila, Rahul Dev, Koena Mitra, Archana Puran Singh, Sharat Saxena</field>
	<field name="country">India</field>
	<field name="date_added">March 1, 2018</field>
	<field name="rating">TV-14</field>
	<field name="duration">141 min</field>
	<field name="listed_in">Action & Adventure, Dramas, International Movies</field>
	<field name="description">A grieving policeman and a rickshaw driver are brought together by a dark, tragic secret that will change their lives forever.</field>
</item><item>
	<field name="show_id">80223230</field>
	<field name="title">No Entry</field>
	<field name="director">Anees Bazmee</field>
	<field name="cast">Anil Kapoor, Salman Khan, Fardeen Khan, Bipasha Basu, Lara Dutta, Esha Deol, Celina Jaitly, Boman Irani</field>
	<field name="country">India</field>
	<field name="date_added">March 1, 2018</field>
	<field name="rating">TV-PG</field>
	<field name="duration">161 min</field>
	<field name="listed_in">Comedies, International Movies</field>
	<field name="description">After a prank goes sideways, three buddies find their relationships  – with women and each other – tested in unexpected ways.</field>
</item><item>
	<field name="show_id">70026432</field>
	<field name="title">Tarzan 2</field>
	<field name="director">Brian Smith</field>
	<field name="cast">Harrison Chad, George Carlin, Brad Garrett, Ron Perlman, Estelle Harris, Glenn Close, Lance Henriksen, Brenda Grate, Harrison Fahn</field>
	<field name="country">United States</field>
	<field name="date_added">June 23, 2017</field>
	<field name="rating">G</field>
	<field name="duration">72 min</field>
	<field name="listed_in">Children & Family Movies</field>
	<field name="description">How did the King of the Jungle ascend to the throne? Find out in this charming prequel to the hit animated movie that catches Tarzan as a young child.</field>
</item><item>
	<field name="show_id">70038131</field>
	<field name="title">Good Night, and Good Luck</field>
	<field name="director">George Clooney</field>
	<field name="cast">David Strathairn, Patricia Clarkson, George Clooney, Jeff Daniels, Robert Downey Jr., Frank Langella, Ray Wise, Robert John Burke, Tate Donovan, Alex Borstein, Matt Ross, Grant Heslov</field>
	<field name="country">United States, France, United Kingdom, Japan</field>
	<field name="date_added">June 2, 2019</field>
	<field name="rating">PG</field>
	<field name="duration">93 min</field>
	<field name="listed_in">Dramas</field>
	<field name="description">Veteran television newsman Edward R. Murrow faces off against Sen. Joseph McCarthy and his crusade to quell the threat of communism in America.</field>
</item><item>
	<field name="show_id">81018141</field>
	<field name="title">Da Kath & Kim Code</field>
	<field name="director">Ted Emery</field>
	<field name="cast">Jane Turner, Gina Riley, Glenn Robbins, Peter Rowsthorn, Magda Szubanski</field>
	<field name="country">Australia</field>
	<field name="date_added">July 28, 2018</field>
	<field name="rating">TV-14</field>
	<field name="duration">82 min</field>
	<field name="listed_in">Movies</field>
	<field name="description">Kath and Kel's union is tested by Michael Bublé, daughter Kim tries pole dancing, pal Sharon finds love online, and a stalker lurks amid Yuletide cheer.</field>
</item><item>
	<field name="show_id">80999989</field>
	<field name="title">The Holy Man</field>
	<field name="director">Note Chern-Yim</field>
	<field name="cast">Pongsak Pongsuwan, Note Chern-Yim, Sarawut Phumthong, Savika Chaiyadej, Somlek Sakdikul, Petchtai Wongkamlao</field>
	<field name="country">Thailand</field>
	<field name="date_added">July 25, 2018</field>
	<field name="rating">TV-14</field>
	<field name="duration">92 min</field>
	<field name="listed_in">Comedies, Faith & Spirituality, International Movies</field>
	<field name="description">Formerly a troubled youth, a monk is given charge of a Buddhist temple neglected by superstitious villagers under the spell of a fake psychic.</field>
</item><item>
	<field name="show_id">70034607</field>
	<field name="title">Bewafaa</field>
	<field name="director">Dharmesh Darshan</field>
	<field name="cast">Anil Kapoor, Akshay Kumar, Kareena Kapoor, Sushmita Sen, Shamita Shetty, Manoj Bajpayee, Kabir Bedi, Nafisa Ali, Supriya Pathak, Raj Premi, Supriya Karnik</field>
	<field name="country">India</field>
	<field name="date_added">July 21, 2019</field>
	<field name="rating">TV-PG</field>
	<field name="duration">149 min</field>
	<field name="listed_in">Dramas, International Movies, Romantic Movies</field>
	<field name="description">A young woman faces pressure to marry her brother-in-law, after her sister dies while giving birth. But she's secretly in love with someone else.</field>
</item><item>
	<field name="show_id">70021661</field>
	<field name="title">The Brothers Grimm</field>
	<field name="director">Terry Gilliam</field>
	<field name="cast">Matt Damon, Heath Ledger, Monica Bellucci, Lena Headey, Peter Stormare, Jonathan Pryce, Roger Ashton-Griffiths, Richard Ridings, Mackenzie Crook, Julian Bleach, Tomás Hanák, Laura Greenwood</field>
	<field name="country">United States, Czech Republic, United Kingdom</field>
	<field name="date_added">July 1, 2019</field>
	<field name="rating">PG-13</field>
	<field name="duration">119 min</field>
	<field name="listed_in">Action & Adventure, Sci-Fi & Fantasy</field>
	<field name="description">Brothers Jake and Will Grimm travel from village to village, posing as exterminators of magical creatures. But in reality, they're expert con artists.</field>
</item><item>
	<field name="show_id">70034610</field>
	<field name="title">Socha Na Tha</field>
	<field name="director">Imtiaz Ali</field>
	<field name="cast">Abhay Deol, Ayesha Takia, Apoorva Jha, Ayesha Jhulka, Rati Agnihotri, Sandhya Mridul, Suresh Oberoi, Manish Chaudhary</field>
	<field name="country">India</field>
	<field name="date_added">July 1, 2018</field>
	<field name="rating">TV-PG</field>
	<field name="duration">137 min</field>
	<field name="listed_in">Comedies, International Movies, Romantic Movies</field>
	<field name="description">An arranged marriage becomes a friendship for Viren and Aditi, who aren't in love – until they begin having unexpected feelings for each other.</field>
</item><item>
	<field name="show_id">70021648</field>
	<field name="title">Charlie and the Chocolate Factory</field>
	<field name="director">Tim Burton</field>
	<field name="cast">Johnny Depp, Freddie Highmore, David Kelly, Helena Bonham Carter, Noah Taylor, Missi Pyle, James Fox, Deep Roy, Christopher Lee, Adam Godley, AnnaSophia Robb, Julia Winter, Jordan Fry, Philip Wiegratz</field>
	<field name="country">United Kingdom, United States</field>
	<field name="date_added">January 1, 2020</field>
	<field name="rating">PG</field>
	<field name="duration">115 min</field>
	<field name="listed_in">Children & Family Movies, Comedies</field>
	<field name="description">The eccentric Willy Wonka opens the doors of his candy factory to five lucky kids who learn the secrets behind his amazing confections.</field>
</item><item>
	<field name="show_id">70019004</field>
	<field name="title">Coach Carter</field>
	<field name="director">Thomas Carter</field>
	<field name="cast">Samuel L. Jackson, Rob Brown, Robert Ri'chard, Rick Gonzalez, Nana Gbewonyo, Antwon Tanner, Channing Tatum, Ashanti, Texas Battle, Denise Dowse, Debbi Morgan</field>
	<field name="country">United States, Germany</field>
	<field name="date_added">January 1, 2020</field>
	<field name="rating">PG-13</field>
	<field name="duration">137 min</field>
	<field name="listed_in">Dramas, Sports Movies</field>
	<field name="description">Controversial basketball coach Ken Carter puts school before sports and benches his undefeated high school team for poor academic performance.</field>
</item><item>
	<field name="show_id">70019506</field>
	<field name="title">Hitch</field>
	<field name="director">Andy Tennant</field>
	<field name="cast">Will Smith, Eva Mendes, Kevin James, Amber Valletta, Julie Ann Emery, Adam Arkin, Robinne Lee, Nathan Lee Graham, Michael Rapaport, Jeffrey Donovan</field>
	<field name="country">United States</field>
	<field name="date_added">January 1, 2020</field>
	<field name="rating">PG-13</field>
	<field name="duration">118 min</field>
	<field name="listed_in">Comedies, Romantic Movies</field>
	<field name="description">Smooth and sexy Hitch helps clients make a great first impression on a date, but he's thrown when a lovely reporter starts nosing around his business.</field>
</item><item>
	<field name="show_id">70021634</field>
	<field name="title">Monster-in-Law</field>
	<field name="director">Robert Luketic</field>
	<field name="cast">Jennifer Lopez, Jane Fonda, Michael Vartan, Wanda Sykes, Adam Scott, Monet Mazur, Annie Parisse, Will Arnett, Elaine Stritch, Stephen Dunham</field>
	<field name="country">United States, Germany</field>
	<field name="date_added">January 1, 2020</field>
	<field name="rating">PG-13</field>
	<field name="duration">101 min</field>
	<field name="listed_in">Comedies, Romantic Movies</field>
	<field name="description">An office temp thinks she's found Mr. Right when she starts dating a handsome surgeon. But there's a problem standing in the way of everlasting bliss.</field>
</item><item>
	<field name="show_id">70021631</field>
	<field name="title">The Amityville Horror</field>
	<field name="director">Andrew Douglas</field>
	<field name="cast">Ryan Reynolds, Melissa George, Chloë Grace Moretz, Jesse James, Jimmy Bennett, Rachel Nichols, Philip Baker Hall, Isabel Conner, Brendan Donaldson, Annabel Armour</field>
	<field name="country">United States</field>
	<field name="date_added">January 1, 2020</field>
	<field name="rating">R</field>
	<field name="duration">89 min</field>
	<field name="listed_in">Horror Movies</field>
	<field name="description">This hair-raising remake of the 1979 horror hit depicts the ordeal of the Lutz family, whose new home has a gory past and a legacy of demons.</field>
</item><item>
	<field name="show_id">70021652</field>
	<field name="title">The Dukes of Hazzard</field>
	<field name="director">Jay Chandrasekhar</field>
	<field name="cast">Johnny Knoxville, Seann William Scott, Jessica Simpson, Burt Reynolds, M.C. Gainey, David Koechner, Kevin Heffernan, James Roday, Michael Roof, Joe Don Baker</field>
	<field name="country">United States</field>
	<field name="date_added">January 1, 2020</field>
	<field name="rating">PG-13</field>
	<field name="duration">104 min</field>
	<field name="listed_in">Action & Adventure, Comedies</field>
	<field name="description">The Duke boys are back in this comedy based on the TV series, following Bo and Luke as they tear around Hazzard County in their trusty Dodge Charger.</field>
</item><item>
	<field name="show_id">70023960</field>
	<field name="title">XXX: State of the Union</field>
	<field name="director">Lee Tamahori</field>
	<field name="cast">Ice Cube, Samuel L. Jackson, Willem Dafoe, Scott Speedman, Peter Strauss, Xzibit, Michael Roof, Sunny Mabrey, Nona Gaye, John Gleeson Connolly</field>
	<field name="country">United States</field>
	<field name="date_added">January 1, 2019</field>
	<field name="rating">PG-13</field>
	<field name="duration">101 min</field>
	<field name="listed_in">Action & Adventure</field>
	<field name="description">In this action-packed follow-up to XXX, U.S. intelligence officer Augustus Gibbons must thwart a massive conspiracy to overthrow the government.</field>
</item><item>
	<field name="show_id">80201810</field>
	<field name="title">Kay Dyache Bola</field>
	<field name="director">Chandrakant Kulkarni</field>
	<field name="cast">Makarand Anaspure, Akshay Pendse, Umesh Kamat, Sharvari Jamenis, Sachin Khedekar, Arun Nalawade, Mohan Agashe, Nirmiti Sawant, Sanjay Mone, Amita Khopkar, Pushkar Shrotri, Ganesh Yadav</field>
	<field name="country">India</field>
	<field name="date_added">January 1, 2018</field>
	<field name="rating">TV-14</field>
	<field name="duration">133 min</field>
	<field name="listed_in">Comedies, Dramas, International Movies</field>
	<field name="description">Wrongfully accused of murder, two students' last hope lies with their defense attorney, an inexperienced bumbler who's never even tried a case.</field>
</item><item>
	<field name="show_id">70121660</field>
	<field name="title">Sarivar Sari</field>
	<field name="director">Gajendra Ahire</field>
	<field name="cast">Madhura Velankar, Mohan Joshi, Nina Kulkarni, Manasi Salvi, Milind Gunaji, Shreyas Talpade, Bharat Jadhav</field>
	<field name="country">India</field>
	<field name="date_added">February 15, 2018</field>
	<field name="rating">TV-14</field>
	<field name="duration">126 min</field>
	<field name="listed_in">Dramas, International Movies</field>
	<field name="description">Raised in working-class Mumbai, Manisha has an independent spirit that angers her father, who favors Manisha's medical student sister, Mini. Things reach a breaking point when Manisha's father beats her for accepting a modeling contract.</field>
</item><item>
	<field name="show_id">70045919</field>
	<field name="title">Æon Flux</field>
	<field name="director">Karyn Kusama</field>
	<field name="cast">Charlize Theron, Marton Csokas, Jonny Lee Miller, Sophie Okonedo, Frances McDormand, Pete Postlethwaite, Amelia Warner, Caroline Chikezie, Nikolai Kinski, Paterson Joseph, Yangzom Brauen</field>
	<field name="country">United States</field>
	<field name="date_added">February 1, 2018</field>
	<field name="rating">PG-13</field>
	<field name="duration">93 min</field>
	<field name="listed_in">Action & Adventure, Sci-Fi & Fantasy</field>
	<field name="description">Aiming to hasten an uprising, the leader of an underground rebellion dispatches acrobatic assassin Aeon Flux to eliminate the government's top leader.</field>
</item><item>
	<field name="show_id">70040912</field>
	<field name="title">Maine Pyaar Kyun Kiya</field>
	<field name="director">David Dhawan</field>
	<field name="cast">Salman Khan, Sushmita Sen, Sohail Khan, Katrina Kaif, Arshad Warsi, Isha Koppikar, Rajpal Yadav, Beena Kak</field>
	<field name="country">India</field>
	<field name="date_added">December 31, 2019</field>
	<field name="rating">TV-14</field>
	<field name="duration">137 min</field>
	<field name="listed_in">Comedies, International Movies, Music & Musicals</field>
	<field name="description">After lying to his girlfriend, orthopedic surgeon Samir must conjure up a pretend wife in this musical comedy.</field>
</item><item>
	<field name="show_id">81213887</field>
	<field name="title">Ramji Londonwaley</field>
	<field name="director">Sanjay Dayma</field>
	<field name="cast">Madhavan, Samita Bangargi, Harsh Chhaya, Rajendranath Zutshi, Shikha Shalu Varma, Satish Shah, Akhilendra Mishra</field>
	<field name="country">India</field>
	<field name="date_added">December 31, 2019</field>
	<field name="rating">TV-14</field>
	<field name="duration">154 min</field>
	<field name="listed_in">Comedies, Dramas, International Movies</field>
	<field name="description">A small-town cook moves to London to earn a living, but from his employer’s sudden death to the immigration officials on his trail, plans soon go sour.</field>
</item><item>
	<field name="show_id">70023451</field>
	<field name="title">Hustle & Flow</field>
	<field name="director">Craig Brewer</field>
	<field name="cast">Terrence Howard, Anthony Anderson, Taryn Manning, Taraji P. Henson, DJ Qualls, Ludacris, Paula Jai Parker, Elise Neal, Isaac Hayes</field>
	<field name="country">United States</field>
	<field name="date_added">December 1, 2019</field>
	<field name="rating">R</field>
	<field name="duration">117 min</field>
	<field name="listed_in">Dramas, Independent Movies, Music & Musicals</field>
	<field name="description">A pimp with aspirations of grandeur wants to make it as a rapper but discovers that fame isn't all it's cracked up to be in this indie drama.</field>
</item><item>
	<field name="show_id">70021640</field>
	<field name="title">The Adventures of Sharkboy and Lavagirl</field>
	<field name="director">Robert Rodriguez</field>
	<field name="cast">Taylor Lautner, Taylor Dooley, Cayden Boyd, George Lopez, David Arquette, Kristin Davis, Jacob Davich, Sasha Pieterse, Rico Torres</field>
	<field name="country">United States</field>
	<field name="date_added">December 1, 2019</field>
	<field name="rating">PG</field>
	<field name="duration">93 min</field>
	<field name="listed_in">Children & Family Movies</field>
	<field name="description">A 10-year-old dreamer's imaginary friends – mighty Sharkboy and fire-producing Lavagirl – come to life to seek his help battling a nefarious baddie.</field>
</item><item>
	<field name="show_id">70075775</field>
	<field name="title">The Blue Umbrella</field>
	<field name="director">Vishal Bhardwaj</field>
	<field name="cast">Pankaj Kapur, Shreya Sharma, Dolly Ahluwalia, Deepak Dobriyal, Rahul Kumar, Paramjit Singh Kakran, Piu Dutt, Samrat Mukherjee</field>
	<field name="country">India</field>
	<field name="date_added">August 2, 2018</field>
	<field name="rating">TV-PG</field>
	<field name="duration">90 min</field>
	<field name="listed_in">Children & Family Movies, Dramas, Independent Movies</field>
	<field name="description">A charming allegory based on a novella by Ruskin Bond, this visually stunning film from India explores themes of greed, loneliness, longing and loss.</field>
</item><item>
	<field name="show_id">80115844</field>
	<field name="title">John & Jane</field>
	<field name="director">Ashim Ahluwalia</field>
	<field name="cast">nan</field>
	<field name="country">India</field>
	<field name="date_added">August 15, 2016</field>
	<field name="rating">TV-14</field>
	<field name="duration">79 min</field>
	<field name="listed_in">Documentaries, International Movies</field>
	<field name="description">Truth and fiction blend in this quasi-documentary about six exhausted workers at a Mumbai call center servicing U.S. customers.</field>
</item><item>
	<field name="show_id">70044256</field>
	<field name="title">Jim Gaffigan: Beyond the Pale</field>
	<field name="director">Michael Drumm</field>
	<field name="cast">Jim Gaffigan</field>
	<field name="country">United States</field>
	<field name="date_added">August 11, 2016</field>
	<field name="rating">TV-14</field>
	<field name="duration">72 min</field>
	<field name="listed_in">Stand-Up Comedy</field>
	<field name="description">Comedian Jim Gaffigan cuts loose on a variety of topics, including Hot Pockets, holidays, Catholicism and his favorite activity: doing nothing.</field>
</item><item>
	<field name="show_id">70039168</field>
	<field name="title">Rumor Has It</field>
	<field name="director">Rob Reiner</field>
	<field name="cast">Jennifer Aniston, Kevin Costner, Shirley MacLaine, Mark Ruffalo, Richard Jenkins, Christopher McDonald, Steve Sandvoss, Mena Suvari, Mike Vogel</field>
	<field name="country">United States, Germany, Australia</field>
	<field name="date_added">August 1, 2019</field>
	<field name="rating">PG-13</field>
	<field name="duration">97 min</field>
	<field name="listed_in">Comedies, Romantic Movies</field>
	<field name="description">When Sarah travels to California for her sister's wedding, she hears a rumor that her family was the real-life inspiration for "The Graduate."</field>
</item><item>
	<field name="show_id">70043379</field>
	<field name="title">Initial D</field>
	<field name="director">Andrew Lau Wai-Keung, Alan Mak</field>
	<field name="cast">Jay Chou, Anne Suzuki, Edison Chen, Anthony Wong Chau-Sang, Shawn Yue, Chapman To, Jordan Chan, Kenny Bee</field>
	<field name="country">China, Hong Kong</field>
	<field name="date_added">August 1, 2018</field>
	<field name="rating">TV-14</field>
	<field name="duration">109 min</field>
	<field name="listed_in">Action & Adventure, International Movies</field>
	<field name="description">By day, an 18-year-old delivers tofu for his father, a retired race car driver; but by night, it's the teen's turn to take the wheel.</field>
</item><item>
	<field name="show_id">80038443</field>
	<field name="title">Organize Isler</field>
	<field name="director">Yılmaz Erdoğan</field>
	<field name="cast">Yılmaz Erdoğan, Tolga Çevik, Demet Akbağ, Altan Erkekli, Özgü Namal, Erdal Tosun, Tuncer Salman, Öner Erkan, Ebru Akel, Basak Köklükaya, Cem Yılmaz</field>
	<field name="country">Turkey</field>
	<field name="date_added">April 4, 2018</field>
	<field name="rating">TV-14</field>
	<field name="duration">104 min</field>
	<field name="listed_in">Action & Adventure, Comedies, International Movies</field>
	<field name="description">A gang leader recruits a suicidal Superman impersonator, while a woman driving a hot car linked to the gang plots revenge against them and their hero.</field>
</item><item>
	<field name="show_id">80231066</field>
	<field name="title">Babam ve Oğlum</field>
	<field name="director">Çagan Irmak</field>
	<field name="cast">Çetin Tekindor, Fikret Kuşkan, Hümeyra, Ege Tanman, Şerif Sezer, Yetkin Dikinciler, Binnur Kaya, Mahmut Gökgöz, Nergis Çorakçi, Bilge Sen</field>
	<field name="country">Turkey</field>
	<field name="date_added">April 30, 2018</field>
	<field name="rating">TV-14</field>
	<field name="duration">112 min</field>
	<field name="listed_in">Dramas, International Movies</field>
	<field name="description">Following Turkey's bloody coup of 1980, a widowed reporter returns to his Aegean hometown, bringing his son and a last wish for his estranged father.</field>
</item><item>
	<field name="show_id">70043149</field>
	<field name="title">Ek Khiladi Ek Haseena</field>
	<field name="director">Suparn Verma</field>
	<field name="cast">Koena Mitra, Fardeen Khan, Kay Kay Menon, Mumait Khan, Rakhi Sawant, Feroz Khan, Zabyn Khan, Rohit Roy, Gulshan Grover, Amin Hajee</field>
	<field name="country">India</field>
	<field name="date_added">April 15, 2019</field>
	<field name="rating">TV-MA</field>
	<field name="duration">141 min</field>
	<field name="listed_in">International Movies, Music & Musicals, Thrillers</field>
	<field name="description">Indebted to a gangster, a grifter assembles a band of fellow swindlers to attempt his biggest scam yet, but it's soon clear that no one can be trusted.</field>
</item><item>
	<field name="show_id">70027133</field>
	<field name="title">Shabd</field>
	<field name="director">Leena Yadav</field>
	<field name="cast">Sanjay Dutt, Aishwarya Rai Bachchan, Zayed Khan, Brijendra Kala, Sadiya Siddiqui, Kamini Khanna</field>
	<field name="country">India</field>
	<field name="date_added">April 15, 2019</field>
	<field name="rating">TV-14</field>
	<field name="duration">146 min</field>
	<field name="listed_in">Dramas, International Movies, Romantic Movies</field>
	<field name="description">When a novelist seeks inspiration by urging his wife to have an affair, the line between his story and his real life grows disconcertingly blurry.</field>
</item><item>
	<field name="show_id">70039405</field>
	<field name="title">Paheli</field>
	<field name="director">Amol Palekar</field>
	<field name="cast">Shah Rukh Khan, Rani Mukerji, Anupam Kher, Dilip Prabhavalkar, Amitabh Bachchan, Juhi Chawla, Nina Kulkarni, Rajpal Yadav</field>
	<field name="country">India</field>
	<field name="date_added">April 1, 2018</field>
	<field name="rating">TV-PG</field>
	<field name="duration">134 min</field>
	<field name="listed_in">Dramas, International Movies, Romantic Movies</field>
	<field name="description">Traditional Indian folklore comes alive in this charming film based on a story by Statwart Vijaydan Detha.</field>
</item>