<item>
	<field name="show_id">80237311</field>
	<field name="title">Monty Python's Personal Best</field>
	<field name="director">nan</field>
	<field name="cast">John Cleese, Terry Gilliam, Terry Jones, Graham Chapman, Michael Palin, Eric Idle</field>
	<field name="country">United States</field>
	<field name="date_added">October 2, 2018</field>
	<field name="rating">TV-MA</field>
	<field name="duration">1 Season</field>
	<field name="listed_in">British TV Shows, TV Comedies</field>
	<field name="description">Original members of the iconic Monty Python comedy troupe pick their all-time favorite sketches from their groundbreaking television series.</field>
</item><item>
	<field name="show_id">70213076</field>
	<field name="title">Power Rangers S.P.D.</field>
	<field name="director">nan</field>
	<field name="cast">Brandon Jay McLaren, Chris Violette, Matt Austin, Monica May, Alycia Purrott, John Tui, Rene Naufahu, Michelle Langstone, Barnie Duncan, Kelson Henderson, Jim McLarty, Olivia James-Baird, Josephine Davison, Derek Judge, James Gaylyn</field>
	<field name="country">United States, New Zealand</field>
	<field name="date_added">January 1, 2016</field>
	<field name="rating">TV-Y7-FV</field>
	<field name="duration">1 Season</field>
	<field name="listed_in">Kids' TV</field>
	<field name="description">When the Troobian Empire attacks Earth, the B-Squad Power Rangers Space Patrol Delta morphs into action to squash the alien threat and save the world.</field>
</item><item>
	<field name="show_id">80106150</field>
	<field name="title">Cocaine</field>
	<field name="director">nan</field>
	<field name="cast">nan</field>
	<field name="country">United Kingdom</field>
	<field name="date_added">August 1, 2016</field>
	<field name="rating">TV-14</field>
	<field name="duration">1 Season</field>
	<field name="listed_in">British TV Shows, Crime TV Shows, Docuseries</field>
	<field name="description">Three films chronicle the cocaine trade's sweeping impact on the citizens of Peru, Brazil and Colombia, from poor farmers to powerful drug lords.</field>
</item><item>
	<field name="show_id">80108846</field>
	<field name="title">The Prince Who Turns into a Frog</field>
	<field name="director">nan</field>
	<field name="cast">Joe Chen, Ming Dao, Sam Wang, Joyce Chao, Gino, Su Li-hsin, Wang Chuan, Ehlo Huang</field>
	<field name="country">Taiwan</field>
	<field name="date_added">August 1, 2016</field>
	<field name="rating">TV-14</field>
	<field name="duration">1 Season</field>
	<field name="listed_in">International TV Shows, Romantic TV Shows, TV Comedies</field>
	<field name="description">Before his wedding, a cold CEO is hit by a car and awakens a changed man. As he and the driver fall in love, more changes appear on the road ahead.</field>
</item><item>
	<field name="show_id">81072829</field>
	<field name="title">KO One</field>
	<field name="director">nan</field>
	<field name="cast">Aaron Yan, Jiro Wang, Calvin Ka-Sing Chen, Danson Tang, Tsai Yi-chen, Alien Huang</field>
	<field name="country">Taiwan</field>
	<field name="date_added">April 19, 2019</field>
	<field name="rating">TV-MA</field>
	<field name="duration">1 Season</field>
	<field name="listed_in">International TV Shows, TV Action & Adventure, TV Comedies</field>
	<field name="description">Gifted with special powers, fighting skills and slick hair, the rowdy KO One navigates tough friendships and high school romance.</field>
</item><item>
	<field name="show_id">80123567</field>
	<field name="title">Burned Cocoon</field>
	<field name="director">nan</field>
	<field name="cast">Yavuz Bingöl, Basak Köklükaya, Çolpan Ilhan, Mustafa Alabora, Sedef Avcı, Ayça İnci, Tuncer Necmioğlu, Serdar Özer</field>
	<field name="country">Turkey</field>
	<field name="date_added">April 1, 2017</field>
	<field name="rating">TV-14</field>
	<field name="duration">1 Season</field>
	<field name="listed_in">International TV Shows, TV Dramas</field>
	<field name="description">A secret marriage unites two families – one wealthy and traditional, the other bankrupt and modern – and is threatened by the resulting conflicts.</field>
</item><item>
	<field name="show_id">70259784</field>
	<field name="title">DreamWorks Happy Holidays from Madagascar</field>
	<field name="director">nan</field>
	<field name="cast">Tom McGrath, Chris Miller, Christopher Knights, John DiMaggio, Ben Stiller, Chris Rock, David Schwimmer, Jada Pinkett Smith, Cedric the Entertainer, Andy Richter, Carl Reiner</field>
	<field name="country">United States</field>
	<field name="date_added">April 1, 2013</field>
	<field name="rating">TV-PG</field>
	<field name="duration">1 Season</field>
	<field name="listed_in">Kids' TV, TV Comedies</field>
	<field name="description">Madagascar goes wild with holiday spirit in this set of Valentine's Day and Christmas-themed tales featuring everyone's favorite animal characters.</field>
</item><item>
	<field name="show_id">70155629</field>
	<field name="title">Charmed</field>
	<field name="director">nan</field>
	<field name="cast">Holly Marie Combs, Alyssa Milano, Brian Krause, Rose McGowan, Shannen Doherty, Dorian Gregory</field>
	<field name="country">United States</field>
	<field name="date_added"> October 1, 2017</field>
	<field name="rating">TV-PG</field>
	<field name="duration">8 Seasons</field>
	<field name="listed_in">Romantic TV Shows, TV Comedies, TV Dramas</field>
	<field name="description">After a trio of sisters discover an ancient text in their mansion attic, revealing they possess latent supernatural powers, mischief and drama ensue.</field>
</item><item>
	<field name="show_id">70155610</field>
	<field name="title">That '70s Show</field>
	<field name="director">nan</field>
	<field name="cast">Topher Grace, Mila Kunis, Ashton Kutcher, Danny Masterson, Laura Prepon, Wilmer Valderrama, Debra Jo Rupp, Kurtwood Smith, Don Stark, Tanya Roberts, Tommy Chong, Lisa Robin Kelly</field>
	<field name="country">United States</field>
	<field name="date_added"> November 1, 2017</field>
	<field name="rating">TV-14</field>
	<field name="duration">8 Seasons</field>
	<field name="listed_in">TV Comedies</field>
	<field name="description">Feel groovy in 1970s suburbia, where a teen and his pals hang in the basement, listening to rock and indulging other hazy benefits of '70s culture.</field>
</item><item>
	<field name="show_id">70177034</field>
	<field name="title">Yu-Gi-Oh!</field>
	<field name="director">nan</field>
	<field name="cast">Dan Green, Eric Stuart, Amy Birnbaum, Darren Dunstan, Wayne Grayson, Tara Sands, Lisa Ortiz, Megan Hollingshead, Madeleine Blaustein, Sam Riegel, Ted Lewis, Gregory Abbey, Jimmy Zoppi</field>
	<field name="country">Japan</field>
	<field name="date_added"> March 31, 2018</field>
	<field name="rating">TV-Y7</field>
	<field name="duration">5 Seasons</field>
	<field name="listed_in">Anime Series, Kids' TV</field>
	<field name="description">The lives of young Yugi Moto and his friends Joey, Tristan, and Téa are forever changed when a fantasy card game becomes their reality.</field>
</item><item>
	<field name="show_id">70157152</field>
	<field name="title">The West Wing</field>
	<field name="director">nan</field>
	<field name="cast">Martin Sheen, Rob Lowe, Allison Janney, John Spencer, Bradley Whitford, Janel Moloney, Richard Schiff, Dulé Hill, NiCole Robinson, Melissa Fitzgerald, Joshua Malina, Stockard Channing, Kim Webster, Kris Murphy, Timothy Davis-Reed</field>
	<field name="country">United States</field>
	<field name="date_added"> December 25, 2015</field>
	<field name="rating">TV-14</field>
	<field name="duration">7 Seasons</field>
	<field name="listed_in">TV Dramas</field>
	<field name="description">This powerful political epic chronicles the triumphs and travails of White House senior staff under the administration of President Josiah Bartlet.</field>
</item><item>
	<field name="show_id">70308794</field>
	<field name="title">What's New Scooby-Doo?</field>
	<field name="director">nan</field>
	<field name="cast">Frank Welker, Casey Kasem, Mindy Cohn, Grey DeLisle</field>
	<field name="country">United States</field>
	<field name="date_added"> December 15, 2019</field>
	<field name="rating">TV-Y7</field>
	<field name="duration">3 Seasons</field>
	<field name="listed_in">Kids' TV, TV Comedies</field>
	<field name="description">Scooby-Doo and the gang enter the 21st century with this updated edition of the original series with more ghoulish mysteries to solve.</field>
</item>