<item>
	<field name="show_id">80997866</field>
	<field name="title">The Bund</field>
	<field name="director">nan</field>
	<field name="cast">Chow Yun Fat</field>
	<field name="country">Hong Kong</field>
	<field name="date_added">September 20, 2018</field>
	<field name="rating">TV-14</field>
	<field name="duration">103 min</field>
	<field name="listed_in">Action & Adventure, Dramas, International Movies</field>
	<field name="description">After losing everything, a young man rebuilds his life and finds love in 1920s Shanghai – all while rising to power in an organized crime syndicate.</field>
</item><item>
	<field name="show_id">80156941</field>
	<field name="title">Ek Jaan Hain Hum</field>
	<field name="director">Rajiv Mehra</field>
	<field name="cast">Rajiv Kapoor, Divya Rana, Shammi Kapoor, Tanuja, Kiran Vairale, Rakesh Bedi, Gulshan Grover, Monty Sharma</field>
	<field name="country">India</field>
	<field name="date_added">September 1, 2017</field>
	<field name="rating">TV-14</field>
	<field name="duration">151 min</field>
	<field name="listed_in">Dramas, International Movies, Music & Musicals</field>
	<field name="description">While trying to win over his beloved’s parents, a young man is accused of arson, and his father soon realizes insanity may be his only defense.</field>
</item><item>
	<field name="show_id">81168341</field>
	<field name="title">Weather forecast</field>
	<field name="director">Antoni Krauze</field>
	<field name="cast">Halina Buyno-Łoza, Zofia Cegiełkowa, Barbara Chojecka, Eugenia Horecka, Zygmunt Zintel, Henryka Janikowska, Lena Wilczyńska, Jerzy Block</field>
	<field name="country">Poland</field>
	<field name="date_added">October 1, 2019</field>
	<field name="rating">TV-MA</field>
	<field name="duration">91 min</field>
	<field name="listed_in">Dramas, International Movies</field>
	<field name="description">When a delivery of coffins foreshadows a harsh winter, residents of a retirement home escape their confines and rediscover the world outside.</field>
</item><item>
	<field name="show_id">81217437</field>
	<field name="title">Mandi</field>
	<field name="director">Shyam Benegal</field>
	<field name="cast">Shabana Azmi, Smita Patil, Naseeruddin Shah, Amrish Puri, Kulbhushan Kharbanda, Saeed Jaffrey, Om Puri, Sreela Mazumdar, Neena Gupta</field>
	<field name="country">India</field>
	<field name="date_added">January 1, 2020</field>
	<field name="rating">TV-MA</field>
	<field name="duration">155 min</field>
	<field name="listed_in">Dramas, Independent Movies, International Movies</field>
	<field name="description">Forbidden love, fraying loyalties and flagrant hypocrisy emerge when sanctimonious politicians drive a madam’s brothel from the heart of Hyderabad.</field>
</item><item>
	<field name="show_id">81213979</field>
	<field name="title">Masoom</field>
	<field name="director">Shekhar Kapur</field>
	<field name="cast">Shabana Azmi, Naseeruddin Shah, Saeed Jaffrey, Jugal Hansraj, Urmila Matondkar, Aradhana Srivastav, Tanuja, Supriya Pathak</field>
	<field name="country">India</field>
	<field name="date_added">December 31, 2019</field>
	<field name="rating">TV-14</field>
	<field name="duration">138 min</field>
	<field name="listed_in">Dramas, Independent Movies, International Movies</field>
	<field name="description">A loving husband and father's joyful family life is rocked to its core upon the discovery that he has a young son borne from a past extramarital affair.</field>
</item><item>
	<field name="show_id">70072558</field>
	<field name="title">Sadma</field>
	<field name="director">Balu Mahendra</field>
	<field name="cast">Kamal Hassan, Sridevi, Silk Smitha, Gulshan Grover, Paintal, Arvind Deshpande</field>
	<field name="country">India</field>
	<field name="date_added">December 31, 2019</field>
	<field name="rating">TV-14</field>
	<field name="duration">137 min</field>
	<field name="listed_in">Dramas, International Movies, Romantic Movies</field>
	<field name="description">After a traumatic injury leaves her with amnesia and age regression, a young woman is sold to a brothel before a teacher becomes her savior.</field>
</item><item>
	<field name="show_id">80997865</field>
	<field name="title">On the Wrong Track</field>
	<field name="director">Clarence Yiu-leung Fok</field>
	<field name="cast">Andy Lau, Yim Chau-wah, Wai Yee Chan, Prudence Liew, Poon Wang Ban, Hua Yueh, Wong Kung-miu</field>
	<field name="country">Hong Kong</field>
	<field name="date_added">August 2, 2018</field>
	<field name="rating">TV-14</field>
	<field name="duration">89 min</field>
	<field name="listed_in">Action & Adventure, International Movies</field>
	<field name="description">Two rebellious, hot-headed teenage brothers get caught up in gang life, which has dangerous repercussions for their family and friends.</field>
</item><item>
	<field name="show_id">80997864</field>
	<field name="title">Little Dragon Maiden</field>
	<field name="director">Hua Shan</field>
	<field name="cast">Leslie Cheung, Jing-Jing Yung, Chen Kuan-tai, Leanne Liu, Tanny Tien Ni</field>
	<field name="country">Hong Kong</field>
	<field name="date_added">August 1, 2018</field>
	<field name="rating">TV-14</field>
	<field name="duration">92 min</field>
	<field name="listed_in">Action & Adventure, International Movies, Romantic Movies</field>
	<field name="description">Seeking to improve his combat skills, a young man falls in love with a woman with mystical powers, but his past stands in the way of their union.</field>
</item><item>
	<field name="show_id">70059700</field>
	<field name="title">Eddie Murphy: Delirious</field>
	<field name="director">Bruce Gowers</field>
	<field name="cast">Eddie Murphy</field>
	<field name="country">United States</field>
	<field name="date_added">April 15, 2018</field>
	<field name="rating">NR</field>
	<field name="duration">69 min</field>
	<field name="listed_in">Stand-Up Comedy</field>
	<field name="description">Flashing the wild stand-up comedy that made him a household name, Eddie Murphy unleashes uncensored observations and parodies in this 1983 live show.</field>
</item>