<item>
	<field name="show_id">80182480</field>
	<field name="title">Krish Trish and Baltiboy</field>
	<field name="director">nan</field>
	<field name="cast">Damandeep Singh Baggan, Smita Malhotra, Baba Sehgal</field>
	<field name="country">nan</field>
	<field name="date_added">September 8, 2017</field>
	<field name="rating">TV-Y7</field>
	<field name="duration">58 min</field>
	<field name="listed_in">Children & Family Movies</field>
	<field name="description">A team of minstrels, including a monkey, cat and donkey, narrate folktales from the Indian regions of Rajasthan, Kerala and Punjab.</field>
</item><item>
	<field name="show_id">81016044</field>
	<field name="title">Bangkok Traffic (Love) Story</field>
	<field name="director">Adisorn Tresirikasem</field>
	<field name="cast">Theeradej Wongpuapan, Sirin Horwang, Ungsumalynn Sirapatsakmetha, Panissara Phimpru, Taksaorn Paksukcharern, Charlie Trairat, Kazuki Yano</field>
	<field name="country">Thailand</field>
	<field name="date_added">September 5, 2018</field>
	<field name="rating">TV-14</field>
	<field name="duration">126 min</field>
	<field name="listed_in">Comedies, International Movies, Romantic Movies</field>
	<field name="description">After an encounter with an engineer working the night shift for the city train, a 30-year-old woman struggles against all odds to pursue true love.</field>
</item><item>
	<field name="show_id">70142798</field>
	<field name="title">Phobia 2</field>
	<field name="director">Banjong Pisanthanakun, Paween Purikitpanya, Songyos Sugmakanan, Parkpoom Wongpoom, Visute Poolvoralaks</field>
	<field name="cast">Jirayu La-ongmanee, Charlie Trairat, Worrawech Danuwong, Marsha Wattanapanich, Nicole Theriault, Chumphorn Thepphithak, Gacha Plienwithi, Suteerush Channukool, Peeratchai Roompol, Nattapong Chartpong</field>
	<field name="country">Thailand</field>
	<field name="date_added">September 5, 2018</field>
	<field name="rating">TV-MA</field>
	<field name="duration">125 min</field>
	<field name="listed_in">Horror Movies, International Movies</field>
	<field name="description">From disfiguring punishments to festering souls, Thai horror masters present five supernatural tales of karma in this sequel to the 4bia anthology.</field>
</item><item>
	<field name="show_id">81080769</field>
	<field name="title">Do Paise Ki Dhoop Chaar Aane Ki Baarish</field>
	<field name="director">Deepti Naval</field>
	<field name="cast">Manisha Koirala, Rajit Kapoor, Sanaj Naval, Rajendra Gupta, Suhaas Khandke, Nassar Abdulla, Saurabh Dubey, Usha Jadhav, Ashwin Kaushal, Milind Soman</field>
	<field name="country">India</field>
	<field name="date_added">September 22, 2019</field>
	<field name="rating">TV-14</field>
	<field name="duration">121 min</field>
	<field name="listed_in">Dramas, Independent Movies, International Movies</field>
	<field name="description">When a sex worker hires a gay songwriter to care for her disabled son, the ensuing bonds that form offer a complex portrayal of love and family.</field>
</item><item>
	<field name="show_id">70118953</field>
	<field name="title">Océans</field>
	<field name="director">Jacques Perrin, Jacques Cluzaud</field>
	<field name="cast">Pierce Brosnan, Jacques Perrin, Rie Miyazawa, Lancelot Perrin</field>
	<field name="country">France, Switzerland, Spain, United States, United Arab Emirates</field>
	<field name="date_added">September 19, 2019</field>
	<field name="rating">G</field>
	<field name="duration">84 min</field>
	<field name="listed_in">Documentaries, International Movies</field>
	<field name="description">This documentary examines the vital role water plays in human existence and the cause-and-effect interplay between oceans and the environment.</field>
</item><item>
	<field name="show_id">70113003</field>
	<field name="title">My Sister's Keeper</field>
	<field name="director">Nick Cassavetes</field>
	<field name="cast">Cameron Diaz, Abigail Breslin, Alec Baldwin, Jason Patric, Sofia Vassilieva, Joan Cusack, Heather Wahlquist, Thomas Dekker, Evan Ellingson, David Thornton</field>
	<field name="country">United States</field>
	<field name="date_added">September 1, 2019</field>
	<field name="rating">PG-13</field>
	<field name="duration">109 min</field>
	<field name="listed_in">Dramas</field>
	<field name="description">A former defense attorney finds herself back in court when she and her husband are sued for medical emancipation by their 11-year-old daughter.</field>
</item><item>
	<field name="show_id">70112730</field>
	<field name="title">The Taking of Pelham 123</field>
	<field name="director">Tony Scott</field>
	<field name="cast">Denzel Washington, John Travolta, Luis Guzmán, Victor Gojcaj, Robert Vataj, John Turturro, Michael Rispoli, Ramon Rodriguez, James Gandolfini, John Benjamin Hickey, Alex Kaluzhsky, Gbenga Akinnagbe</field>
	<field name="country">United States, United Kingdom</field>
	<field name="date_added">September 1, 2019</field>
	<field name="rating">R</field>
	<field name="duration">106 min</field>
	<field name="listed_in">Action & Adventure</field>
	<field name="description">When a group of hijackers takes passengers aboard a subway train hostage and demand a ransom, it's up to dispatcher Walter Garber to bring them down.</field>
</item><item>
	<field name="show_id">80045673</field>
	<field name="title">Naruto Shippûden the Movie: The Will of Fire</field>
	<field name="director">Masahiko Murata</field>
	<field name="cast">Junko Takeuchi, Kazuhiko Inoue, Chie Nakamura, Satoshi Hino, Showtaro Morikubo, Kentarô Itô, Ryoka Yuzuki, Kosuke Toriumi, Nana Mizuki, Shinji Kawada, Yoichi Masukawa, Koichi Tochika, Yukari Tamura</field>
	<field name="country">Japan</field>
	<field name="date_added">September 1, 2017</field>
	<field name="rating">TV-14</field>
	<field name="duration">96 min</field>
	<field name="listed_in">Action & Adventure, Anime Features, International Movies</field>
	<field name="description">When four out of five ninja villages are destroyed, the leader of the one spared tries to find the true culprit and protect his land.</field>
</item><item>
	<field name="show_id">81016328</field>
	<field name="title">Garuda Di Dadaku</field>
	<field name="director">Ifa Isfansyah</field>
	<field name="cast">Emir Mahira, Maudy Koesnaedi, Ikranagara, Aldo Tansani, Marsha Aruan, Ari Sihasale</field>
	<field name="country">Indonesia</field>
	<field name="date_added">October 9, 2018</field>
	<field name="rating">TV-PG</field>
	<field name="duration">96 min</field>
	<field name="listed_in">Children & Family Movies, Dramas, Sports Movies</field>
	<field name="description">A determined boy will do anything to become a great soccer player, despite the wishes of his grandfather.</field>
</item><item>
	<field name="show_id">81016330</field>
	<field name="title">The Dreamer</field>
	<field name="director">Riri Riza</field>
	<field name="cast">Vikri Septiawan, Rendy Ahmad, Azwir Fitrianto, Maudy Ayunda</field>
	<field name="country">Indonesia</field>
	<field name="date_added">October 4, 2018</field>
	<field name="rating">TV-PG</field>
	<field name="duration">121 min</field>
	<field name="listed_in">Dramas, International Movies</field>
	<field name="description">A trio of friends struggles to make it through adolescence, all while hoping that bigger and better things await them.</field>
</item><item>
	<field name="show_id">70095135</field>
	<field name="title">Knowing</field>
	<field name="director">Alex Proyas</field>
	<field name="cast">Nicolas Cage, Chandler Canterbury, Rose Byrne, Lara Robinson, D.G. Maloney, Nadia Townsend, Alan Hopgood, Adrienne Pickering</field>
	<field name="country">United States, United Kingdom, Australia</field>
	<field name="date_added">October 1, 2019</field>
	<field name="rating">PG-13</field>
	<field name="duration">121 min</field>
	<field name="listed_in">Sci-Fi & Fantasy, Thrillers</field>
	<field name="description">An MIT astrophysics professor and his son unearth a string of numbers from a time capsule that seem to reveal a cataclysm that will wipe out humanity.</field>
</item><item>
	<field name="show_id">81165772</field>
	<field name="title">The Figurine (Araromire)</field>
	<field name="director">Kunle Afolayan</field>
	<field name="cast">Ramsey Nouah, Omoni Oboli, Kunle Afolayan, Funlola Aofiyebi, Tosin Sido, David J. Oserwe, Kate Adepegba, Muraina Oyelami, Wale Adebayo, Ombo Gogo Ombo</field>
	<field name="country">Nigeria</field>
	<field name="date_added">October 1, 2019</field>
	<field name="rating">TV-14</field>
	<field name="duration">121 min</field>
	<field name="listed_in">Horror Movies, International Movies, Thrillers</field>
	<field name="description">When a pair of friends discovers a mystical sculpture in an abandoned shrine, good fortune is bestowed upon them – until luck starts running out.</field>
</item><item>
	<field name="show_id">70105596</field>
	<field name="title">The Time Traveler's Wife</field>
	<field name="director">Robert Schwentke</field>
	<field name="cast">Rachel McAdams, Eric Bana, Arliss Howard, Ron Livingston, Stephen Tobolowsky, Michelle Nolden, Jane McLean, Hailey McCann, Tatum McCann, Brooklynn Proulx, Alex Ferris</field>
	<field name="country">United States</field>
	<field name="date_added">October 1, 2019</field>
	<field name="rating">PG-13</field>
	<field name="duration">107 min</field>
	<field name="listed_in">Dramas, Romantic Movies, Sci-Fi & Fantasy</field>
	<field name="description">Due to a genetic disorder, handsome librarian Henry involuntarily zips through time, appearing at various moments in the life of his true love.</field>
</item><item>
	<field name="show_id">70123116</field>
	<field name="title">Agyaat</field>
	<field name="director">Ram Gopal Varma</field>
	<field name="cast">Adesh Bhardwaj, Rasika Dugal, Joy Fernandes, Ravi Kale, Ishtiyak Khan, Priyanka Kothari, Kali Prasad Mukherjee, Nitin Reddy, Gautam Rode, Howard Rosemeyer</field>
	<field name="country">India</field>
	<field name="date_added">October 1, 2018</field>
	<field name="rating">TV-MA</field>
	<field name="duration">97 min</field>
	<field name="listed_in">Horror Movies, International Movies</field>
	<field name="description">A film crew shooting in a remote forested location begins losing members one by one to a mysterious entity that they cannot see or hear.</field>
</item><item>
	<field name="show_id">70112494</field>
	<field name="title">Brooklyn's Finest</field>
	<field name="director">Antoine Fuqua</field>
	<field name="cast">Richard Gere, Don Cheadle, Ethan Hawke, Wesley Snipes, Will Patton, Lili Taylor, Michael Kenneth Williams, Brían F. O'Byrne, Shannon Kane, Ellen Barkin, Vincent D'Onofrio, Logan Marshall-Green</field>
	<field name="country">United States</field>
	<field name="date_added">October 1, 2018</field>
	<field name="rating">R</field>
	<field name="duration">133 min</field>
	<field name="listed_in">Dramas, Thrillers</field>
	<field name="description">Three cops find themselves hurtling toward the same crime scene on one fatal night in this tense, edge-of your-seat thriller.</field>
</item><item>
	<field name="show_id">70113306</field>
	<field name="title">Delhi 6</field>
	<field name="director">Rakeysh Omprakash Mehra</field>
	<field name="cast">Abhishek Bachchan, Sonam Kapoor, Waheeda Rehman, Om Puri, Prem Chopra, Atul Kulkarni, Pavan Malhotra, Divya Dutta, Deepak Dobriyal, Sheeba Chaddha</field>
	<field name="country">India</field>
	<field name="date_added">October 1, 2018</field>
	<field name="rating">TV-14</field>
	<field name="duration">128 min</field>
	<field name="listed_in">Dramas, International Movies</field>
	<field name="description">In the ancient walled city of Delhi, an American-born Indian finds himself on an unexpected inner journey as he learns about himself and his roots.</field>
</item><item>
	<field name="show_id">70113305</field>
	<field name="title">Dev.D</field>
	<field name="director">Anurag Kashyap</field>
	<field name="cast">Abhay Deol, Mahie Gill, Kalki Koechlin, Sindbad Phgura, Ammo 'Too Sweet', Jimi the Quiff, Parakh Madan</field>
	<field name="country">India</field>
	<field name="date_added">October 1, 2018</field>
	<field name="rating">TV-MA</field>
	<field name="duration">137 min</field>
	<field name="listed_in">Dramas, International Movies, Romantic Movies</field>
	<field name="description">Because they come from different castes, the son of a tax collector and his true love are not allowed to marry, sending them down divergent paths.</field>
</item><item>
	<field name="show_id">70127589</field>
	<field name="title">Harishchandrachi Factory</field>
	<field name="director">Paresh Mokashi</field>
	<field name="cast">Nandu Madhav, Vibhawari Deshpande, Ambarish Deshpande, Mohit Gokhale, Dilip Joglekar, Dheeresh Joshi, Ketan Karande, Atharva Karve, Mayur Khandge, Sandip Pathak</field>
	<field name="country">India</field>
	<field name="date_added">October 1, 2018</field>
	<field name="rating">TV-PG</field>
	<field name="duration">99 min</field>
	<field name="listed_in">Dramas, International Movies</field>
	<field name="description">Against a backdrop of burgeoning social unrest, a neophyte filmmaker makes history in 1913 as the director of India's first feature-length film.</field>
</item><item>
	<field name="show_id">70117268</field>
	<field name="title">Kaminey</field>
	<field name="director">Vishal Bhardwaj</field>
	<field name="cast">Shahid Kapoor, Priyanka Chopra, Deb Mukherjee, Shivkumar Subramaniam, Chandan Roy Sanyal, Hrishikesh Joshi, Amole Gupte, Patricia Bull, Carlos Paca, Eric Santos</field>
	<field name="country">India</field>
	<field name="date_added">October 1, 2018</field>
	<field name="rating">TV-MA</field>
	<field name="duration">128 min</field>
	<field name="listed_in">Dramas, International Movies, Music & Musicals</field>
	<field name="description">A young man pursues his dreams of wealth by breaking the law, while his twin brother tries to better his life through hard work and honesty.</field>
</item><item>
	<field name="show_id">70125882</field>
	<field name="title">Kisaan</field>
	<field name="director">Puneet Sira</field>
	<field name="cast">Jackie Shroff, Arbaaz Khan, Sohail Khan, Diya Mirza, Nauheed Cyrusi, Sharat Saxena, Dalip Tahil, Vishwajeet Pradhan, Sarfaraz Khan</field>
	<field name="country">India</field>
	<field name="date_added">October 1, 2018</field>
	<field name="rating">TV-14</field>
	<field name="duration">101 min</field>
	<field name="listed_in">Action & Adventure, Dramas, International Movies</field>
	<field name="description">A bitter family battle ensues between a father and his sons when a businessman makes a deal that entices farmers to sell off their properties.</field>
</item><item>
	<field name="show_id">70123121</field>
	<field name="title">Kurbaan</field>
	<field name="director">Renzil D'Silva</field>
	<field name="cast">Kareena Kapoor, Saif Ali Khan, Om Puri, Diya Mirza, Vivek Oberoi, Kulbhushan Kharbanda, Kiron Kher, Rupinder Nagra, Nauheed Cyrusi</field>
	<field name="country">India</field>
	<field name="date_added">October 1, 2018</field>
	<field name="rating">TV-MA</field>
	<field name="duration">147 min</field>
	<field name="listed_in">International Movies, Thrillers</field>
	<field name="description">When a young Indian couple moves to the American suburbs, they are shocked to discover that they've become enmeshed in a secret terrorist plot.</field>
</item><item>
	<field name="show_id">70114948</field>
	<field name="title">My Suicide</field>
	<field name="director">David Lee Miller</field>
	<field name="cast">Gabriel Sunday, David Carradine, Mariel Hemingway, Brooke Nevin, Nora Dunn, Michael Welch, Zachary Ray Sherman, Vanessa Lengies, Tony Hale, Joe Mantegna</field>
	<field name="country">United States</field>
	<field name="date_added">October 1, 2018</field>
	<field name="rating">NR</field>
	<field name="duration">111 min</field>
	<field name="listed_in">Comedies, Dramas, Independent Movies</field>
	<field name="description">After declaring that he's going to film himself committing suicide for a school project, Archie videotapes reactions from friends and family.</field>
</item><item>
	<field name="show_id">70123119</field>
	<field name="title">Wake Up Sid</field>
	<field name="director">Ayaan Mukherji</field>
	<field name="cast">Ranbir Kapoor, Konkona Sen Sharma, Shruti Bapna, Krutika Bolaki, Namit Das, Munir Kabani, Mohsin Ali Khan, Anupam Kher, Rahul Khanna, Kainaz Motivala</field>
	<field name="country">India</field>
	<field name="date_added">October 1, 2018</field>
	<field name="rating">TV-14</field>
	<field name="duration">132 min</field>
	<field name="listed_in">Comedies, International Movies, Romantic Movies</field>
	<field name="description">A spoiled trust fund brat finds himself stuck in a rut of meaningless late-night parties – until he meets a significantly older woman and writer.</field>
</item><item>
	<field name="show_id">81029831</field>
	<field name="title">All's Well, End's Well (2009)</field>
	<field name="director">Vincent Kok</field>
	<field name="cast">Louis Koo, Sandra Ng Kwan Yue, Raymond Wong, Ronald Cheng, Yao Chen, Guo Tao, Heung Kam Lee, Chun Chau Ha, Miki Shum</field>
	<field name="country">Hong Kong</field>
	<field name="date_added">November 9, 2018</field>
	<field name="rating">TV-14</field>
	<field name="duration">99 min</field>
	<field name="listed_in">Comedies, International Movies, Romantic Movies</field>
	<field name="description">Bound by a family rule that forbids him from marrying until his stubborn sister gets hitched, a bachelor enlists the help of a love guru to woo her.</field>
</item><item>
	<field name="show_id">70113005</field>
	<field name="title">District 9</field>
	<field name="director">Neill Blomkamp</field>
	<field name="cast">Sharlto Copley, Jason Cope, David James, Vanessa Haywood, Mandla Gaduka, Kenneth Nkosi, Eugene Khumbanyiwa, Louis Minnaar, William Allen Young, Nathalie Boltt</field>
	<field name="country">South Africa, United States, New Zealand, Canada</field>
	<field name="date_added">November 4, 2019</field>
	<field name="rating">R</field>
	<field name="duration">112 min</field>
	<field name="listed_in">Action & Adventure, International Movies, Sci-Fi & Fantasy</field>
	<field name="description">After years of segregation and forced labor, a race of stranded aliens enlists in a resistance movement spearheaded by a rogue government agent.</field>
</item><item>
	<field name="show_id">70122722</field>
	<field name="title">Carriers</field>
	<field name="director">Àlex Pastor, David Pastor</field>
	<field name="cast">Lou Taylor Pucci, Chris Pine, Piper Perabo, Emily VanCamp, Christopher Meloni, Kiernan Shipka, Ron McClary, Mark Moses</field>
	<field name="country">United States</field>
	<field name="date_added">November 20, 2019</field>
	<field name="rating">PG-13</field>
	<field name="duration">85 min</field>
	<field name="listed_in">Horror Movies, Sci-Fi & Fantasy, Thrillers</field>
	<field name="description">As a lethal virus spreads globally, four friends seek a reputed plague-free haven. But while avoiding the infected, the travelers turn on one another.</field>
</item><item>
	<field name="show_id">70105132</field>
	<field name="title">The Goods: Live Hard, Sell Hard</field>
	<field name="director">Neal Brennan</field>
	<field name="cast">Jeremy Piven, Ving Rhames, James Brolin, David Koechner, Kathryn Hahn, Ed Helms, Jordana Spiro, Tony Hale, Ken Jeong, Rob Riggle, Kristen Schaal, Alan Thicke, Jonathan Sadowski, Joey Kern, Craig Robinson</field>
	<field name="country">United States</field>
	<field name="date_added">November 20, 2019</field>
	<field name="rating">R</field>
	<field name="duration">89 min</field>
	<field name="listed_in">Comedies</field>
	<field name="description">Hired to rescue a flagging car dealership during a major sale, a fast-talking closer spends his days on the lot and his nights at local strip clubs.</field>
</item><item>
	<field name="show_id">70127998</field>
	<field name="title">Splatter</field>
	<field name="director">Joe Dante</field>
	<field name="cast">Corey Feldman, Tony Todd, Tara Leigh, Erin Way, Mark Alan, Stuart Pankin</field>
	<field name="country">United States</field>
	<field name="date_added">November 18, 2009</field>
	<field name="rating">TV-14</field>
	<field name="duration">29 min</field>
	<field name="listed_in">Horror Movies</field>
	<field name="description">After committing suicide, a washed-up rocker returns from the grave to torment the five people who betrayed him in life.</field>
</item><item>
	<field name="show_id">70113538</field>
	<field name="title">9</field>
	<field name="director">Shane Acker</field>
	<field name="cast">Elijah Wood, John C. Reilly, Jennifer Connelly, Christopher Plummer, Crispin Glover, Martin Landau, Fred Tatasciore, Alan Oppenheimer, Tom Kane</field>
	<field name="country">United States</field>
	<field name="date_added">November 16, 2017</field>
	<field name="rating">PG-13</field>
	<field name="duration">80 min</field>
	<field name="listed_in">Action & Adventure, Independent Movies, Sci-Fi & Fantasy</field>
	<field name="description">In a postapocalyptic world, rag-doll robots hide in fear from dangerous machines out to exterminate them, until a brave newcomer joins the group.</field>
</item><item>
	<field name="show_id">70117297</field>
	<field name="title">A Single Man</field>
	<field name="director">Tom Ford</field>
	<field name="cast">Colin Firth, Julianne Moore, Nicholas Hoult, Ginnifer Goodwin, Matthew Goode, Paul Butler, Ryan Simpkins, Teddy Sears, Paulette Lamori, Jon Kortajarena</field>
	<field name="country">United States</field>
	<field name="date_added">November 11, 2019</field>
	<field name="rating">R</field>
	<field name="duration">100 min</field>
	<field name="listed_in">Dramas, Independent Movies, LGBTQ Movies</field>
	<field name="description">This stream-of-consciousness drama centers on a day in the life of a gay college professor who's reeling from his longtime lover's recent death.</field>
</item><item>
	<field name="show_id">70118779</field>
	<field name="title">Invictus</field>
	<field name="director">Clint Eastwood</field>
	<field name="cast">Morgan Freeman, Matt Damon, Tony Kgoroge, Patrick Mofokeng, Matt Stern, Julian Lewis Jones, Adjoa Andoh, Marguerite Wheatley, Leleti Khumalo, Patrick Lyster, Penny Downie</field>
	<field name="country">United States</field>
	<field name="date_added">November 1, 2019</field>
	<field name="rating">PG-13</field>
	<field name="duration">134 min</field>
	<field name="listed_in">Dramas, Sports Movies</field>
	<field name="description">After the end of apartheid, newly elected President Nelson Mandela uses the 1995 World Cup rugby matches to unite his people in South Africa.</field>
</item><item>
	<field name="show_id">70123542</field>
	<field name="title">Zombieland</field>
	<field name="director">Ruben Fleischer</field>
	<field name="cast">Jesse Eisenberg, Woody Harrelson, Emma Stone, Abigail Breslin, Amber Heard, Bill Murray, Derek Graf</field>
	<field name="country">United States</field>
	<field name="date_added">November 1, 2019</field>
	<field name="rating">R</field>
	<field name="duration">88 min</field>
	<field name="listed_in">Comedies, Horror Movies</field>
	<field name="description">Looking to survive in a world taken over by zombies, a dorky college student teams with an urban roughneck and a pair of grifter sisters.</field>
</item><item>
	<field name="show_id">70123117</field>
	<field name="title">Aagey Se Right</field>
	<field name="director">Indrajit Nattoji</field>
	<field name="cast">Shreyas Talpade, Kay Kay Menon, Shiv Pandit, Sanjay Sharma, Shenaz Treasury, Mahie Gill</field>
	<field name="country">India</field>
	<field name="date_added">November 1, 2018</field>
	<field name="rating">TV-MA</field>
	<field name="duration">117 min</field>
	<field name="listed_in">Comedies, International Movies, Music & Musicals</field>
	<field name="description">A cop full of self-doubt loses his gun five days before he's due to leave the force, and becomes an unexpected hero as he tries to retrieve it.</field>
</item><item>
	<field name="show_id">70123120</field>
	<field name="title">Chance Pe Dance</field>
	<field name="director">Ken Ghosh</field>
	<field name="cast">Shahid Kapoor, Genelia D'Souza, Mohnish Bahl, Satish Shah, Parikshat Sahni, Vikas Bhalla, Kurush Deboo, Zain Khan</field>
	<field name="country">India</field>
	<field name="date_added">November 1, 2018</field>
	<field name="rating">TV-14</field>
	<field name="duration">121 min</field>
	<field name="listed_in">Comedies, Dramas, International Movies</field>
	<field name="description">Having risen from humble beginnings, an ambitious young man sets his sights on winning a major dance competition that could catapult him to fame.</field>
</item><item>
	<field name="show_id">70114588</field>
	<field name="title">Dhoondte Reh Jaoge</field>
	<field name="director">Umesh Shukla</field>
	<field name="cast">Paresh Rawal, Kunal Khemu, Sonu Sood, Soha Ali Khan, Johnny Lever, Dilip Joshi, Asrani, Malay Chakrabarty, Razak Khan, Hrishitaa Bhatt</field>
	<field name="country">India</field>
	<field name="date_added">November 1, 2018</field>
	<field name="rating">TV-14</field>
	<field name="duration">124 min</field>
	<field name="listed_in">Comedies, International Movies, Music & Musicals</field>
	<field name="description">An accountant and a producer hatch a scheme to finance a movie, while making every effort to ensure that it flops so they may pocket the difference.</field>
</item><item>
	<field name="show_id">70129415</field>
	<field name="title">HALO Legends</field>
	<field name="director">Shinji Aramaki, Mamoru Oshii, Hideki Futamura, Toshiyuki Kanno, Tomoki Kyoda, Koichi Mashimo, Yasushi Muraki, Daisuke Nishio, Frank O'Connor, Koji Sawai, Joseph Chou, Hiroshi Yamazaki</field>
	<field name="cast">Andy McAvin, James Faulkner, Luci Christian, John Swasey</field>
	<field name="country">United States, Japan</field>
	<field name="date_added">May 1, 2017</field>
	<field name="rating">PG-13</field>
	<field name="duration">117 min</field>
	<field name="listed_in">Action & Adventure, Anime Features, Sci-Fi & Fantasy</field>
	<field name="description">This anthology features seven independent anime shorts from renowned directors, delving into the futuristic universe of the video game franchise Halo.</field>
</item><item>
	<field name="show_id">70113532</field>
	<field name="title">The Imaginarium of Doctor Parnassus</field>
	<field name="director">Terry Gilliam</field>
	<field name="cast">Heath Ledger, Christopher Plummer, Andrew Garfield, Verne Troyer, Lily Cole, Tom Waits, Johnny Depp, Colin Farrell, Jude Law</field>
	<field name="country">United Kingdom, Canada, France, United States</field>
	<field name="date_added">March 8, 2019</field>
	<field name="rating">PG-13</field>
	<field name="duration">123 min</field>
	<field name="listed_in">Action & Adventure, Sci-Fi & Fantasy</field>
	<field name="description">When a deal with the devil comes due, the immortal Doctor Parnassus must renegotiate the pact to save his daughter and right the wrongs of his past.</field>
</item><item>
	<field name="show_id">70128549</field>
	<field name="title">Trailer Park Boys: Countdown to Liquor Day</field>
	<field name="director">Mike Clattenburg</field>
	<field name="cast">Robb Wells, John Paul Tremblay, Mike Smith, John Dunsworth, Jonathan Torrens, Patrick Roach, Lucy Decoutere, Sarah Dunsworth, Barrie Dunn, Tyrone Parsons</field>
	<field name="country">Canada</field>
	<field name="date_added">March 30, 2018</field>
	<field name="rating">R</field>
	<field name="duration">102 min</field>
	<field name="listed_in">Comedies, Cult Movies</field>
	<field name="description">After their latest jail stint, boozy pals Julian, Bubbles and Ricky plan to go legit but learn trailer park manager Jim aims to demolish their homes.</field>
</item><item>
	<field name="show_id">70105599</field>
	<field name="title">Coraline</field>
	<field name="director">Henry Selick</field>
	<field name="cast">Dakota Fanning, Teri Hatcher, John Hodgman, Jennifer Saunders, Dawn French, Keith David, Robert Bailey Jr., Ian McShane</field>
	<field name="country">United States</field>
	<field name="date_added">March 16, 2017</field>
	<field name="rating">PG</field>
	<field name="duration">101 min</field>
	<field name="listed_in">Children & Family Movies</field>
	<field name="description">Curious young Coraline unlocks a door in her family's home and is transported to a universe that strangely resembles her own – only better.</field>
</item><item>
	<field name="show_id">70108985</field>
	<field name="title">G-Force</field>
	<field name="director">Hoyt Yeatman</field>
	<field name="cast">Bill Nighy, Will Arnett, Zach Galifianakis, Kelli Garner, Tyler Patrick Jones, Piper Mackenzie Harris, Gabriel Casseus, Jack Conley, Niecy Nash, Justin Mentell, Nicolas Cage, Sam Rockwell, Jon Favreau, Penélope Cruz, Steve Buscemi, Tracy Morgan</field>
	<field name="country">United States</field>
	<field name="date_added">March 15, 2019</field>
	<field name="rating">PG</field>
	<field name="duration">88 min</field>
	<field name="listed_in">Children & Family Movies, Comedies</field>
	<field name="description">When a billionaire sets out to take over the world, only one special forces unit can handle the job – a squad of highly trained guinea pigs.</field>
</item><item>
	<field name="show_id">80201814</field>
	<field name="title">Ek Cup Chya</field>
	<field name="director">Sumitra Bhave, Sunil Sukthankar</field>
	<field name="cast">Kishore Kadam, Ashwini Giri, Kamal Desai, Devika Daftardar, Sunil Sukthankar, Shriram Ranade, Padmanabh Bind</field>
	<field name="country">India</field>
	<field name="date_added">March 15, 2018</field>
	<field name="rating">TV-PG</field>
	<field name="duration">120 min</field>
	<field name="listed_in">Dramas, Independent Movies, International Movies</field>
	<field name="description">A poor bus conductor's efforts at obtaining information about his enormous electricity bill are hindered by a corrupt system.</field>
</item><item>
	<field name="show_id">70111265</field>
	<field name="title">Hulk Vs.</field>
	<field name="director">Sam Liu, Frank Paur</field>
	<field name="cast">Fred Tatasciore, Matthew Wolf, Graham McTavish, Grey DeLisle, Kari Wahlgren, Bryce Johnson, Janyse Jaud, Jay Brazeau, Jonathan Holmes, Paul Dobson, Michael Adamthwaite, French Tickner, Nicole Oliver, Qayam Devji, Steve Blum, Mark Acheson, Colin Murdock, Nolan North, Tom Kane</field>
	<field name="country">United States</field>
	<field name="date_added">March 1, 2019</field>
	<field name="rating">PG-13</field>
	<field name="duration">83 min</field>
	<field name="listed_in">Action & Adventure, Sci-Fi & Fantasy</field>
	<field name="description">This action-packed animated double feature pits the Hulk against two of the Marvel Universe's most powerful characters: Wolverine and Thor.</field>
</item><item>
	<field name="show_id">70117293</field>
	<field name="title">The Men Who Stare at Goats</field>
	<field name="director">Grant Heslov</field>
	<field name="cast">George Clooney, Ewan McGregor, Jeff Bridges, Kevin Spacey, Stephen Lang, Robert Patrick, Waleed Zuaiter, Stephen Root, Glenn Morshower, Nick Offerman, Tim Griffin, Rebecca Mader</field>
	<field name="country">United States, United Kingdom</field>
	<field name="date_added">June 4, 2019</field>
	<field name="rating">R</field>
	<field name="duration">94 min</field>
	<field name="listed_in">Comedies</field>
	<field name="description">A journalist latches onto an unbelievable story in Iraq when he meets Lyn, a man of mysterious origins who reveals he was a "warrior monk."</field>
</item><item>
	<field name="show_id">70108017</field>
	<field name="title">The Box</field>
	<field name="director">Richard Kelly</field>
	<field name="cast">Cameron Diaz, James Marsden, Frank Langella, James Rebhorn, Holmes Osborne, Sam Oz Stone, Gillian Jacobs, Celia Weston, Deborah Rush</field>
	<field name="country">United States</field>
	<field name="date_added">June 1, 2019</field>
	<field name="rating">PG-13</field>
	<field name="duration">116 min</field>
	<field name="listed_in">Sci-Fi & Fantasy, Thrillers</field>
	<field name="description">A couple must decide whether to push a button that will net them a million dollars but that will also cause the death of a complete stranger.</field>
</item><item>
	<field name="show_id">81000015</field>
	<field name="title">Oh My Ghost</field>
	<field name="director">Poj Arnon</field>
	<field name="cast">Kohtee Aramboy, Sudarat Butrprom, Yingsak Chonglertjetsadawong, Channarong Khuntee-tao, Jaturong Mokjok, Waraphat Phatsathit, Apinya Sakuljaroensuk, Wiradit Srimalai, Ekkachai Srivichai</field>
	<field name="country">Thailand</field>
	<field name="date_added">July 25, 2018</field>
	<field name="rating">TV-14</field>
	<field name="duration">94 min</field>
	<field name="listed_in">Comedies, Horror Movies, International Movies</field>
	<field name="description">A group of friends encounters a folk spirit in their apartment, and their harebrained attempts to banish the ghost soon backfire.</field>
</item><item>
	<field name="show_id">70108777</field>
	<field name="title">Inglourious Basterds</field>
	<field name="director">Quentin Tarantino</field>
	<field name="cast">Brad Pitt, Mélanie Laurent, Christoph Waltz, Eli Roth, Michael Fassbender, Diane Kruger, Daniel Brühl, Til Schweiger, Gedeon Burkhard, Jacky Ido, B.J. Novak, Sylvester Groth, Martin Wuttke</field>
	<field name="country">Germany, United States</field>
	<field name="date_added">July 22, 2019</field>
	<field name="rating">R</field>
	<field name="duration">153 min</field>
	<field name="listed_in">Action & Adventure</field>
	<field name="description">A Jewish cinema owner in occupied Paris is forced to host a Nazi premiere, where a group of American soldiers called the Basterds plans a face-off.</field>
</item><item>
	<field name="show_id">70109429</field>
	<field name="title">The Princess and the Frog</field>
	<field name="director">Ron Clements, John Musker</field>
	<field name="cast">Anika Noni Rose, Bruno Campos, Keith David, Michael-Leon Wooley, Jennifer Cody, Jim Cummings, Peter Bartlett, Jenifer Lewis, Oprah Winfrey, Terrence Howard, John Goodman, Emeril Lagasse, June Christopher, Paul Briggs, Rob Edwards, John Kassir, Fred Tatasciore, Kimberly Russell, Rif Hutton, Randy Newman, Bridget Hoffman, Corey Burton, Joe Whyte, Michael Colyar, Bruce Smith, Terri Douglas, Claudette Wells, Roger Aaron Brown, Mona Marshall, Terence Blanchard, Kwesi Boakye, Mick Wingert, David Cowgill, Peter Renaday, John Musker, Ritchie Montgomery, Jerry Kernion, Philip Proctor, Eddie Frierson</field>
	<field name="country">United States</field>
	<field name="date_added">July 16, 2019</field>
	<field name="rating">G</field>
	<field name="duration">98 min</field>
	<field name="listed_in">Children & Family Movies</field>
	<field name="description">In New Orleans during the Jazz Age, a beautiful girl named Tiana has a fateful encounter with frog prince who desperately wants to be human again.</field>
</item><item>
	<field name="show_id">70109689</field>
	<field name="title">Paul Blart: Mall Cop</field>
	<field name="director">Steve Carr</field>
	<field name="cast">Kevin James, Keir O'Donnell, Jayma Mays, Raini Rodriguez, Shirley Knight, Stephen Rannazzisi, Peter Gerety, Bobby Cannavale, Adam Ferrara, Jamal Mixon, Adhir Kalyan, Gary Valentine</field>
	<field name="country">United States</field>
	<field name="date_added">July 1, 2019</field>
	<field name="rating">PG</field>
	<field name="duration">91 min</field>
	<field name="listed_in">Action & Adventure, Comedies</field>
	<field name="description">An overzealous security guard finds himself in over his head when he tries to thwart a criminal mastermind's plot to rob an entire shopping mall.</field>
</item><item>
	<field name="show_id">70105369</field>
	<field name="title">Race to Witch Mountain</field>
	<field name="director">Andy Fickman</field>
	<field name="cast">Dwayne Johnson, AnnaSophia Robb, Alexander Ludwig, Carla Gugino, Ciarán Hinds, Tom Everett Scott, Chris Marquette, Billy Brown, Christine Lakin, Tom Woodruff Jr., John Kassir, Garry Marshall, John Duff, Ted Hartley, Dave Engfer, Bob Clendenin, Shengyi Huang, Robert Torti, Kim Richards, Brandon Miller, Paul Darnell, Omar Dorsey, Dennis Hayden, Suzanne Krull, Steve Rosenbaum, Andrew Shaifer, Bryan Fogel, Bob Koherr, Sam Wolfson, Beth Kennedy, Corri English, Jonathan Slavin, Kevin Christy, Meredith Salenger</field>
	<field name="country">United States</field>
	<field name="date_added">July 1, 2019</field>
	<field name="rating">PG</field>
	<field name="duration">99 min</field>
	<field name="listed_in">Children & Family Movies</field>
	<field name="description">A sister and brother with special powers are on the run from a mysterious organization that wants to take advantage of the siblings' gifts.</field>
</item><item>
	<field name="show_id">70112731</field>
	<field name="title">Shorts</field>
	<field name="director">Robert Rodriguez</field>
	<field name="cast">Jimmy Bennett, Jake Short, Kat Dennings, Trevor Gagnon, Devon Gearhart, Jolie Vanier, Rebel Rodriguez, Leo Howard, Leslie Mann, Jon Cryer, William H. Macy, James Spader</field>
	<field name="country">United States, United Arab Emirates</field>
	<field name="date_added">July 1, 2019</field>
	<field name="rating">PG</field>
	<field name="duration">89 min</field>
	<field name="listed_in">Children & Family Movies, Comedies</field>
	<field name="description">Chaos erupts when locals learn that an 11-year-old boy has discovered a mysterious rock that grants the wishes of whoever possesses it.</field>
</item><item>
	<field name="show_id">70125939</field>
	<field name="title">Paying Guests</field>
	<field name="director">Paritosh Painter</field>
	<field name="cast">Shreyas Talpade, Javed Jaffrey, Aashish Chaudhary, Vatsal Seth, Celina Jaitly, Johnny Lever, Delnaaz Paul, Riya Sen, Sayali Bhagat, Neha Dhupia</field>
	<field name="country">India</field>
	<field name="date_added">July 1, 2018</field>
	<field name="rating">TV-14</field>
	<field name="duration">114 min</field>
	<field name="listed_in">Comedies, International Movies</field>
	<field name="description">Desperate for a place to live, twentysomething bachelors Parikshit, Jayesh, Parag and Bhavesh finally locate a house to rent, only to learn that the landlords will consider married applicants only.</field>
</item><item>
	<field name="show_id">70109891</field>
	<field name="title">Planet 51</field>
	<field name="director">Jorge Blanco</field>
	<field name="cast">Dwayne Johnson, Jessica Biel, Justin Long, Gary Oldman, Seann William Scott, John Cleese, Freddie Benedict, Alan Marriott, Mathew Horne, James Corden</field>
	<field name="country">Spain, United Kingdom, United States</field>
	<field name="date_added">January 23, 2019</field>
	<field name="rating">PG</field>
	<field name="duration">91 min</field>
	<field name="listed_in">Children & Family Movies, Comedies, Sci-Fi & Fantasy</field>
	<field name="description">After landing on a planet reminiscent of 1950s suburbia, a human astronaut tries to avoid capture, recover his spaceship and make it home safely.</field>
</item><item>
	<field name="show_id">70114021</field>
	<field name="title">A Serious Man</field>
	<field name="director">Ethan Coen, Joel Coen</field>
	<field name="cast">Michael Stuhlbarg, Richard Kind, Fred Melamed, Sari Lennick, Adam Arkin, Amy Landecker, Alan Mandell, Fyvush Finkel, Peter Breitmayer, Aaron Wolff, Jessica McManus, Brent Braunschweig</field>
	<field name="country">United States, United Kingdom, France</field>
	<field name="date_added">January 16, 2018</field>
	<field name="rating">R</field>
	<field name="duration">106 min</field>
	<field name="listed_in">Comedies, Independent Movies</field>
	<field name="description">With every aspect of his life unraveling, a Jewish physics professor seeks out three rabbis for spiritual guidance.</field>
</item><item>
	<field name="show_id">70120182</field>
	<field name="title">The Man Who Would Be Polka King</field>
	<field name="director">John Mikulak, Joshua Brown</field>
	<field name="cast">Jan Lewan, Greg Korin</field>
	<field name="country">United States</field>
	<field name="date_added">January 12, 2018</field>
	<field name="rating">TV-14</field>
	<field name="duration">68 min</field>
	<field name="listed_in">Documentaries, Music & Musicals</field>
	<field name="description">This irreverent documentary reveals how charming entertainer Jan Lewan bilked investors out of millions in a complicated investment scam.</field>
</item><item>
	<field name="show_id">70124183</field>
	<field name="title">Chloe</field>
	<field name="director">Atom Egoyan</field>
	<field name="cast">Julianne Moore, Liam Neeson, Amanda Seyfried, Max Thieriot, R.H. Thomson, Nina Dobrev, Laura de Carteret, Mishu Vellani</field>
	<field name="country">United States, Canada, France</field>
	<field name="date_added">January 1, 2020</field>
	<field name="rating">R</field>
	<field name="duration">96 min</field>
	<field name="listed_in">Independent Movies, Thrillers</field>
	<field name="description">Suspecting her husband of infidelity, Catherine hires sexy Chloe to test his faithfulness. Soon, the relationships between all three intensify.</field>
</item><item>
	<field name="show_id">70104894</field>
	<field name="title">Friday the 13th</field>
	<field name="director">Marcus Nispel</field>
	<field name="cast">Jared Padalecki, Danielle Panabaker, Amanda Righetti, Travis Van Winkle, Aaron Yoo, Derek Mears, Jonathan Sadowski, Julianna Guill, Ben Feldman, Arlen Escarpeta, Ryan Hansen</field>
	<field name="country">United States</field>
	<field name="date_added">January 1, 2020</field>
	<field name="rating">R</field>
	<field name="duration">97 min</field>
	<field name="listed_in">Horror Movies</field>
	<field name="description">A group of teenage camp counselors raises the ire of Jason Voorhees, a masked, homicidal maniac, in this remake of the classic slasher flick.</field>
</item><item>
	<field name="show_id">70118155</field>
	<field name="title">Garfield's Pet Force</field>
	<field name="director">Mark A.Z. Dippé</field>
	<field name="cast">Frank Welker, Vanessa Marshall, Gregg Berger, Wally Wingert, Audrey Wasilewski, Jason Marsden, Fred Tatasciore, Stephen Stanton, Jennifer Darling, Neil Ross, Greg Eagles, Cathy Cavadini, David Michie, Greg Finley</field>
	<field name="country">South Korea, United States</field>
	<field name="date_added">January 1, 2020</field>
	<field name="rating">G</field>
	<field name="duration">78 min</field>
	<field name="listed_in">Children & Family Movies, Comedies</field>
	<field name="description">When an alien menace and her army of undead minions threaten to enslave the world, Garfield heads a team of comic-strip superheroes to save the day.</field>
</item><item>
	<field name="show_id">70112732</field>
	<field name="title">Julie & Julia</field>
	<field name="director">Nora Ephron</field>
	<field name="cast">Meryl Streep, Amy Adams, Stanley Tucci, Chris Messina, Linda Emond, Helen Carey, Mary Lynn Rajskub, Jane Lynch, Joan Juliet Buck</field>
	<field name="country">United States</field>
	<field name="date_added">January 1, 2020</field>
	<field name="rating">PG-13</field>
	<field name="duration">123 min</field>
	<field name="listed_in">Comedies, Dramas</field>
	<field name="description">In this heartwarming tale, Julie Powell decides to spice up her uneventful life by cooking all 524 recipes outlined in Julia Child's classic cookbook.</field>
</item><item>
	<field name="show_id">70112500</field>
	<field name="title">Moon</field>
	<field name="director">Duncan Jones</field>
	<field name="cast">Sam Rockwell, Kevin Spacey, Dominique McElligott, Rosie Shaw, Adrienne Shaw, Kaya Scodelario, Benedict Wong, Matt Berry, Malcolm Stewart, Robin Chalk</field>
	<field name="country">United Kingdom, United States</field>
	<field name="date_added">January 1, 2020</field>
	<field name="rating">R</field>
	<field name="duration">97 min</field>
	<field name="listed_in">Dramas, Independent Movies, Sci-Fi & Fantasy</field>
	<field name="description">As he nears the end of a lonely three-year stint on the moon base Sarang, astronaut Sam Bell begins to hear and see strange things.</field>
</item><item>
	<field name="show_id">70121008</field>
	<field name="title">Road Trip: Beer Pong</field>
	<field name="director">Steve Rash</field>
	<field name="cast">Nestor Aaron Absera, Julianna Guill, Preston Jones, Julia Levy-Boeken, Danny Pudi, Michael Trotter, Daniel Newman, DJ Qualls</field>
	<field name="country">United States</field>
	<field name="date_added">January 1, 2020</field>
	<field name="rating">R</field>
	<field name="duration">97 min</field>
	<field name="listed_in">Comedies</field>
	<field name="description">When three college pals hit the road to compete in a big-time beer pong tournament, their trip morphs into an outrageous odyssey.</field>
</item><item>
	<field name="show_id">70103524</field>
	<field name="title">Terminator Salvation</field>
	<field name="director">McG</field>
	<field name="cast">Christian Bale, Sam Worthington, Moon Bloodgood, Helena Bonham Carter, Anton Yelchin, Jadagrace, Bryce Dallas Howard, Common, Jane Alexander, Michael Ironside</field>
	<field name="country">United States, Germany, United Kingdom, Italy</field>
	<field name="date_added">January 1, 2020</field>
	<field name="rating">PG-13</field>
	<field name="duration">115 min</field>
	<field name="listed_in">Action & Adventure, Sci-Fi & Fantasy</field>
	<field name="description">All grown up in post-apocalyptic 2018, John Connor must lead the resistance of humans against increasingly dominating militaristic robots.</field>
</item><item>
	<field name="show_id">70113006</field>
	<field name="title">The Final Destination</field>
	<field name="director">David R. Ellis</field>
	<field name="cast">Bobby Campo, Shantel VanSanten, Nick Zano, Haley Webb, Mykelti Williamson, Krista Allen, Andrew Fiscella, Justin Welborn, Stephanie Honoré</field>
	<field name="country">United States</field>
	<field name="date_added">January 1, 2020</field>
	<field name="rating">R</field>
	<field name="duration">82 min</field>
	<field name="listed_in">Horror Movies</field>
	<field name="description">Nick O'Bannon thinks he's cheated death when he keeps a grisly premonition from becoming reality, but he soon realizes that fate has other plans.</field>
</item><item>
	<field name="show_id">70105370</field>
	<field name="title">The Invention of Lying</field>
	<field name="director">Ricky Gervais, Matthew Robinson</field>
	<field name="cast">Ricky Gervais, Jennifer Garner, Jonah Hill, Louis C.K., Jeffrey Tambor, Fionnula Flanagan, Rob Lowe, Tina Fey, Donna Sorbello, Stephanie March</field>
	<field name="country">United States</field>
	<field name="date_added">January 1, 2020</field>
	<field name="rating">PG-13</field>
	<field name="duration">99 min</field>
	<field name="listed_in">Comedies, Romantic Movies</field>
	<field name="description">In a world where no one fibs, a screenwriter gains fame and fortune – and maybe the girl of his dreams – by saying things that aren't true.</field>
</item><item>
	<field name="show_id">70117902</field>
	<field name="title">Up in the Air</field>
	<field name="director">Jason Reitman</field>
	<field name="cast">George Clooney, Vera Farmiga, Anna Kendrick, Jason Bateman, Amy Morton, Melanie Lynskey, J.K. Simmons, Sam Elliott, Danny McBride, Zach Galifianakis, Chris Lowell</field>
	<field name="country">United States</field>
	<field name="date_added">January 1, 2020</field>
	<field name="rating">R</field>
	<field name="duration">110 min</field>
	<field name="listed_in">Comedies, Dramas, Romantic Movies</field>
	<field name="description">Ryan Bingham flies around the country firing employees on behalf of companies, but he faces losing the job he savors to recent college grad Natalie.</field>
</item><item>
	<field name="show_id">70128225</field>
	<field name="title">Mi Shivajiraje Bhosale Boltoy</field>
	<field name="director">Santosh Manjrekar</field>
	<field name="cast">Sachin Khedekar, Mahesh Manjrekar, Makarand Anaspure, Suchitra Bandekar, Siddharth Jadhav, Priya Bapat, Abhijit Kelkar, Ganesh Yadav, Reema Lagoo, Vidyadhar Joshi</field>
	<field name="country">India</field>
	<field name="date_added">January 1, 2018</field>
	<field name="rating">TV-14</field>
	<field name="duration">148 min</field>
	<field name="listed_in">Comedies, International Movies, Sci-Fi & Fantasy</field>
	<field name="description">After a disgruntled man blames his Marathi heritage for his lack of his success, he is visited by Shivaji, a great medieval Marathi king.</field>
</item><item>
	<field name="show_id">80201813</field>
	<field name="title">The Damned Rain</field>
	<field name="director">Satish Manwar</field>
	<field name="cast">Sonali Kulkarni, Girish Kulkarni, Jyoti Subhash, Veena Jamkar, Aman Attar</field>
	<field name="country">India</field>
	<field name="date_added">January 1, 2018</field>
	<field name="rating">TV-14</field>
	<field name="duration">99 min</field>
	<field name="listed_in">Dramas, International Movies</field>
	<field name="description">An optimistic farmer is determined to succeed in spite of the lack of rain in his region, and the sinking spirits around him.</field>
</item><item>
	<field name="show_id">70127628</field>
	<field name="title">You Changed My Life</field>
	<field name="director">Cathy Garcia-Molina</field>
	<field name="cast">John Lloyd Cruz, Sarah Geronimo, Rayver Cruz, Dante Rivero, Rowell Santiago, Al Tantay, Irma Adlawan, Bernard Palanca, Matet De Leon, Joross Gamboa</field>
	<field name="country">Philippines</field>
	<field name="date_added">February 27, 2019</field>
	<field name="rating">TV-PG</field>
	<field name="duration">116 min</field>
	<field name="listed_in">Comedies, Dramas, International Movies</field>
	<field name="description">Laida and Miggy think they've found perfect happiness with each other, until their burgeoning careers force them into a long-distance relationship.</field>
</item><item>
	<field name="show_id">70120167</field>
	<field name="title">Solomon Kane</field>
	<field name="director">Michael J. Bassett</field>
	<field name="cast">James Purefoy, Pete Postlethwaite, Rachel Hurd-Wood, Alice Krige, Jason Flemyng, Mackenzie Crook, Patrick Hurd-Wood, Max von Sydow</field>
	<field name="country">Czech Republic, United Kingdom, France</field>
	<field name="date_added">February 15, 2018</field>
	<field name="rating">R</field>
	<field name="duration">104 min</field>
	<field name="listed_in">Action & Adventure, International Movies, Sci-Fi & Fantasy</field>
	<field name="description">In this epic tale, a once-murderous sea captain is holed up in a monastery in retreat from the devil, whom the captain fears is coming for his soul.</field>
</item><item>
	<field name="show_id">80201817</field>
	<field name="title">Zenda</field>
	<field name="director">Avadhoot Gupte</field>
	<field name="cast">Santosh Juvekar, Siddharth Chandekar, Sachit Patil, Chinmay Mandlekar, Rajesh Shringarpure, Pushkar Shrotri, Tejashree Pradhan, Neha Joshi</field>
	<field name="country">India</field>
	<field name="date_added">February 15, 2018</field>
	<field name="rating">TV-14</field>
	<field name="duration">120 min</field>
	<field name="listed_in">Dramas, International Movies</field>
	<field name="description">A change in the leadership of a political party sparks bitter conflict and the party's division into two rival factions.</field>
</item><item>
	<field name="show_id">70118368</field>
	<field name="title">Merantau</field>
	<field name="director">Gareth Evans</field>
	<field name="cast">Iko Uwais, Sisca Jessica, Christine Hakim, Mads Koudal, Yusuf Aulia, Alex Abbad, Yayan Ruhian, Laurent Buson, Donny Alamsyah, Ratna Galih</field>
	<field name="country">Indonesia</field>
	<field name="date_added">February 13, 2019</field>
	<field name="rating">R</field>
	<field name="duration">112 min</field>
	<field name="listed_in">Action & Adventure, Dramas, International Movies</field>
	<field name="description">In this fast-paced Indonesian thriller, a young martial arts master travels to Jakarta, where he saves an orphan from a human-trafficking ring.</field>
</item><item>
	<field name="show_id">70101697</field>
	<field name="title">Ninja Assassin</field>
	<field name="director">James McTeigue</field>
	<field name="cast">Rain, Naomie Harris, Ben Miles, Rick Yune, Shô Kosugi, Sung Kang, Richard van Weyden, Thorston Manderlay, Wladimir Tarasjanz, Eleonore Weisgerber</field>
	<field name="country">Germany, United States</field>
	<field name="date_added">February 1, 2019</field>
	<field name="rating">R</field>
	<field name="duration">99 min</field>
	<field name="listed_in">Action & Adventure</field>
	<field name="description">When his best friend is murdered by the shadowy Ozunu clan, Raizo, an orphan raised to be an assassin, vows revenge.</field>
</item><item>
	<field name="show_id">70103762</field>
	<field name="title">Imagine That</field>
	<field name="director">Karey Kirkpatrick</field>
	<field name="cast">Eddie Murphy, Thomas Haden Church, Yara Shahidi, Ronny Cox, Stephen Rannazzisi, Nicole Ari Parker, DeRay Davis, Vanessa Williams, Martin Sheen, Lauren Weedman, Timm Sharp, Bobb'e J. Thompson</field>
	<field name="country">United States, Germany</field>
	<field name="date_added">December 7, 2019</field>
	<field name="rating">PG</field>
	<field name="duration">108 min</field>
	<field name="listed_in">Children & Family Movies, Comedies, Sci-Fi & Fantasy</field>
	<field name="description">Work problems are piling up for a businessman. But when he discovers a pathway to his daughter's imaginary world, he starts finding some solutions.</field>
</item><item>
	<field name="show_id">80083672</field>
	<field name="title">Barah Aana</field>
	<field name="director">Raja Menon</field>
	<field name="cast">Naseeruddin Shah, Arjun Mathur, Vijay Raaz, Tannishtha Chatterjee, Violante Placido, Benjamin Gilani</field>
	<field name="country">India</field>
	<field name="date_added">December 31, 2019</field>
	<field name="rating">TV-14</field>
	<field name="duration">95 min</field>
	<field name="listed_in">Dramas, International Movies</field>
	<field name="description">After futile attempts to better their lives with honest work, three broke friends opt for a more dubious means of making money: kidnapping for ransom.</field>
</item><item>
	<field name="show_id">70129075</field>
	<field name="title">Jail</field>
	<field name="director">Madhur Bhandarkar</field>
	<field name="cast">Neil Nitin Mukesh, Manoj Bajpayee, Mugdha Godse, Arya Babbar, Chetan Pandit, Rahul Singh, Navni Parihar, Manish Mehta</field>
	<field name="country">India</field>
	<field name="date_added">December 31, 2019</field>
	<field name="rating">TV-14</field>
	<field name="duration">132 min</field>
	<field name="listed_in">Dramas, International Movies</field>
	<field name="description">Incarcerated for a crime he didn’t commit, a young man must navigate the crowded, cut-throat environment of prison as he awaits trial.</field>
</item><item>
	<field name="show_id">70114467</field>
	<field name="title">Luck by Chance</field>
	<field name="director">Zoya Akhtar</field>
	<field name="cast">Farhan Akhtar, Konkona Sen Sharma, Rishi Kapoor, Dimple Kapadia, Isha Sharvani, Sanjay Kapoor, Juhi Chawla, Hrithik Roshan, Alyy Khan, Sheeba Chaddha</field>
	<field name="country">India</field>
	<field name="date_added">December 15, 2019</field>
	<field name="rating">TV-14</field>
	<field name="duration">156 min</field>
	<field name="listed_in">Dramas, International Movies, Romantic Movies</field>
	<field name="description">When Vikram gets tapped to play the male lead in a Bollywood film, he can't believe his luck. But it may ruin his relationship with his girlfriend.</field>
</item><item>
	<field name="show_id">70124651</field>
	<field name="title">Accident</field>
	<field name="director">Cheang Pou Soi</field>
	<field name="cast">Louis Koo, Richie Ren, Stanley Fung Sui-Fan, Michelle Ye, Lam Suet, Alexander Chan, Monica Mok</field>
	<field name="country">Hong Kong</field>
	<field name="date_added">December 1, 2018</field>
	<field name="rating">TV-MA</field>
	<field name="duration">87 min</field>
	<field name="listed_in">International Movies, Thrillers</field>
	<field name="description">A contract killer skilled at staging lethal accidents fears he may be a victim of his own strategy when an accomplice dies in a mysterious mishap.</field>
</item><item>
	<field name="show_id">70126809</field>
	<field name="title">Look for a Star</field>
	<field name="director">Andrew Lau Wai-Keung</field>
	<field name="cast">Andy Lau, Qi Shu, Zhang Hanyu, Denise Ho, Dominic Lam, Xinyi Zhang, David Chiang, George Lam, Rebecca Pan, Maria Cordero, Tat-Ming Cheung</field>
	<field name="country">Hong Kong</field>
	<field name="date_added">December 1, 2018</field>
	<field name="rating">TV-PG</field>
	<field name="duration">117 min</field>
	<field name="listed_in">Comedies, International Movies, Romantic Movies</field>
	<field name="description">While keeping his identity secret, a real estate billionaire tries to woo an outspoken croupier who talks gamblers out of losing their money.</field>
</item><item>
	<field name="show_id">70114589</field>
	<field name="title">Main aurr Mrs. Khanna</field>
	<field name="director">Prem Soni</field>
	<field name="cast">Salman Khan, Kareena Kapoor, Sohail Khan, Preity Zinta, Bappi Lahiri, Yash Tonk, Nauheed Cyrusi, Mahek Chahal</field>
	<field name="country">India</field>
	<field name="date_added">August 2, 2018</field>
	<field name="rating">TV-PG</field>
	<field name="duration">109 min</field>
	<field name="listed_in">International Movies, Music & Musicals, Romantic Movies</field>
	<field name="description">A financially troubled Indian man heads to Singapore to find employment, while his pretty wife stays behind in a move that could cause trouble.</field>
</item><item>
	<field name="show_id">70123118</field>
	<field name="title">What's Your Raashee?</field>
	<field name="director">Ashutosh Gowariker</field>
	<field name="cast">Priyanka Chopra, Harman Baweja, Suzy Brack, Gene Fojtik, Anjan Srivastav, Darshan Jariwala, Dilip Joshi, Daya Shankar Pandey, Yuri Suri, Rajesh Vivek, Geeta Tyagi</field>
	<field name="country">India</field>
	<field name="date_added">August 15, 2018</field>
	<field name="rating">TV-PG</field>
	<field name="duration">203 min</field>
	<field name="listed_in">Comedies, International Movies, Music & Musicals</field>
	<field name="description">To protect his family from ruin, Yogesh must marry his dream girl in only ten days, so he rushes into dating women with different astrological signs.</field>
</item><item>
	<field name="show_id">70113636</field>
	<field name="title">Jim Gaffigan: King Baby</field>
	<field name="director">Troy Miller</field>
	<field name="cast">Jim Gaffigan</field>
	<field name="country">United States</field>
	<field name="date_added">August 11, 2016</field>
	<field name="rating">TV-PG</field>
	<field name="duration">71 min</field>
	<field name="listed_in">Stand-Up Comedy</field>
	<field name="description">Jim Gaffigan offers up his take on bacon, bowling and other weighty topics in this stand-up performance filmed live in Austin on his 2008 comedy tour.</field>
</item><item>
	<field name="show_id">70121522</field>
	<field name="title">3 Idiots</field>
	<field name="director">Rajkumar Hirani</field>
	<field name="cast">Aamir Khan, Kareena Kapoor, Madhavan, Sharman Joshi, Omi Vaidya, Boman Irani, Mona Singh, Javed Jaffrey</field>
	<field name="country">India</field>
	<field name="date_added">August 1, 2019</field>
	<field name="rating">PG-13</field>
	<field name="duration">164 min</field>
	<field name="listed_in">Comedies, Dramas, International Movies</field>
	<field name="description">While attending one of India's premier colleges, three miserable engineering students and best friends struggle to beat the school's draconian system.</field>
</item><item>
	<field name="show_id">70105371</field>
	<field name="title">The Informant!</field>
	<field name="director">Steven Soderbergh</field>
	<field name="cast">Matt Damon, Scott Bakula, Joel McHale, Melanie Lynskey, Thomas F. Wilson, Patton Oswalt, Tony Hale, Eddie Jemison, Paul F. Tompkins, Tom Papa</field>
	<field name="country">United States</field>
	<field name="date_added">August 1, 2018</field>
	<field name="rating">R</field>
	<field name="duration">108 min</field>
	<field name="listed_in">Comedies, Dramas</field>
	<field name="description">While gathering evidence against his employer to help the FBI build a price-fixing case, Mark Whitacre begins to piece together a fantasy world.</field>
</item><item>
	<field name="show_id">70103759</field>
	<field name="title">The Ugly Truth</field>
	<field name="director">Robert Luketic</field>
	<field name="cast">Katherine Heigl, Gerard Butler, Eric Winter, John Michael Higgins, Bree Turner, Nick Searcy, Kevin Connolly, Cheryl Hines, Bonnie Somerville, Yvette Nicole Brown, Nate Corddry, Noah Matthews</field>
	<field name="country">United States</field>
	<field name="date_added">April 25, 2019</field>
	<field name="rating">R</field>
	<field name="duration">96 min</field>
	<field name="listed_in">Comedies, Romantic Movies</field>
	<field name="description">A chauvinistic morning-show commentator tries to prove the relationship theories he espouses on a segment called "The Ugly Truth."</field>
</item><item>
	<field name="show_id">70114022</field>
	<field name="title">Cirque du Freak: The Vampire's Assistant</field>
	<field name="director">Paul Weitz</field>
	<field name="cast">John C. Reilly, Ken Watanabe, Josh Hutcherson, Chris Massoglia, Ray Stevenson, Patrick Fugit, Orlando Jones, Willem Dafoe, Salma Hayek, Michael Cerveris, Jane Krakowski, Frankie Faison, Patrick Breen, Colleen Camp, Don McManus, Jessica Carlson, Kristen Schaal</field>
	<field name="country">United States</field>
	<field name="date_added">April 16, 2018</field>
	<field name="rating">PG-13</field>
	<field name="duration">109 min</field>
	<field name="listed_in">Action & Adventure, Horror Movies, Sci-Fi & Fantasy</field>
	<field name="description">When Darren Shan is taken to a circus that's chock-full of sideshow oddities, he meets a vampire and receives a life-changing bite on the neck.</field>
</item><item>
	<field name="show_id">70124562</field>
	<field name="title">Nowhere Boy</field>
	<field name="director">Sam Taylor-Johnson</field>
	<field name="cast">Aaron Taylor-Johnson, Anne-Marie Duff, Kristin Scott Thomas, David Threlfall, Thomas Brodie-Sangster, David Morrissey, Sam Bell, Ophelia Lovibond, Josh Bolt, Andrew Buchan</field>
	<field name="country">United Kingdom, Canada</field>
	<field name="date_added">April 14, 2018</field>
	<field name="rating">R</field>
	<field name="duration">99 min</field>
	<field name="listed_in">Dramas</field>
	<field name="description">Raised by his aunt since he was a young boy, charismatic John Lennon is suddenly reunited with his mother, Julia, which ignites a bitter battle.</field>
</item><item>
	<field name="show_id">70110558</field>
	<field name="title">Sherlock Holmes</field>
	<field name="director">Guy Ritchie</field>
	<field name="cast">Robert Downey Jr., Jude Law, Rachel McAdams, Mark Strong, Eddie Marsan, Kelly Reilly, James Fox, Hans Matheson, Geraldine James</field>
	<field name="country">United States, Germany, United Kingdom</field>
	<field name="date_added">April 1, 2019</field>
	<field name="rating">PG-13</field>
	<field name="duration">128 min</field>
	<field name="listed_in">Action & Adventure, Comedies</field>
	<field name="description">Robert Downey Jr. stars as the legendary sleuth Sherlock Holmes in this Guy Ritchie-helmed reinvention of Sir Arthur Conan Doyle's detective series.</field>
</item><item>
	<field name="show_id">70115621</field>
	<field name="title">Billu</field>
	<field name="director">Priyadarshan</field>
	<field name="cast">Irrfan Khan, Shah Rukh Khan, Lara Dutta, Rajpal Yadav, Om Puri, Asrani, Manoj Joshi</field>
	<field name="country">India</field>
	<field name="date_added">April 1, 2018</field>
	<field name="rating">TV-PG</field>
	<field name="duration">132 min</field>
	<field name="listed_in">Dramas, International Movies</field>
	<field name="description">An Indian village is abuzz with news that a major movie star is coming to town – even more so because the town barber went to school with him. But as the day of the actor's visit approaches, the humble barber begins to worry he won't be recognized.</field>
</item>