<item>
	<field name="show_id">80136452</field>
	<field name="title">Timeless Season</field>
	<field name="director">nan</field>
	<field name="cast">Loo Aye Keng, Chen Ke Mei, Hady, Hishiko Woo, Jiang Pei Pei, Steve Yap</field>
	<field name="country">nan</field>
	<field name="date_added">September 18, 2017</field>
	<field name="rating">TV-14</field>
	<field name="duration">1 Season</field>
	<field name="listed_in">International TV Shows, TV Dramas</field>
	<field name="description">A decade after college, a wake reunites five female friends struggling with illness, infidelity, toxic in-laws, spousal abuse and other life issues.</field>
</item><item>
	<field name="show_id">70143831</field>
	<field name="title">The Universe</field>
	<field name="director">nan</field>
	<field name="cast">Erik Thompson</field>
	<field name="country">United States</field>
	<field name="date_added">September 15, 2019</field>
	<field name="rating">TV-PG</field>
	<field name="duration">1 Season</field>
	<field name="listed_in">Docuseries, Science & Nature TV</field>
	<field name="description">Discover the secrets of the universe in this series that pairs animation with insights on distant planets, black holes and other celestial marvels.</field>
</item><item>
	<field name="show_id">70303288</field>
	<field name="title">Easy Fortune Happy Life</field>
	<field name="director">nan</field>
	<field name="cast">Lan Cheng-lung, Joe Chen, Roy Chiu, Jocelyn Wang, Chieh-kai Shiou, Ting Chiang, Wang Chuan</field>
	<field name="country">Taiwan</field>
	<field name="date_added">September 1, 2016</field>
	<field name="rating">TV-14</field>
	<field name="duration">1 Season</field>
	<field name="listed_in">International TV Shows, Romantic TV Shows, TV Comedies</field>
	<field name="description">Years after a wealthy man is healed by a rural herbalist, fate lands him in the same hospital where the woman's granddaughter is treating patients.</field>
</item><item>
	<field name="show_id">80111273</field>
	<field name="title">Game Winning Hit</field>
	<field name="director">nan</field>
	<field name="cast">Lego Lee, Alice Ko, Afalean Lu, Tsai Chen-nan, Wang Chuan, Leiya Gao, Charlize Lin</field>
	<field name="country">Taiwan</field>
	<field name="date_added">September 1, 2016</field>
	<field name="rating">TV-PG</field>
	<field name="duration">1 Season</field>
	<field name="listed_in">International TV Shows, TV Comedies, TV Dramas</field>
	<field name="description">An army deserter hiding out in a small coastal town becomes the coach of a youth baseball team and develops warm relationships in his new community.</field>
</item><item>
	<field name="show_id">80111275</field>
	<field name="title">The Year of Happiness and Love</field>
	<field name="director">nan</field>
	<field name="cast">Amber Kuo, James Wen, Weber Yang, Sonia Sui, Nien-Jen Wu, Kay Huang, Tsai Chen-nan, Lin Mei-hsiu</field>
	<field name="country">Taiwan</field>
	<field name="date_added">September 1, 2016</field>
	<field name="rating">TV-14</field>
	<field name="duration">1 Season</field>
	<field name="listed_in">International TV Shows, Romantic TV Shows, TV Comedies</field>
	<field name="description">Jiang Chen-bo is a loser without prospects for success, until a surprise promotion becomes the catalyst for his entire family's upturn in fortune.</field>
</item><item>
	<field name="show_id">70218316</field>
	<field name="title">DreamWorks Spooky Stories</field>
	<field name="director">nan</field>
	<field name="cast">Antonio Banderas, Hugh Laurie, Mike Myers, Reese Witherspoon, Seth Rogen, Kristen Schaal, Dean Edwards</field>
	<field name="country">United States</field>
	<field name="date_added">October 25, 2018</field>
	<field name="rating">TV-PG</field>
	<field name="duration">1 Season</field>
	<field name="listed_in">Kids' TV, TV Comedies</field>
	<field name="description">Shrek dares his friends to bring on the scary with ghost stories told in a haunted castle. Later, Ginormica and the Monsters face alien pumpkins.</field>
</item><item>
	<field name="show_id">70213237</field>
	<field name="title">Monty Python's Almost the Truth</field>
	<field name="director">nan</field>
	<field name="cast">Graham Chapman, Eric Idle, John Cleese, Michael Palin, Terry Gilliam, Terry Jones</field>
	<field name="country">United Kingdom</field>
	<field name="date_added">October 2, 2018</field>
	<field name="rating">NR</field>
	<field name="duration">1 Season</field>
	<field name="listed_in">British TV Shows, Docuseries</field>
	<field name="description">The legacy of comedy group Monty Python, whose irreverent brand of humor has tickled the ribs of millions, is explored in this documentary.</field>
</item><item>
	<field name="show_id">70245168</field>
	<field name="title">Nature's Great Events (2009)</field>
	<field name="director">nan</field>
	<field name="cast">David Attenborough</field>
	<field name="country">United States, United Kingdom</field>
	<field name="date_added">October 10, 2015</field>
	<field name="rating">TV-PG</field>
	<field name="duration">1 Season</field>
	<field name="listed_in">British TV Shows, Docuseries, Science & Nature TV</field>
	<field name="description">This series looks at how seasonal changes cause shifting weather patterns and ocean currents, creating the conditions for spectacular wildlife events.</field>
</item><item>
	<field name="show_id">80157275</field>
	<field name="title">The Dream Catchers</field>
	<field name="director">nan</field>
	<field name="cast">Rui En, Tay Ping Hui, Jesseca Liu, Shaun Chen, Elvin Ng, Nat Ho, Dawn Yeoh, Paige Chua, Zhang Zhenhuan</field>
	<field name="country">nan</field>
	<field name="date_added">October 1, 2017</field>
	<field name="rating">TV-14</field>
	<field name="duration">1 Season</field>
	<field name="listed_in">International TV Shows, Romantic TV Shows, TV Dramas</field>
	<field name="description">Four engineers from different walks of life cross paths in pursuit of the same selfless dream: making the world a better place – and finding love.</field>
</item><item>
	<field name="show_id">80134093</field>
	<field name="title">Einsatzgruppen: The Nazi Death Squads</field>
	<field name="director">nan</field>
	<field name="cast">Paul Bandey</field>
	<field name="country">France</field>
	<field name="date_added">November 10, 2016</field>
	<field name="rating">TV-14</field>
	<field name="duration">1 Season</field>
	<field name="listed_in">Docuseries, International TV Shows</field>
	<field name="description">This documentary series examines the Einsatzgruppen, Nazis responsible for the mass murder of Jews, Romani and Soviet prisoners in Eastern Europe.</field>
</item><item>
	<field name="show_id">80157566</field>
	<field name="title">The Little Nyonya</field>
	<field name="director">nan</field>
	<field name="cast">Jeanette Aw, Qi Yu Wu, Pierre Png, Dai Xiangyu, Zen Chong, Joanne Peh, Eelyn Kok, Xiang Yun, Yao Wenlong</field>
	<field name="country">nan</field>
	<field name="date_added">November 1, 2017</field>
	<field name="rating">TV-14</field>
	<field name="duration">1 Season</field>
	<field name="listed_in">International TV Shows, TV Dramas</field>
	<field name="description">An orphaned Chinese woman in Singapore refuses to yield to her lowly station in life, setting her family on a tumultuous course for generations.</field>
</item><item>
	<field name="show_id">80157714</field>
	<field name="title">Together</field>
	<field name="director">nan</field>
	<field name="cast">Jeanette Aw, Dai Xiangyu, Elvin Ng, Eelyn Kok, Zheng Geping, Aileen Tan, Zhou Ying, Hong Hui Fang, Zhang Zhenhuan</field>
	<field name="country">Singapore</field>
	<field name="date_added">November 1, 2017</field>
	<field name="rating">TV-MA</field>
	<field name="duration">1 Season</field>
	<field name="listed_in">International TV Shows, TV Dramas</field>
	<field name="description">Spanning 30 years, a group of dedicated and diverse friends experiences happiness and hardship in a newly independent Singapore.</field>
</item><item>
	<field name="show_id">70273371</field>
	<field name="title">Saint Seiya: The Lost Canvas</field>
	<field name="director">nan</field>
	<field name="cast">Tetsuya Kakihara, Hiro Shimono, Aya Hirano, Atsushi Abe, Sanae Kobayashi, Kenta Miyake, Tomohiro Tsuboi, Nana Mizuki, Shigeru Chiba</field>
	<field name="country">Japan</field>
	<field name="date_added">May 15, 2018</field>
	<field name="rating">TV-14</field>
	<field name="duration">1 Season</field>
	<field name="listed_in">Anime Series, International TV Shows</field>
	<field name="description">This anime adventure follows the battle between a saint of Athena and an avatar of Hades who's working on a painting that could destroy the world.</field>
</item><item>
	<field name="show_id">70213130</field>
	<field name="title">Boys Over Flowers</field>
	<field name="director">nan</field>
	<field name="cast">Hye-sun Ku, Min-ho Lee, Hyun-joong Kim, Bum Kim, Joon Kim, So-eun Kim, Hye-yeong Lee, Jin-bin Park, Ye-jin Lim, Ho-bin Jeong</field>
	<field name="country">South Korea</field>
	<field name="date_added">May 1, 2018</field>
	<field name="rating">TV-14</field>
	<field name="duration">1 Season</field>
	<field name="listed_in">International TV Shows, Korean TV Shows, Romantic TV Shows</field>
	<field name="description">Unassuming high school girl Jan-di stands up to – and eventually falls for – a spoiled rich kid who belongs to the school's most powerful clique.</field>
</item><item>
	<field name="show_id">80081705</field>
	<field name="title">Iris</field>
	<field name="director">nan</field>
	<field name="cast">Byung-hun Lee, Tae-hee Kim, Jun-ho Jeong, Yeong-cheol Kim, Kim Seung-woo, So-yeon Kim, Ju-sang Yun, Jeong-Kil Lee</field>
	<field name="country">South Korea</field>
	<field name="date_added">May 1, 2018</field>
	<field name="rating">TV-MA</field>
	<field name="duration">1 Season</field>
	<field name="listed_in">International TV Shows, Korean TV Shows, TV Action & Adventure</field>
	<field name="description">Two friends' lives are changed forever when they are recruited by a top-secret organization tasked with protecting the country from foreign threats.</field>
</item><item>
	<field name="show_id">80094386</field>
	<field name="title">Cain and Abel</field>
	<field name="director">nan</field>
	<field name="cast">So Ji-sub, Shin Hyun-joon, Chae Jung-an, Han Ji-min, Kim Hae-suk, You-Mi Ha, Yong Jang, Kwon Hae-hyo</field>
	<field name="country">South Korea</field>
	<field name="date_added">March 12, 2019</field>
	<field name="rating">TV-14</field>
	<field name="duration">1 Season</field>
	<field name="listed_in">International TV Shows, Korean TV Shows, Romantic TV Shows</field>
	<field name="description">Gifted doctor Cho-in leads a charmed life while his older brother Seon-woo seethes with jealousy in this series inspired by Biblical characters.</field>
</item><item>
	<field name="show_id">80121872</field>
	<field name="title">Jhansi Ki Rani</field>
	<field name="director">nan</field>
	<field name="cast">Ulka Gupta, Sameer Dharmadhikari, Amit Pachori, Shailesh Dattar, Aruna Irani</field>
	<field name="country">India</field>
	<field name="date_added">June 1, 2017</field>
	<field name="rating">TV-14</field>
	<field name="duration">1 Season</field>
	<field name="listed_in">International TV Shows, TV Dramas</field>
	<field name="description">In British-ruled, 19th-century India, a 14-year-old girl trains as a warrior and becomes a devoted crusader in her country's fight for independence.</field>
</item><item>
	<field name="show_id">80157392</field>
	<field name="title">The Ultimatum</field>
	<field name="director">nan</field>
	<field name="cast">Zoe Tay, Fann Wong, Li Nanxing, Tay Ping Hui, Elvin Ng, Felicia Chin, Jerry Yeo</field>
	<field name="country">nan</field>
	<field name="date_added">July 1, 2017</field>
	<field name="rating">TV-14</field>
	<field name="duration">1 Season</field>
	<field name="listed_in">International TV Shows, TV Dramas</field>
	<field name="description">Love and intrigue swirl around two women – one a champion of human rights, the other an ambitious businesswoman – who were switched at birth.</field>
</item><item>
	<field name="show_id">70213077</field>
	<field name="title">Power Rangers RPM</field>
	<field name="director">nan</field>
	<field name="cast">Eka Darville, Ari Boyland, Rose McIver, Milo Cawthorne, Daniel Ewing, Mike Ginn, Li Ming Hu, Olivia Tennet, James Gaylyn, Adelaide Kane, Andrew Laing, Charlie McDermott, Mark Mitchinson</field>
	<field name="country">United States</field>
	<field name="date_added">January 1, 2016</field>
	<field name="rating">TV-Y7-FV</field>
	<field name="duration">1 Season</field>
	<field name="listed_in">Kids' TV</field>
	<field name="description">The Power Rangers' new member, Dillon, isn't sure he wants to be on the team until he has a dream that sets the Rangers into action.</field>
</item><item>
	<field name="show_id">70212989</field>
	<field name="title">The Pyramid Code</field>
	<field name="director">nan</field>
	<field name="cast">Sally Jennings</field>
	<field name="country">Canada</field>
	<field name="date_added">February 8, 2016</field>
	<field name="rating">TV-PG</field>
	<field name="duration">1 Season</field>
	<field name="listed_in">Docuseries, Science & Nature TV</field>
	<field name="description">How was the scientific understanding of the ancients so advanced? A team of experts answers this and other questions in this fascinating series.</field>
</item><item>
	<field name="show_id">80037129</field>
	<field name="title">Ezel</field>
	<field name="director">nan</field>
	<field name="cast">Kenan İmirzalıoğlu, Cansu Dere, Haluk Bilginer, Yiğit Özşener, Barış Falay, Burçin Terzioğlu, Bade İşçil, Sarp Akkaya, İpek Bilgin, Salih Kalyon, Tuncel Kurtiz, Sedef Avcı, Berrak Tüzünataç, İsmail Filiz</field>
	<field name="country">Turkey</field>
	<field name="date_added">December 26, 2016</field>
	<field name="rating">TV-14</field>
	<field name="duration">1 Season</field>
	<field name="listed_in">Crime TV Shows, International TV Shows, TV Dramas</field>
	<field name="description">A young man framed for a crime escapes a prison sentence by faking his own death and assuming a new identity as he seeks revenge.</field>
</item><item>
	<field name="show_id">70213120</field>
	<field name="title">Beyblade: Metal Fusion</field>
	<field name="director">nan</field>
	<field name="cast">Aki Kanada, Satoshi Hino, Emiri Kato, Kei Shindo, Robert Tinkler, Peter Cugno, Lisette St. Louis, Barbara Mamabolo</field>
	<field name="country">Japan</field>
	<field name="date_added">December 15, 2017</field>
	<field name="rating">TV-Y7</field>
	<field name="duration">1 Season</field>
	<field name="listed_in">Anime Series, Kids' TV</field>
	<field name="description">In this anime adventure series for kids, the forces of good and evil "blade it out," battling each other with enchanted spinning tops.</field>
</item><item>
	<field name="show_id">80202859</field>
	<field name="title">The Bachelor</field>
	<field name="director">nan</field>
	<field name="cast">nan</field>
	<field name="country">nan</field>
	<field name="date_added">December 1, 2019</field>
	<field name="rating">TV-14</field>
	<field name="duration">1 Season</field>
	<field name="listed_in">Reality TV, Romantic TV Shows</field>
	<field name="description">A single man searches for his soulmate through a series of dates with 25 contestants ready to romance him for a chance at love.</field>
</item><item>
	<field name="show_id">80136455</field>
	<field name="title">The Iron Lady</field>
	<field name="director">nan</field>
	<field name="cast">Yeo Yann Yann, Aenie Wong, Seck Fook Yee, Jacky Kam, Frederick Lee, Jeffery Cheng, Mandy Chen</field>
	<field name="country">nan</field>
	<field name="date_added">August 14, 2017</field>
	<field name="rating">TV-PG</field>
	<field name="duration">1 Season</field>
	<field name="listed_in">International TV Shows, TV Dramas</field>
	<field name="description">After business troubles destroy her father, a headstrong young woman does battle with her deeply patriarchal culture to secure her family's legacy.</field>
</item><item>
	<field name="show_id">70254851</field>
	<field name="title">World War II in Colour</field>
	<field name="director">nan</field>
	<field name="cast">Robert Powell</field>
	<field name="country">United Kingdom</field>
	<field name="date_added">August 1, 2017</field>
	<field name="rating">NR</field>
	<field name="duration">1 Season</field>
	<field name="listed_in">British TV Shows, Docuseries, International TV Shows</field>
	<field name="description">Footage of the most dramatic moments from World War II is restored in color and high definition for this historical documentary series.</field>
</item><item>
	<field name="show_id">70303287</field>
	<field name="title">Autumn's Concerto</field>
	<field name="director">nan</field>
	<field name="cast">Ady An, Vanness Wu, Ann Hsu, Chris Wu, Xiao Xiao Bin</field>
	<field name="country">Taiwan</field>
	<field name="date_added">August 1, 2016</field>
	<field name="rating">TV-14</field>
	<field name="duration">1 Season</field>
	<field name="listed_in">International TV Shows, Romantic TV Shows, TV Dramas</field>
	<field name="description">After losing all memories of his past, a wealthy lawyer travels to a rural village where a woman he once loved now lives with her son.</field>
</item><item>
	<field name="show_id">80108844</field>
	<field name="title">Queen of No Marriage</field>
	<field name="director">nan</field>
	<field name="cast">Ethan Juan, Cheryl Yang, Harry Chang, Sylvia Yang, James Wen, Patrick Lee</field>
	<field name="country">Taiwan</field>
	<field name="date_added">August 1, 2016</field>
	<field name="rating">TV-14</field>
	<field name="duration">1 Season</field>
	<field name="listed_in">International TV Shows, Romantic TV Shows, TV Comedies</field>
	<field name="description">Sparks begin to fly when a successful 33-year-old single woman and a 25-year-old romantic with few prospects navigate love and differences.</field>
</item><item>
	<field name="show_id">81072752</field>
	<field name="title">K.O.3an Guo</field>
	<field name="director">nan</field>
	<field name="cast">George Hu, Chen De-xiu, Bo Yan, Lorene Ren, Tsai Yi-chen, Benjamin H. Wang, Wes Lo, Shao Xiang, Pets Tseng, Nylon Chen, Wu Xiong</field>
	<field name="country">Taiwan</field>
	<field name="date_added">April 30, 2019</field>
	<field name="rating">TV-14</field>
	<field name="duration">1 Season</field>
	<field name="listed_in">International TV Shows, TV Comedies, TV Sci-Fi & Fantasy</field>
	<field name="description">In the Silver Dimension, Liu Bei, Guan Yu and Zhang Fei plan to enroll in an elite academy as sworn brothers, but KO One visitors derail the plan.</field>
</item><item>
	<field name="show_id">70225722</field>
	<field name="title">Life</field>
	<field name="director">nan</field>
	<field name="cast">David Attenborough</field>
	<field name="country">United Kingdom, United States, Greece, Italy, Germany</field>
	<field name="date_added">April 22, 2015</field>
	<field name="rating">TV-PG</field>
	<field name="duration">1 Season</field>
	<field name="listed_in">British TV Shows, Docuseries, International TV Shows</field>
	<field name="description">Discover the glorious variety of life on Earth and the spectacular and extraordinary tactics animals and plants have developed to stay alive.</field>
</item><item>
	<field name="show_id">70266023</field>
	<field name="title">Life on Location</field>
	<field name="director">nan</field>
	<field name="cast">David Attenborough</field>
	<field name="country">United States</field>
	<field name="date_added">April 22, 2015</field>
	<field name="rating">TV-G</field>
	<field name="duration">1 Season</field>
	<field name="listed_in">British TV Shows, Docuseries, Science & Nature TV</field>
	<field name="description">Members of the BBC's "Life" production crew go behind the scenes to explain just what it took to capture key sequences of the program.</field>
</item><item>
	<field name="show_id">80045629</field>
	<field name="title">Nature's Great Events: Diaries</field>
	<field name="director">nan</field>
	<field name="cast">David Attenborough</field>
	<field name="country">United States, United Kingdom</field>
	<field name="date_added">April 22, 2015</field>
	<field name="rating">TV-PG</field>
	<field name="duration">1 Season</field>
	<field name="listed_in">British TV Shows, Docuseries, Science & Nature TV</field>
	<field name="description">Look behind the scenes of this wildlife documentary series that examines how animals around the world adapt to chaotic natural phenomena.</field>
</item><item>
	<field name="show_id">70136114</field>
	<field name="title">The L Word</field>
	<field name="director">nan</field>
	<field name="cast">Jennifer Beals, Leisha Hailey, Laurel Holloman, Mia Kirshner, Katherine Moennig, Pam Grier, Rachel Shelley, Daniela Sea, Erin Daniels, Marlee Matlin</field>
	<field name="country">Canada, United States</field>
	<field name="date_added"> March 20, 2018</field>
	<field name="rating">TV-MA</field>
	<field name="duration">6 Seasons</field>
	<field name="listed_in">Romantic TV Shows, TV Dramas</field>
	<field name="description">This trailblazing series follows the tangled lives and ever-changing relationships among a close-knit group of lesbians who call Los Angeles home.</field>
</item><item>
	<field name="show_id">70205024</field>
	<field name="title">Soul Eater</field>
	<field name="director">nan</field>
	<field name="cast">Chiaki Omigawa, Laura Bailey, Emiri Kato, Kouki Uchiyama, Micah Solusod, Yumiko Kobayashi, Brittney Karbowski, Mamoru Miyano, Todd Haberkorn, Kaori Nazuka, Monica Rial, Akeno Watanabe, Jamie Marchi, Narumi Takahira, Cherami Leigh, Houko Kuwashima</field>
	<field name="country">Japan</field>
	<field name="date_added"> January 16, 2020</field>
	<field name="rating">TV-14</field>
	<field name="duration">4 Seasons</field>
	<field name="listed_in">Anime Series, International TV Shows</field>
	<field name="description">Maka and the other students at the Death Weapon Meister Academy must kill 99 evil humans and one witch, absorbing their spirits when they die.</field>
</item><item>
	<field name="show_id">70180051</field>
	<field name="title">H2O: Just Add Water</field>
	<field name="director">nan</field>
	<field name="cast">Cariba Heine, Phoebe Tonkin, Angus McLaren, Burgess Abernethy, Claire Holt, Alan David Lee, Cleo Massey, Jamie Timony</field>
	<field name="country">Australia</field>
	<field name="date_added"> February 8, 2017</field>
	<field name="rating">TV-PG</field>
	<field name="duration">3 Seasons</field>
	<field name="listed_in">Kids' TV, TV Dramas</field>
	<field name="description">The gals in this fantasy series cope with the burden of growing a giant fin and transforming into mermaids whenever they come in contact with water.</field>
</item>