<item>
	<field name="show_id">80236356</field>
	<field name="title">Monty Python: Live at Aspen</field>
	<field name="director">nan</field>
	<field name="cast">Robert Klein, John Cleese, Terry Gilliam, Eric Idle, Terry Jones, Michael Palin, Graham Chapman, Eddie Izzard</field>
	<field name="country">United States</field>
	<field name="date_added">October 2, 2018</field>
	<field name="rating">TV-MA</field>
	<field name="duration">58 min</field>
	<field name="listed_in">Comedies, Documentaries</field>
	<field name="description">The members of Monty Python reunite on stage to talk about making their iconic show that changed sketch comedy forever.</field>
</item><item>
	<field name="show_id">18021979</field>
	<field name="title">The Rugrats Movie</field>
	<field name="director">Igor Kovalyov, Norton Virgien</field>
	<field name="cast">Elizabeth Daily, Christine Cavanaugh, Kath Soucie, Melanie Chartoff, Phil Proctor, Cree Summer, Cheryl Chase, Tara Strong, Jack Riley, Joe Alaskey, Michael Bell, Tress MacNeille, Busta Rhymes, Whoopi Goldberg, David Spade</field>
	<field name="country">United States</field>
	<field name="date_added">October 1, 2019</field>
	<field name="rating">G</field>
	<field name="duration">81 min</field>
	<field name="listed_in">Children & Family Movies, Comedies</field>
	<field name="description">When his baby brother Dil is born, Tommy Pickles and his pals decide that he's too much responsibility and try to return him to the hospital.</field>
</item><item>
	<field name="show_id">18002692</field>
	<field name="title">American History X</field>
	<field name="director">Tony Kaye</field>
	<field name="cast">Edward Norton, Edward Furlong, Beverly D'Angelo, Jennifer Lien, Ethan Suplee, Fairuza Balk, Avery Brooks, Elliott Gould, Stacy Keach, William Russ, Guy Torry</field>
	<field name="country">United States</field>
	<field name="date_added">November 1, 2019</field>
	<field name="rating">R</field>
	<field name="duration">119 min</field>
	<field name="listed_in">Dramas</field>
	<field name="description">A neo-Nazi gets sent to prison for murder and comes out a changed man. But can he prevent his younger brother from following in his footsteps?</field>
</item><item>
	<field name="show_id">1192866</field>
	<field name="title">Fallen</field>
	<field name="director">Gregory Hoblit</field>
	<field name="cast">Denzel Washington, John Goodman, Donald Sutherland, Embeth Davidtz, James Gandolfini, Elias Koteas, Gabriel Casseus, Michael J. Pagan, Robert Joy</field>
	<field name="country">United States</field>
	<field name="date_added">November 1, 2019</field>
	<field name="rating">R</field>
	<field name="duration">124 min</field>
	<field name="listed_in">Thrillers</field>
	<field name="description">A tough homicide cop faces his most dangerous assignment when he must stop a murderous evil spirit who can move from one host to the next.</field>
</item><item>
	<field name="show_id">11819434</field>
	<field name="title">Fear and Loathing in Las Vegas</field>
	<field name="director">Terry Gilliam</field>
	<field name="cast">Johnny Depp, Benicio Del Toro, Tobey Maguire, Ellen Barkin, Gary Busey, Christina Ricci, Mark Harmon, Cameron Diaz, Katherine Helmond, Michael Jeter, Craig Bierko, Lyle Lovett, Flea, Christopher Meloni, Harry Dean Stanton, Tim Thomerson</field>
	<field name="country">United States</field>
	<field name="date_added">November 1, 2019</field>
	<field name="rating">R</field>
	<field name="duration">118 min</field>
	<field name="listed_in">Comedies, Cult Movies, Dramas</field>
	<field name="description">A sportswriter and his Samoan lawyer embark on a hallucinogenic three-day romp from Los Angeles to Las Vegas in this counterculture cult favorite.</field>
</item><item>
	<field name="show_id">17236920</field>
	<field name="title">Rounders</field>
	<field name="director">John Dahl</field>
	<field name="cast">Matt Damon, Edward Norton, John Turturro, Gretchen Mol, Famke Janssen, John Malkovich, Martin Landau, Michael Rispoli, Josh Mostel, Tom Aldredge</field>
	<field name="country">United States</field>
	<field name="date_added">November 1, 2019</field>
	<field name="rating">R</field>
	<field name="duration">121 min</field>
	<field name="listed_in">Dramas</field>
	<field name="description">A law student befriends and "befoes" a fellow gambling addict and a club owner, and tensions run high when they must come up with $15k in just 5 days.</field>
</item><item>
	<field name="show_id">16914787</field>
	<field name="title">BASEketball</field>
	<field name="director">David Zucker</field>
	<field name="cast">Trey Parker, Matt Stone, Dian Bachar, Yasmine Bleeth, Jenny McCarthy, Ernest Borgnine, Robert Vaughn, Trevor Einhorn</field>
	<field name="country">United States</field>
	<field name="date_added">November 1, 2018</field>
	<field name="rating">R</field>
	<field name="duration">103 min</field>
	<field name="listed_in">Comedies, Sports Movies</field>
	<field name="description">When two slackers' made-up sport, BASEketball, becomes a national craze, they hope to cash in on the basketball/baseball hybrid's popularity.</field>
</item><item>
	<field name="show_id">60000545</field>
	<field name="title">The Interview</field>
	<field name="director">Craig Monahan</field>
	<field name="cast">Hugo Weaving, Tony Martin, Aaron Jeffery, Paul Sonkkila, Michael Caton, Peter McCauley</field>
	<field name="country">Australia</field>
	<field name="date_added">November 1, 2016</field>
	<field name="rating">NR</field>
	<field name="duration">101 min</field>
	<field name="listed_in">Cult Movies, Dramas, Thrillers</field>
	<field name="description">When a man who's seemingly lost everything is grabbed by police for questioning, it starts a twisted cat-and-mouse game between him and a detective.</field>
</item><item>
	<field name="show_id">17687959</field>
	<field name="title">The Waterboy</field>
	<field name="director">Frank Coraci</field>
	<field name="cast">Adam Sandler, Kathy Bates, Henry Winkler, Fairuza Balk, Jerry Reed, Lawrence Gilliard Jr., Blake Clark, Peter Dante, Jonathan Loughran, Al Whiting</field>
	<field name="country">United States</field>
	<field name="date_added">March 8, 2017</field>
	<field name="rating">PG-13</field>
	<field name="duration">90 min</field>
	<field name="listed_in">Comedies, Sports Movies</field>
	<field name="description">A water boy for a college football team has a rage that makes him a tackling machine whose bone-crushing power might vault his team into the playoffs.</field>
</item><item>
	<field name="show_id">70041893</field>
	<field name="title">Pizza, birra, faso</field>
	<field name="director">Israel Adrián Caetano, Bruno Stagnaro</field>
	<field name="cast">Héctor Anglada, Jorge Sesán, Pamela Jordán, Adrián Yospe, Daniel Di Biase, Walter Díaz, Martín Adjemián, Elena Cánepa, Rubén Rodríguez, Tony Lestingi, Alejandro Pous</field>
	<field name="country">Argentina</field>
	<field name="date_added">March 15, 2018</field>
	<field name="rating">TV-MA</field>
	<field name="duration">81 min</field>
	<field name="listed_in">Dramas, International Movies</field>
	<field name="description">A group of hardscrabble young thieves in Argentina decide to leave their boss and plan heists on their own.</field>
</item><item>
	<field name="show_id">17671454</field>
	<field name="title">Dil Se</field>
	<field name="director">Mani Ratnam</field>
	<field name="cast">Shah Rukh Khan, Manisha Koirala, Preity Zinta, Raghuvir Yadav, Zohra Sehgal, Sabyasachi Chakraborty, Piyush Mishra, Krishnakant, Aditya Srivastava</field>
	<field name="country">India</field>
	<field name="date_added">March 1, 2018</field>
	<field name="rating">TV-14</field>
	<field name="duration">166 min</field>
	<field name="listed_in">Dramas, International Movies, Romantic Movies</field>
	<field name="description">A radio broadcaster's intense attraction to a mysterious woman opens the door to a tidal wave of powerful emotions and desires.</field>
</item><item>
	<field name="show_id">81033473</field>
	<field name="title">EVANGELION: DEATH (TRUE)²</field>
	<field name="director">Hideaki Anno</field>
	<field name="cast">Megumi Ogata, Kotono Mitsuishi, Megumi Hayashibara, Yuko Miyamura, Yuriko Yamaguchi, Fumihiko Tachiki, Motomu Kiyokawa, Koichi Yamadera, Takehito Koyasu, Hiro Yuki, Miki Nagasawa, Mugihito, Akira Ishida</field>
	<field name="country">Japan</field>
	<field name="date_added">June 21, 2019</field>
	<field name="rating">TV-14</field>
	<field name="duration">69 min</field>
	<field name="listed_in">Action & Adventure, Anime Features, International Movies</field>
	<field name="description">Fifteen years after the Second Impact, apathetic teen Shinji joins his father's group NERV to fight the Angels. But the truth may destroy them all.</field>
</item><item>
	<field name="show_id">20129240</field>
	<field name="title">Small Soldiers</field>
	<field name="director">Joe Dante</field>
	<field name="cast">Kirsten Dunst, Gregory Smith, Jay Mohr, Phil Hartman, Kevin Dunn, Denis Leary, Frank Langella, Tommy Lee Jones, Ernest Borgnine</field>
	<field name="country">United States</field>
	<field name="date_added">June 1, 2019</field>
	<field name="rating">PG-13</field>
	<field name="duration">110 min</field>
	<field name="listed_in">Action & Adventure, Comedies, Sci-Fi & Fantasy</field>
	<field name="description">When the Commando Elite, a group of toy action figures, are released before they've been tested, they attack the children playing with them.</field>
</item><item>
	<field name="show_id">80156936</field>
	<field name="title">Qila</field>
	<field name="director">Umesh Mehra</field>
	<field name="cast">Dilip Kumar, Mukul Dev, Rekha, Mamta Kulkarni, Smita Jaykar, Gulshan Grover</field>
	<field name="country">India</field>
	<field name="date_added">June 1, 2017</field>
	<field name="rating">TV-14</field>
	<field name="duration">161 min</field>
	<field name="listed_in">Dramas, International Movies</field>
	<field name="description">When an abusive landowner is murdered, his twin brother sets out to find the killer but quickly discovers that everyone, it seems, wanted him dead.</field>
</item><item>
	<field name="show_id">1193180</field>
	<field name="title">Kurt & Courtney</field>
	<field name="director">Nick Broomfield</field>
	<field name="cast">Kurt Cobain, Courtney Love</field>
	<field name="country">United Kingdom</field>
	<field name="date_added">January 8, 2019</field>
	<field name="rating">R</field>
	<field name="duration">95 min</field>
	<field name="listed_in">Documentaries, Music & Musicals</field>
	<field name="description">This film charts Nirvana's Kurt Cobain's rise to fame, his drug-addled romance with Courtney Love and the conspiracy theories surrounding his death.</field>
</item><item>
	<field name="show_id">21028726</field>
	<field name="title">Jerry Seinfeld: I'm Telling You for the Last Time</field>
	<field name="director">Marty Callner</field>
	<field name="cast">Jerry Seinfeld</field>
	<field name="country">United States</field>
	<field name="date_added">January 30, 2018</field>
	<field name="rating">TV-G</field>
	<field name="duration">69 min</field>
	<field name="listed_in">Stand-Up Comedy</field>
	<field name="description">Months after his classic TV sitcom ends, the legendary comic returns to his stand-up roots to deliver his best jokes on a sold-out international tour.</field>
</item><item>
	<field name="show_id">11819467</field>
	<field name="title">Godzilla</field>
	<field name="director">Roland Emmerich</field>
	<field name="cast">Matthew Broderick, Jean Reno, Maria Pitillo, Hank Azaria, Kevin Dunn, Michael Lerner, Harry Shearer, Arabella Field, Vicki Lewis, Doug Savant, Malcolm Danare</field>
	<field name="country">United States, Japan</field>
	<field name="date_added">January 1, 2020</field>
	<field name="rating">PG-13</field>
	<field name="duration">139 min</field>
	<field name="listed_in">Action & Adventure, Sci-Fi & Fantasy</field>
	<field name="description">A team of experts – including a biologist and two scientists – must stop an oversized lizard from destroying all of Manhattan.</field>
</item><item>
	<field name="show_id">5670479</field>
	<field name="title">The Mask of Zorro</field>
	<field name="director">Martin Campbell</field>
	<field name="cast">Antonio Banderas, Anthony Hopkins, Catherine Zeta-Jones, Stuart Wilson, Matt Letscher, Tony Amendola, Pedro Armendáriz Jr., William Marquez, José Pérez, Victor Rivers</field>
	<field name="country">United States, Germany, Mexico</field>
	<field name="date_added">January 1, 2020</field>
	<field name="rating">PG-13</field>
	<field name="duration">138 min</field>
	<field name="listed_in">Action & Adventure, Romantic Movies</field>
	<field name="description">An aging Zorro passes the torch to a young successor, schooling him in discipline and training him to take up the sword against crooked officials.</field>
</item><item>
	<field name="show_id">16944044</field>
	<field name="title">Lock, Stock and Two Smoking Barrels</field>
	<field name="director">Guy Ritchie</field>
	<field name="cast">Jason Flemyng, Dexter Fletcher, Nick Moran, Jason Statham, Steven Mackintosh, Nicholas Rowe, Nick Marcq, Charles Forbes, Vinnie Jones, Lenny McLean</field>
	<field name="country">United Kingdom</field>
	<field name="date_added">January 1, 2019</field>
	<field name="rating">R</field>
	<field name="duration">108 min</field>
	<field name="listed_in">Action & Adventure, Comedies, Independent Movies</field>
	<field name="description">Hoping to make a bundle in a high-stakes poker game, four shiftless lads from London's East End instead find themselves swimming in debt.</field>
</item><item>
	<field name="show_id">60004509</field>
	<field name="title">Scooby-Doo on Zombie Island</field>
	<field name="director">Hiroshi Aoyama, Kazumi Fukushima, Jim Stenstrum</field>
	<field name="cast">Scott Innes, Billy West, Mary Kay Bergman, Frank Welker, B.J. Ward, Adrienne Barbeau, Tara Strong, Cam Clarke, Mark Hamill</field>
	<field name="country">United States</field>
	<field name="date_added">December 15, 2019</field>
	<field name="rating">TV-PG</field>
	<field name="duration">77 min</field>
	<field name="listed_in">Children & Family Movies</field>
	<field name="description">When Daphne's TV show does a segment on real monsters, the gang fires up the Mystery Machine and heads to Moonscar Island, where zombies await.</field>
</item><item>
	<field name="show_id">18066997</field>
	<field name="title">A Night at the Roxbury</field>
	<field name="director">John Fortenberry</field>
	<field name="cast">Will Ferrell, Chris Kattan, Dan Hedaya, Molly Shannon, Richard Grieco, Loni Anderson, Elisa Donovan, Gigi Rice, Lochlyn Munro, Dwayne Hickman</field>
	<field name="country">United States</field>
	<field name="date_added">December 1, 2019</field>
	<field name="rating">PG-13</field>
	<field name="duration">82 min</field>
	<field name="listed_in">Comedies, Cult Movies</field>
	<field name="description">After a run-in with Richard Grieco, dimwits Doug and Steve gain entry to a swanky nightclub in this comedy based on a "Saturday Night Live" sketch.</field>
</item><item>
	<field name="show_id">60000677</field>
	<field name="title">Head On</field>
	<field name="director">Ana Kokkinos</field>
	<field name="cast">Alex Dimitriades, Paul Capsis, Julian Garner, Tony Nikolakopoulos, Elena Mandalis, Eugenia Fragos, Damien Fotiou, Andrea Mandalis, Maria Mercedes, Dora Kaskanis, Alex Papps, Vassili Zappa</field>
	<field name="country">Australia</field>
	<field name="date_added">August 25, 2018</field>
	<field name="rating">TV-MA</field>
	<field name="duration">104 min</field>
	<field name="listed_in">Dramas, Independent Movies, LGBTQ Movies</field>
	<field name="description">This edgy drama follows 19-year-old Ari, a gay Greek-Australian whose roiling ethnic- and sexual-identity struggles lead to a wild, 24-hour odyssey.</field>
</item><item>
	<field name="show_id">81008272</field>
	<field name="title">One Last Shot</field>
	<field name="director">Mike Clattenburg</field>
	<field name="cast">Robb Wells, John Paul Tremblay, John Dunsworth</field>
	<field name="country">Canada</field>
	<field name="date_added">August 24, 2018</field>
	<field name="rating">TV-MA</field>
	<field name="duration">31 min</field>
	<field name="listed_in">Comedies</field>
	<field name="description">In this low-budget short film, two best buddies meet up for a night of booze-fueled fun before one of them moves to Vancouver.</field>
</item>