<item>
	<field name="show_id">70213084</field>
	<field name="title">Power Rangers in Space</field>
	<field name="director">nan</field>
	<field name="cast">Tracy Lynn Cruz, Patricia Ja Lee, Christopher Khayman Lee, Justin Nimmo, Roger Velasco, Selwyn Ward, Melody Perkins, Paul Schrier, Jason Narvy, Mioko Fujiwara, Soichiro Hoshi, Yuji Kishimoto, Sanae Kobayashi, Tsuyoshi Takishita, Lex Lang</field>
	<field name="country">United States, France, Japan</field>
	<field name="date_added">January 1, 2016</field>
	<field name="rating">TV-Y7-FV</field>
	<field name="duration">1 Season</field>
	<field name="listed_in">Kids' TV</field>
	<field name="description">With the Power Chamber destroyed, former Turbo Power Rangers T.J., Cassie, Carlos and Ashley search for Zordon, who's been abducted by Dark Specter.</field>
</item><item>
	<field name="show_id">70264616</field>
	<field name="title">Goosebumps</field>
	<field name="director">nan</field>
	<field name="cast">R.L. Stine</field>
	<field name="country">Canada</field>
	<field name="date_added"> November 19, 2014</field>
	<field name="rating">TV-Y7</field>
	<field name="duration">5 Seasons</field>
	<field name="listed_in">Kids' TV, TV Thrillers</field>
	<field name="description">R.L. Stine's tales take on a life of their own in a series that combines original stories with adaptations drawn from the popular books.</field>
</item><item>
	<field name="show_id">80016571</field>
	<field name="title">Rurouni Kenshin</field>
	<field name="director">nan</field>
	<field name="cast">Mayo Suzukaze, Miki Fujitani, Miina Tominaga, Yuji Ueda, Mika Doi, Yoshito Yasuhara, Hirotaka Suzuoki, Tomo Sakurai, Shuichi Ikeda</field>
	<field name="country">Japan</field>
	<field name="date_added"> January 1, 2020</field>
	<field name="rating">TV-14</field>
	<field name="duration">3 Seasons</field>
	<field name="listed_in">Anime Series, International TV Shows</field>
	<field name="description">A nomadic swordsman arrives at a martial arts school in Meiji-era Japan, where he lands in the middle of a conflict involving the opium trade.</field>
</item>