<item>
	<field name="show_id">60011552</field>
	<field name="title">What's Eating Gilbert Grape</field>
	<field name="director">Lasse Hallström</field>
	<field name="cast">Johnny Depp, Leonardo DiCaprio, Juliette Lewis, Mary Steenburgen, Darlene Cates, Laura Harrington, Mary Kate Schellhardt, Kevin Tighe, John C. Reilly, Crispin Glover</field>
	<field name="country">United States</field>
	<field name="date_added">November 20, 2019</field>
	<field name="rating">PG-13</field>
	<field name="duration">118 min</field>
	<field name="listed_in">Classic Movies, Dramas, Independent Movies</field>
	<field name="description">In a backwater Iowa town, young Gilbert is torn between taking care of his troubled family and a girl who shows him new possibilities for his life.</field>
</item><item>
	<field name="show_id">22497725</field>
	<field name="title">National Lampoon's Loaded Weapon 1</field>
	<field name="director">Gene Quintano</field>
	<field name="cast">Emilio Estevez, Samuel L. Jackson, Jon Lovitz, Tim Curry, Kathy Ireland, Frank McRae, William Shatner, Dhiru Shah, Gokul, Thomas Bruggemann</field>
	<field name="country">nan</field>
	<field name="date_added">November 1, 2019</field>
	<field name="rating">PG-13</field>
	<field name="duration">82 min</field>
	<field name="listed_in">Action & Adventure, Comedies, Independent Movies</field>
	<field name="description">In this parody of the Lethal Weapon franchise, criminals murder a detective and steal her prized evidence: microfilm with a recipe for cocaine cookies. Luckily, loose-cannon cop Jack Colt and his by-the-book partner, Wes Luger, are on the case.</field>
</item><item>
	<field name="show_id">848915</field>
	<field name="title">The Pelican Brief</field>
	<field name="director">Alan J. Pakula</field>
	<field name="cast">Julia Roberts, Denzel Washington, Sam Shepard, John Heard, Tony Goldwyn, James Sikking, William Atherton, Robert Culp, Stanley Tucci, John Lithgow, Hume Cronyn</field>
	<field name="country">United States</field>
	<field name="date_added">November 1, 2019</field>
	<field name="rating">PG-13</field>
	<field name="duration">141 min</field>
	<field name="listed_in">Dramas, Thrillers</field>
	<field name="description">When law student Darby Shaw theorizes about the assassinations of two Supreme Court justices, she is put in danger and turns to a reporter for help.</field>
</item><item>
	<field name="show_id">17969262</field>
	<field name="title">Khalnayak</field>
	<field name="director">Subhash Ghai</field>
	<field name="cast">Sanjay Dutt, Madhuri Dixit, Jackie Shroff, Anupam Kher, Rakhee Gulzar, Pramod Moutho, Ramya Krishnan, Sushmita Mukherjee, Neena Gupta, A.K. Hangal</field>
	<field name="country">India</field>
	<field name="date_added">March 1, 2018</field>
	<field name="rating">TV-14</field>
	<field name="duration">170 min</field>
	<field name="listed_in">Action & Adventure, Dramas, International Movies</field>
	<field name="description">A prison guard goes undercover as a dancer to try and recapture an escaped criminal and restore her police inspector boyfriend's reputation.</field>
</item><item>
	<field name="show_id">80157084</field>
	<field name="title">Aashik Awara</field>
	<field name="director">Umesh Mehra</field>
	<field name="cast">Saif Ali Khan, Mamta Kulkarni, Mohnish Bahl, Sharmila Tagore, Saeed Jaffrey, Kader Khan</field>
	<field name="country">India</field>
	<field name="date_added">June 1, 2017</field>
	<field name="rating">TV-14</field>
	<field name="duration">154 min</field>
	<field name="listed_in">Dramas, International Movies, Music & Musicals</field>
	<field name="description">Raised by a kindly thief, orphaned Jimmy goes on the run from goons and falls in love with Jyoti, whose father indirectly caused his parents' deaths.</field>
</item><item>
	<field name="show_id">70057994</field>
	<field name="title">Maya Memsaab</field>
	<field name="director">Ketan Mehta</field>
	<field name="cast">Deepa Sahi, Farooq Shaikh, Raj Babbar, Shah Rukh Khan, Shreeram Lagoo, Sudha Shivpuri, Paresh Rawal, Raghuvir Yadav, Satyadev Dubey</field>
	<field name="country">France, United Kingdom, India</field>
	<field name="date_added">June 1, 2017</field>
	<field name="rating">NR</field>
	<field name="duration">122 min</field>
	<field name="listed_in">Dramas, International Movies, Music & Musicals</field>
	<field name="description">A beautiful, wealthy woman’s insatiable appetite for romance leads to tragedy and a police investigation.</field>
</item><item>
	<field name="show_id">81005401</field>
	<field name="title">Tango Feroz</field>
	<field name="director">nan</field>
	<field name="cast">nan</field>
	<field name="country">Argentina, Spain</field>
	<field name="date_added">July 15, 2018</field>
	<field name="rating">TV-MA</field>
	<field name="duration">124 min</field>
	<field name="listed_in">Classic Movies, Dramas, International Movies</field>
	<field name="description">One of the first rock stars in Argentina, Tango leads a full life during an era of social unrest – one of both glory and despair.</field>
</item><item>
	<field name="show_id">855084</field>
	<field name="title">Philadelphia</field>
	<field name="director">Jonathan Demme</field>
	<field name="cast">Tom Hanks, Denzel Washington, Jason Robards, Mary Steenburgen, Antonio Banderas, Ron Vawter, Robert Ridgely, Charles Napier, Lisa Summerour, Obba Babatundé</field>
	<field name="country">United States</field>
	<field name="date_added">July 1, 2019</field>
	<field name="rating">PG-13</field>
	<field name="duration">126 min</field>
	<field name="listed_in">Classic Movies, Dramas, LGBTQ Movies</field>
	<field name="description">Philadelphia attorney Andrew Beckett launches a wrongful termination suit against his law firm when they fire him because he's gay and HIV-positive.</field>
</item><item>
	<field name="show_id">523650</field>
	<field name="title">Free Willy</field>
	<field name="director">Simon Wincer</field>
	<field name="cast">Jason James Richter, Lori Petty, Jayne Atkinson, August Schellenberg, Michael Madsen, Michael Ironside, Richard Riehle, Mykelti Williamson, Michael Bacall, Danielle Harris</field>
	<field name="country">United States, France, Mexico</field>
	<field name="date_added">January 1, 2020</field>
	<field name="rating">PG</field>
	<field name="duration">112 min</field>
	<field name="listed_in">Children & Family Movies, Dramas</field>
	<field name="description">Ordered to clean up the graffiti he painted at a marine theme park, a troubled young boy unexpectedly bonds with a killer whale on exhibit.</field>
</item><item>
	<field name="show_id">60035996</field>
	<field name="title">Sliver</field>
	<field name="director">Phillip Noyce</field>
	<field name="cast">Sharon Stone, William Baldwin, Tom Berenger, Polly Walker, Colleen Camp, Amanda Foreman, Martin Landau, CCH Pounder, Nina Foch, Keene Curtis</field>
	<field name="country">United States</field>
	<field name="date_added">January 1, 2020</field>
	<field name="rating">R</field>
	<field name="duration">107 min</field>
	<field name="listed_in">Thrillers</field>
	<field name="description">A divorcée moves into a high-rise with a sordid past and begins a steamy affair with her neighbor, unaware that her every move is being monitored.</field>
</item><item>
	<field name="show_id">80108207</field>
	<field name="title">Bill Hicks: Revelations</field>
	<field name="director">Chris Bould</field>
	<field name="cast">Bill Hicks</field>
	<field name="country">United Kingdom</field>
	<field name="date_added">December 31, 2018</field>
	<field name="rating">TV-MA</field>
	<field name="duration">56 min</field>
	<field name="listed_in">Stand-Up Comedy</field>
	<field name="description">In his final recorded special, the iconoclastic comedian channels Goat Boy and tackles provocative topics like British porn, pot and the priesthood.</field>
</item><item>
	<field name="show_id">80997857</field>
	<field name="title">The Bare-Footed Kid</field>
	<field name="director">Johnnie To</field>
	<field name="cast">Aaron Kwok, Lung Ti, Maggie Cheung, Chien-lien Wu, Paul Chun, Kenneth Tsang</field>
	<field name="country">Hong Kong</field>
	<field name="date_added">August 16, 2018</field>
	<field name="rating">TV-MA</field>
	<field name="duration">83 min</field>
	<field name="listed_in">Action & Adventure, International Movies</field>
	<field name="description">While working at a family friend's business, a penniless orphan draws the attention of a corrupt competitor and is torn between divided loyalties.</field>
</item><item>
	<field name="show_id">80997793</field>
	<field name="title">The Mad Monk</field>
	<field name="director">Johnny To</field>
	<field name="cast">Stephen Chow, Maggie Cheung, Anthony Wong Chau-Sang, Kirk Wong, Ng Man-Tat, Anita Mui</field>
	<field name="country">Hong Kong</field>
	<field name="date_added">August 16, 2018</field>
	<field name="rating">TV-14</field>
	<field name="duration">85 min</field>
	<field name="listed_in">Comedies, International Movies, Sci-Fi & Fantasy</field>
	<field name="description">To avoid punishment for his misdeeds, an arrogant god accepts a mission to reform three mortals on earth, where he must also contend with a demon.</field>
</item><item>
	<field name="show_id">70060380</field>
	<field name="title">A Dangerous Woman</field>
	<field name="director">Stephen Gyllenhaal</field>
	<field name="cast">Debra Winger, Barbara Hershey, Gabriel Byrne, Laurie Metcalf, John Terry, Maggie Gyllenhaal, Jake Gyllenhaal, Chloe Webb, David Strathairn</field>
	<field name="country">United States</field>
	<field name="date_added">April 1, 2018</field>
	<field name="rating">R</field>
	<field name="duration">101 min</field>
	<field name="listed_in">Dramas, Romantic Movies</field>
	<field name="description">At the center of this engrossing melodrama is a Golden Globe-nominated turn by Debra Winger, who plays a sheltered, slow-witted woman living with her widowed Aunt Frances while working at a dry cleaners.</field>
</item><item>
	<field name="show_id">80103383</field>
	<field name="title">Class of '61</field>
	<field name="director">Gregory Hoblit</field>
	<field name="cast">Christien Anholt, Andre Braugher, Dan Futterman, Josh Lucas, Clive Owen, Sophie Ward, Sue-Ann Leeds, Laura Linney</field>
	<field name="country">United States</field>
	<field name="date_added">April 1, 2018</field>
	<field name="rating">TV-PG</field>
	<field name="duration">91 min</field>
	<field name="listed_in">Dramas</field>
	<field name="description">As the Civil War looms, a runaway slave seeks freedom, and West Point cadets find their camaraderie shattered as they choose between North or South.</field>
</item><item>
	<field name="show_id">60036359</field>
	<field name="title">Schindler's List</field>
	<field name="director">Steven Spielberg</field>
	<field name="cast">Liam Neeson, Ben Kingsley, Ralph Fiennes, Caroline Goodall, Jonathan Sagall, Embeth Davidtz, Małgorzata Gebel, Shmulik Levy, Mark Ivanir, Beatrice Macola, Friedrich von Thun, Andrzej Seweryn</field>
	<field name="country">United States</field>
	<field name="date_added">April 1, 2018</field>
	<field name="rating">R</field>
	<field name="duration">195 min</field>
	<field name="listed_in">Classic Movies, Dramas</field>
	<field name="description">Oskar Schindler becomes an unlikely humanitarian, spending his entire fortune to help save 1,100 Jews from Auschwitz during World War II.</field>
</item>