<item>
	<field name="show_id">516154</field>
	<field name="title">For the Love of Benji</field>
	<field name="director">Joe Camp</field>
	<field name="cast">Patsy Garrett, Cynthia Smith, Allen Fiuzat, Ed Nelson, Art Vasil, Peter Bowles, Bridget Armstrong, Mihalis Lambrinos, Dean Goss, Tony Alatis</field>
	<field name="country">United States</field>
	<field name="date_added">March 6, 2018</field>
	<field name="rating">G</field>
	<field name="duration">84 min</field>
	<field name="listed_in">Children & Family Movies</field>
	<field name="description">Benji and his owner get separated in Greece. On his quest to find them, he's targeted by various bad guys who want to get their hands on him.</field>
</item><item>
	<field name="show_id">80106791</field>
	<field name="title">Hitler - A Career</field>
	<field name="director">Joachim Fest, Christian Herrendoerfer</field>
	<field name="cast">nan</field>
	<field name="country">West Germany</field>
	<field name="date_added">February 10, 2017</field>
	<field name="rating">TV-MA</field>
	<field name="duration">150 min</field>
	<field name="listed_in">Documentaries, International Movies</field>
	<field name="description">This documentary examines how Adolf Hitler's talent for manipulation, psychology and image-making led him from humble origins to near-world conquest.</field>
</item><item>
	<field name="show_id">247747</field>
	<field name="title">Amar Akbar Anthony</field>
	<field name="director">Manmohan Desai</field>
	<field name="cast">Vinod Khanna, Rishi Kapoor, Amitabh Bachchan, Neetu Singh, Parveen Babi, Shabana Azmi, Nirupa Roy, Pran</field>
	<field name="country">India</field>
	<field name="date_added">December 31, 2019</field>
	<field name="rating">TV-14</field>
	<field name="duration">172 min</field>
	<field name="listed_in">Action & Adventure, Classic Movies, Comedies</field>
	<field name="description">Abandoned in a park by their father, Amar, Akbar and Anthony grow up independently and have no knowledge of one another. They're reunited as adults when, by coincidence, they all give blood at the same hospital.</field>
</item><item>
	<field name="show_id">60001404</field>
	<field name="title">Swami</field>
	<field name="director">Basu Chatterjee</field>
	<field name="cast">Shabana Azmi, Girish Karnad, Vikram, Dheeraj Kumar, Shashikala, Utpal Dutt, Preeti Ganguli, Sudha Shivpuri</field>
	<field name="country">India</field>
	<field name="date_added">December 31, 2019</field>
	<field name="rating">TV-PG</field>
	<field name="duration">123 min</field>
	<field name="listed_in">Dramas, Independent Movies, International Movies</field>
	<field name="description">After she enters into an arranged marriage, a spirited and intellectual young woman tries to adjust to life with a man who was not her choice.</field>
</item>