<item>
	<field name="show_id">80244567</field>
	<field name="title">Dad's Army</field>
	<field name="director">nan</field>
	<field name="cast">Arthur Lowe, John Le Mesurier, Clive Dunn, John Laurie, Arnold Ridley, Ian Lavender, James Beck, Bill Pertwee</field>
	<field name="country">United Kingdom</field>
	<field name="date_added"> March 31, 2018</field>
	<field name="rating">TV-PG</field>
	<field name="duration">10 Seasons</field>
	<field name="listed_in">British TV Shows, Classic & Cult TV, TV Comedies</field>
	<field name="description">This beloved sitcom follows the unlikely heroes of the volunteer British Home Guard as they prepare for German invasion in World War II.</field>
</item>