<item>
	<field name="show_id">80119190</field>
	<field name="title">Know Your Enemy - Japan</field>
	<field name="director">Frank Capra, Joris Ivens</field>
	<field name="cast">Walter Huston, Dana Andrews</field>
	<field name="country">United States</field>
	<field name="date_added">March 31, 2017</field>
	<field name="rating">TV-14</field>
	<field name="duration">63 min</field>
	<field name="listed_in">Classic Movies, Documentaries</field>
	<field name="description">Though culturally insensitive by modern standards, this propaganda film examines the history of Japan from the 16th century through the 1930s.</field>
</item><item>
	<field name="show_id">80119192</field>
	<field name="title">Nazi Concentration Camps</field>
	<field name="director">George Stevens</field>
	<field name="cast">nan</field>
	<field name="country">United States</field>
	<field name="date_added">March 31, 2017</field>
	<field name="rating">TV-MA</field>
	<field name="duration">59 min</field>
	<field name="listed_in">Classic Movies, Documentaries</field>
	<field name="description">Shocking footage shows Nazi concentration camps after liberation, including Buchenwald and Ohrdruf, where Gen. Eisenhower ordered local Nazis to tour.</field>
</item><item>
	<field name="show_id">80119188</field>
	<field name="title">San Pietro</field>
	<field name="director">John Huston</field>
	<field name="cast">nan</field>
	<field name="country">United States</field>
	<field name="date_added">March 31, 2017</field>
	<field name="rating">TV-14</field>
	<field name="duration">32 min</field>
	<field name="listed_in">Classic Movies, Documentaries</field>
	<field name="description">After the Allies invade Italy, the Liri Valley town of San Pietro becomes an example of the brutal effects of combat, both for soldiers and civilians.</field>
</item>