<item>
	<field name="show_id">70046968</field>
	<field name="title">Cat on a Hot Tin Roof</field>
	<field name="director">Richard Brooks</field>
	<field name="cast">Elizabeth Taylor, Paul Newman, Burl Ives, Jack Carson, Judith Anderson, Madeleine Sherwood, Larry Gates, Vaughn Taylor</field>
	<field name="country">United States</field>
	<field name="date_added">November 1, 2019</field>
	<field name="rating">NR</field>
	<field name="duration">108 min</field>
	<field name="listed_in">Classic Movies, Dramas</field>
	<field name="description">Members of a Southern clan scramble to curry favor with a dying, wealthy patriarch in this adaptation of Tennessee Williams's sizzling stage drama.</field>
</item><item>
	<field name="show_id">542137</field>
	<field name="title">Gigi</field>
	<field name="director">Vincente Minnelli, Charles Walters</field>
	<field name="cast">Leslie Caron, Maurice Chevalier, Louis Jourdan, Hermione Gingold, Eva Gabor, Jacques Bergerac, Isabel Jeans, John Abbott, Edwin Jerome, Corinne Marchand</field>
	<field name="country">United States</field>
	<field name="date_added">November 1, 2019</field>
	<field name="rating">G</field>
	<field name="duration">115 min</field>
	<field name="listed_in">Classic Movies, Comedies, Music & Musicals</field>
	<field name="description">Gigi's an avant-garde French waif being groomed as the fille de joie of affluent and handsome Gaston. Soon Gigi metamorphoses into a stunning beauty.</field>
</item>