<item>
	<field name="show_id">70234439</field>
	<field name="title">Transformers Prime</field>
	<field name="director">nan</field>
	<field name="cast">Peter Cullen, Sumalee Montano, Frank Welker, Jeffrey Combs, Kevin Michael Richardson, Tania Gunadi, Josh Keaton, Steve Blum, Andy Pessoa, Ernie Hudson, Daran Norris, Will Friedle</field>
	<field name="country">United States</field>
	<field name="date_added">September 8, 2018</field>
	<field name="rating">TV-Y7-FV</field>
	<field name="duration">1 Season</field>
	<field name="listed_in">Kids' TV</field>
	<field name="description">With the help of three human allies, the Autobots once again protect Earth from the onslaught of the Decepticons and their leader, Megatron.</field>
</item><item>
	<field name="show_id">80169350</field>
	<field name="title">The Liar</field>
	<field name="director">nan</field>
	<field name="cast">Aenie Wong, Janelle Chin, Karena Teo, Goh Wee Ping, Sam Chong</field>
	<field name="country">nan</field>
	<field name="date_added">October 21, 2017</field>
	<field name="rating">TV-14</field>
	<field name="duration">1 Season</field>
	<field name="listed_in">Crime TV Shows, International TV Shows, TV Dramas</field>
	<field name="description">At the CARE detective agency, investigators see a lot of action but must always keep their cases secret, even when it affects their personal lives.</field>
</item><item>
	<field name="show_id">81029301</field>
	<field name="title">Botched Up Bodies</field>
	<field name="director">nan</field>
	<field name="cast">Charlie Brooks, Sue Johnston</field>
	<field name="country">United Kingdom</field>
	<field name="date_added">October 2, 2019</field>
	<field name="rating">TV-MA</field>
	<field name="duration">1 Season</field>
	<field name="listed_in">British TV Shows, Docuseries, International TV Shows</field>
	<field name="description">From lifting saggy skin to repairing shoddy breast enhancements, plastic surgeons tackle extreme fixer-uppers.</field>
</item><item>
	<field name="show_id">70293417</field>
	<field name="title">Russell Peters vs. the World</field>
	<field name="director">nan</field>
	<field name="cast">Russell Peters</field>
	<field name="country">United States</field>
	<field name="date_added">October 14, 2013</field>
	<field name="rating">NR</field>
	<field name="duration">1 Season</field>
	<field name="listed_in">Docuseries, Stand-Up Comedy & Talk Shows</field>
	<field name="description">A four-part docu-series that's an exclusive, backstage pass to global comedy superstar Russell Peters' record-breaking "Notorious" world tour.</field>
</item><item>
	<field name="show_id">80190518</field>
	<field name="title">Sudden</field>
	<field name="director">nan</field>
	<field name="cast">Rui En, Romeo Tan, Rebecca Lim, Zhang Zhenhuan</field>
	<field name="country">nan</field>
	<field name="date_added">October 1, 2017</field>
	<field name="rating">TV-14</field>
	<field name="duration">1 Season</field>
	<field name="listed_in">International TV Shows, Romantic TV Shows, TV Dramas</field>
	<field name="description">A car accident sends four lawyers spiraling in different directions as they scramble to rebuild their shattered lives.</field>
</item><item>
	<field name="show_id">81033650</field>
	<field name="title">Inheritors</field>
	<field name="director">nan</field>
	<field name="cast">Lee Min-ho, Park Shin-hye, Kim Woo-bin, Krystal Jung, Kim Ji-won, Choi Jin-hyuk, Kang Ha-neul, Kim Sung-ryoung, Kim Mee-kyeong, Yoon Jin-seo</field>
	<field name="country">South Korea</field>
	<field name="date_added">November 15, 2019</field>
	<field name="rating">TV-14</field>
	<field name="duration">1 Season</field>
	<field name="listed_in">International TV Shows, Korean TV Shows, Romantic TV Shows</field>
	<field name="description">After a chance encounter in LA, two teens from different social backgrounds reunite at an exclusive high school attended by Korea’s über rich.</field>
</item><item>
	<field name="show_id">80127995</field>
	<field name="title">Oliver Stone's Untold History of the United States</field>
	<field name="director">Oliver Stone</field>
	<field name="cast">Oliver Stone</field>
	<field name="country">United States</field>
	<field name="date_added">November 15, 2016</field>
	<field name="rating">TV-PG</field>
	<field name="duration">1 Season</field>
	<field name="listed_in">Docuseries</field>
	<field name="description">This documentary series offers an alternative take on modern American history, focusing on underreported events that shaped the nation's character.</field>
</item><item>
	<field name="show_id">80112186</field>
	<field name="title">Just You</field>
	<field name="director">nan</field>
	<field name="cast">Aaron Yan, Puff Kuo, Katherine Wang, Dean Fujioka, Lyla Lin, Lin Yu-pin</field>
	<field name="country">Taiwan</field>
	<field name="date_added">November 1, 2016</field>
	<field name="rating">TV-14</field>
	<field name="duration">1 Season</field>
	<field name="listed_in">International TV Shows, Romantic TV Shows, TV Comedies</field>
	<field name="description">When her uptight new boss and landlord starts a war on office romances, plucky Liang-liang quickly starts looking for ways to get him to lighten up.</field>
</item><item>
	<field name="show_id">80112079</field>
	<field name="title">Love Around</field>
	<field name="director">nan</field>
	<field name="cast">George Hu, Annie Chen, Mandy Tao, Jack Lee, Tan Ai-Chen, Jian Chang, Wang Chuan</field>
	<field name="country">Taiwan</field>
	<field name="date_added">November 1, 2016</field>
	<field name="rating">TV-14</field>
	<field name="duration">1 Season</field>
	<field name="listed_in">International TV Shows, Romantic TV Shows, TV Comedies</field>
	<field name="description">After a chance meeting at a ballpark, the kind son of a former gangster tries to help an outgoing radio DJ get over her recent heartbreak.</field>
</item><item>
	<field name="show_id">80112077</field>
	<field name="title">Love Family</field>
	<field name="director">nan</field>
	<field name="cast">Chris Wang, Serena Fang, Jack Lee, Amanda Chou, Yin Fu, Rabbit Yang, Meng-sheng Shen</field>
	<field name="country">Taiwan</field>
	<field name="date_added">November 1, 2016</field>
	<field name="rating">TV-14</field>
	<field name="duration">1 Season</field>
	<field name="listed_in">International TV Shows, Romantic TV Shows, TV Comedies</field>
	<field name="description">A wealthy heir's search for a nameless childhood sweetheart leads him to an inn run by a family with three sisters. But which one is his true love?</field>
</item><item>
	<field name="show_id">70304244</field>
	<field name="title">The Great Train Robbery</field>
	<field name="director">nan</field>
	<field name="cast">Luke Evans, Jim Broadbent, Paul Anderson, Martin Compston, Neil Maskell, Jack Roth, George Costigan, Robert Glenister, Nick Moran, Tim Pigott-Smith, James Fox, James Wilby, Jack Gordon, Nicholas Murchie, Del Synnott, Richard Hope, John Salthouse</field>
	<field name="country">United Kingdom</field>
	<field name="date_added">March 31, 2017</field>
	<field name="rating">NR</field>
	<field name="duration">1 Season</field>
	<field name="listed_in">British TV Shows, Crime TV Shows, International TV Shows</field>
	<field name="description">This two-part tale delivers the true story of the Great Train Robbery of 1963, the biggest one in England's history.</field>
</item><item>
	<field name="show_id">80173896</field>
	<field name="title">Wild Arabia</field>
	<field name="director">nan</field>
	<field name="cast">Alexander Siddig</field>
	<field name="country">United Kingdom</field>
	<field name="date_added">March 31, 2017</field>
	<field name="rating">TV-PG</field>
	<field name="duration">1 Season</field>
	<field name="listed_in">British TV Shows, Docuseries, Science & Nature TV</field>
	<field name="description">The widely varied geology and dramatic landscapes in the continental crossroads of Arabia harbors a rich history and an abundance of wildlife.</field>
</item><item>
	<field name="show_id">70140447</field>
	<field name="title">The Guild</field>
	<field name="director">nan</field>
	<field name="cast">Felicia Day, Sandeep Parikh, Jeff Lewis, Robin Thorsen, Amy Okuda, Vincent Caso</field>
	<field name="country">United States, Japan</field>
	<field name="date_added">March 2, 2019</field>
	<field name="rating">TV-14</field>
	<field name="duration">1 Season</field>
	<field name="listed_in">TV Comedies</field>
	<field name="description">Fantasy and reality collide when a surprisingly diverse group of online video-game addicts struggle to balance the game with personal relationships.</field>
</item><item>
	<field name="show_id">80001101</field>
	<field name="title">Doomsday Preppers</field>
	<field name="director">nan</field>
	<field name="cast">Michael Izquierdo</field>
	<field name="country">United States</field>
	<field name="date_added">March 1, 2019</field>
	<field name="rating">TV-14</field>
	<field name="duration">1 Season</field>
	<field name="listed_in">Reality TV, Science & Nature TV</field>
	<field name="description">This series highlights a diverse group of survivalists as they prepare for various catastrophic scenarios that could cause civilization to collapse.</field>
</item><item>
	<field name="show_id">80233104</field>
	<field name="title">Love Your Garden</field>
	<field name="director">nan</field>
	<field name="cast">Alan Titchmarsh, David Domoney, Frances Tophill, Katie Rushworth</field>
	<field name="country">United Kingdom</field>
	<field name="date_added">July 26, 2019</field>
	<field name="rating">TV-G</field>
	<field name="duration">1 Season</field>
	<field name="listed_in">British TV Shows, International TV Shows, Reality TV</field>
	<field name="description">Famed horticulturist Alan Titchmarsh hosts this uplifting show in which he and his team travel the U.K. planting dream gardens for deserving citizens.</field>
</item><item>
	<field name="show_id">81032669</field>
	<field name="title">Monty Don's French Gardens</field>
	<field name="director">Rachel Bell</field>
	<field name="cast">nan</field>
	<field name="country">United Kingdom</field>
	<field name="date_added">July 26, 2019</field>
	<field name="rating">TV-G</field>
	<field name="duration">1 Season</field>
	<field name="listed_in">British TV Shows, Docuseries, International TV Shows</field>
	<field name="description">TV personality Monty Don visits France’s most famous gardens to dig up the influence of power, culture and passion on their conceptions and designs.</field>
</item><item>
	<field name="show_id">80224314</field>
	<field name="title">Mega Food</field>
	<field name="director">nan</field>
	<field name="cast">nan</field>
	<field name="country">United Kingdom</field>
	<field name="date_added">July 12, 2019</field>
	<field name="rating">TV-G</field>
	<field name="duration">1 Season</field>
	<field name="listed_in">British TV Shows, Docuseries, International TV Shows</field>
	<field name="description">Visiting the busiest kitchens in the world, this reality series focuses on large-scale food production – and the people who make it happen.</field>
</item><item>
	<field name="show_id">81020692</field>
	<field name="title">Déjà Vu</field>
	<field name="director">nan</field>
	<field name="cast">Mandy Wei, Yao Yuan Hao, Wang Si Ping, Yang Zheng, Jenna Wang, Nylon Chen</field>
	<field name="country">nan</field>
	<field name="date_added">January 2, 2019</field>
	<field name="rating">TV-14</field>
	<field name="duration">1 Season</field>
	<field name="listed_in">International TV Shows, Romantic TV Shows, TV Dramas</field>
	<field name="description">After losing everything, a prima ballerina accepts a stranger's offer to dial back time and reclaim what was taken from her – but at a great price.</field>
</item><item>
	<field name="show_id">80126875</field>
	<field name="title">Şubat</field>
	<field name="director">nan</field>
	<field name="cast">Alican Yücesoy, Melisa Sözen, Musa Uzunlar, Serkan Ercan, Özkan Uğur, Ülkü Duru, Tansu Biçer, Nadir Sarıbacak, Sermet Yeşil, Ayhan Kavas</field>
	<field name="country">Turkey</field>
	<field name="date_added">January 17, 2017</field>
	<field name="rating">TV-14</field>
	<field name="duration">1 Season</field>
	<field name="listed_in">Crime TV Shows, International TV Shows, TV Dramas</field>
	<field name="description">An orphan subjected to tests that gave him superpowers is rescued and raised on Istanbul's streets, where he falls for a reporter linked to his past.</field>
</item><item>
	<field name="show_id">80140364</field>
	<field name="title">A Good Wife</field>
	<field name="director">nan</field>
	<field name="cast">Tien Hsin, Christopher Lee, Darren Chiu, Shara Lin, Blaire Chang, Xi Man-Ning, Chu De-Kang</field>
	<field name="country">Taiwan</field>
	<field name="date_added">January 1, 2017</field>
	<field name="rating">TV-14</field>
	<field name="duration">1 Season</field>
	<field name="listed_in">International TV Shows, Romantic TV Shows, TV Dramas</field>
	<field name="description">As her seemingly idyllic life begins to crumble, a lonely woman in a restrictive marriage starts an affair with a gentle bookstore owner.</field>
</item><item>
	<field name="show_id">80140490</field>
	<field name="title">Happy 300 Days</field>
	<field name="director">nan</field>
	<field name="cast">Tammy Chen, Kingone Wang, Hsieh Kun Da, Chuang Kai-Hsun, Jenna Wang</field>
	<field name="country">Taiwan</field>
	<field name="date_added">January 1, 2017</field>
	<field name="rating">TV-14</field>
	<field name="duration">1 Season</field>
	<field name="listed_in">International TV Shows, Romantic TV Shows, TV Comedies</field>
	<field name="description">An unexpected pregnancy sends a woman back to her hometown to share a house with three nice guys. Each has problems, but each would make a great dad.</field>
</item><item>
	<field name="show_id">70294113</field>
	<field name="title">Power Rangers: Megaforce</field>
	<field name="director">nan</field>
	<field name="cast">Andrew M. Gray, Ciara Hanna, John Mark Loudermilk, Christina Masterson, Azim Rizk, Shailesh Prajapati, Ian Harcourt</field>
	<field name="country">United States</field>
	<field name="date_added">January 1, 2016</field>
	<field name="rating">TV-Y7-FV</field>
	<field name="duration">1 Season</field>
	<field name="listed_in">Kids' TV</field>
	<field name="description">When Earth is threatened by a massive alien invasion, the planet's supernatural guardian calls upon five teenagers to form the ultimate defense team.</field>
</item><item>
	<field name="show_id">70299043</field>
	<field name="title">Attack on Titan</field>
	<field name="director">nan</field>
	<field name="cast">Yuki Kaji, Yui Ishikawa, Marina Inoue, Kisho Taniyama, Yu Shimamura, Yu Kobayashi, Shiori Mikami, Hiro Shimono, Ryota Osaka, Yoshimasa Hosoya, Tomohisa Hashizume, Saki Fujita, Hiroshi Kamiya, Daisuke Ono, Romi Park, Keiji Fujiwara, Kazuhiro Yamaji, Yusaku Yara</field>
	<field name="country">Japan</field>
	<field name="date_added">February 24, 2019</field>
	<field name="rating">TV-MA</field>
	<field name="duration">1 Season</field>
	<field name="listed_in">Anime Series, International TV Shows</field>
	<field name="description">With his hometown in ruins, young Eren Yeager becomes determined to fight back against the giant Titans that threaten to destroy the human race.</field>
</item><item>
	<field name="show_id">80222025</field>
	<field name="title">Brave Miss World</field>
	<field name="director">Cecilia Peck</field>
	<field name="cast">Linor Abargil</field>
	<field name="country">United States, Israel, Italy, South Africa</field>
	<field name="date_added">February 17, 2018</field>
	<field name="rating">TV-14</field>
	<field name="duration">1 Season</field>
	<field name="listed_in">Crime TV Shows, Docuseries</field>
	<field name="description">Weeks before being named Miss World, Linor Abargil was raped. She tells the world her inspiring true story in this Emmy-nominated documentary.</field>
</item><item>
	<field name="show_id">80154508</field>
	<field name="title">Love for Ten: Generation of Youth</field>
	<field name="director">nan</field>
	<field name="cast">Sung-yeol Lee, Ji-hyun Nam, Clara Lee, Jin Won</field>
	<field name="country">South Korea</field>
	<field name="date_added">February 17, 2017</field>
	<field name="rating">TV-14</field>
	<field name="duration">1 Season</field>
	<field name="listed_in">International TV Shows, Korean TV Shows, Romantic TV Shows</field>
	<field name="description">A nerdy engineering student falls for a pretty, outgoing girl at his college. To get closer to her, he joins the theater group she belongs to.</field>
</item><item>
	<field name="show_id">81059663</field>
	<field name="title">My Tattoo Addiction</field>
	<field name="director">nan</field>
	<field name="cast">Julian Barratt</field>
	<field name="country">United Kingdom</field>
	<field name="date_added">February 1, 2019</field>
	<field name="rating">TV-MA</field>
	<field name="duration">1 Season</field>
	<field name="listed_in">British TV Shows, Docuseries</field>
	<field name="description">Ink junkies dig skin deep and share personal stories about their collection of body art.</field>
</item><item>
	<field name="show_id">80029102</field>
	<field name="title">Lo que la vida me robó</field>
	<field name="director">nan</field>
	<field name="cast">Angelique Boyer, Sebastián Rulli, Luis Roberto Guzmán, Osvaldo Benavides, Daniela Castro, Ana Bertha Espín, Gabriela Rivero, Alejandro Ávila, Alejandra García, Carlos de la Mota, Sergio Sendel, Ferdinando Valencia, Grettell Valdez, Verónica Jaspeado, Margarita Magaña, Alexis Ayala, Alejandra Procuna, Juan Carlos Barreto</field>
	<field name="country">Mexico</field>
	<field name="date_added">December 31, 2017</field>
	<field name="rating">TV-14</field>
	<field name="duration">1 Season</field>
	<field name="listed_in">Crime TV Shows, International TV Shows, Romantic TV Shows</field>
	<field name="description">In seaside Aguazul, beautiful Montserrat and her wily mother tangle with lovers, gangsters, financial ruin, obsession – and murder.</field>
</item><item>
	<field name="show_id">80037176</field>
	<field name="title">Kaçak</field>
	<field name="director">nan</field>
	<field name="cast">Gürkan Uygun, Mustafa Avkıran, Berk Hakman, Begüm Birgören, Özlem Yılmaz, Yağmur Tanrısevsin, İnanç Konukçu, Hasan Küçükçetin, Metin Coşkun, Selda Özer, Yağız Atakan Savaş, Burak Deniz, Cengiz Sezici, Haluk Bilginer, Tuğba Melis Türk</field>
	<field name="country">Turkey</field>
	<field name="date_added">December 26, 2016</field>
	<field name="rating">TV-14</field>
	<field name="duration">1 Season</field>
	<field name="listed_in">Crime TV Shows, International TV Shows, TV Action & Adventure</field>
	<field name="description">A cop who killed a mobster's son and fled to a small town with a changed identity finds his quiet new life disrupted when he becomes a local hero.</field>
</item><item>
	<field name="show_id">80120301</field>
	<field name="title">Mahmut & Meryem</field>
	<field name="director">nan</field>
	<field name="cast">Aras Bulut İynemli, Eva Dedova, Fahreddin Manafov, Melahat Abbasova, Polat Bilgin, Mehmet Çevik, Shamil Suleimanov, Şafak Başkaya, İlker Kızmaz, Kristina Krepela, Ufuk Şen</field>
	<field name="country">Turkey, Azerbaijan</field>
	<field name="date_added">December 26, 2016</field>
	<field name="rating">TV-14</field>
	<field name="duration">1 Season</field>
	<field name="listed_in">International TV Shows, Romantic TV Shows, TV Dramas</field>
	<field name="description">In the 16th century, the heir to a Muslim empire embarks on a dangerous journey to find his true love, who was taken away by her Christian father.</field>
</item><item>
	<field name="show_id">70221084</field>
	<field name="title">Dance Academy</field>
	<field name="director">nan</field>
	<field name="cast">Xenia Goodwin, Alicia Banit, Dena Kaplan, Isabel Durant, Thom Green, Jordan Rodrigues, Thomas Lacey, Tim Pocock, Tara Morice</field>
	<field name="country">Australia</field>
	<field name="date_added">December 20, 2017</field>
	<field name="rating">TV-PG</field>
	<field name="duration">1 Season</field>
	<field name="listed_in">International TV Shows, Romantic TV Shows, TV Dramas</field>
	<field name="description">Fifteen-year-old Tara Webster's dream of dancing comes true when she gets into a top dance academy. She soon realizes dancing is only half the battle.</field>
</item><item>
	<field name="show_id">81026478</field>
	<field name="title">Minute to Win It</field>
	<field name="director">nan</field>
	<field name="cast">Apolo Anton Ohno</field>
	<field name="country">United States</field>
	<field name="date_added">December 15, 2018</field>
	<field name="rating">TV-PG</field>
	<field name="duration">1 Season</field>
	<field name="listed_in">Reality TV</field>
	<field name="description">In this game show hosted by Olympian Apolo Anton Ohno, contestants compete by completing 60-second challenges using common household items.</field>
</item><item>
	<field name="show_id">80039789</field>
	<field name="title">Gargantia on the Verdurous Planet</field>
	<field name="director">nan</field>
	<field name="cast">Kaito Ishikawa, Hisako Kanemoto, Ai Kayano, Kana Asumi, Shizuka Ito, Sayaka Ohara, Katsuyuki Konishi, Yuka Terasaki, Yuki Ono, Tomokazu Sugita, Ayumi Fujimura, Alan Lee, Cassandra Morris, Natalie Hoover, Janice Kawaye, Laura Post, Julie Ann Taylor, Patrick Seitz, Michelle Ruff, Marc Diraison, Matthew Mercer, Karen Strassman</field>
	<field name="country">Japan</field>
	<field name="date_added">December 1, 2016</field>
	<field name="rating">nan</field>
	<field name="duration">1 Season</field>
	<field name="listed_in">Anime Series, International TV Shows</field>
	<field name="description">After falling through a wormhole, a space-dwelling teen mecha pilot awakes to find himself amid the inhabitants of a strange planet called ... Earth.</field>
</item><item>
	<field name="show_id">80177986</field>
	<field name="title">Let’s Eat</field>
	<field name="director">nan</field>
	<field name="cast">Lee Soo-kyung, Yoon Du-jun, Yoon So-hui, Shim Hyoung-tak, Do-yeon Lee, Jang Won-young, Jung Soo-young</field>
	<field name="country">South Korea</field>
	<field name="date_added">August 8, 2019</field>
	<field name="rating">TV-14</field>
	<field name="duration">1 Season</field>
	<field name="listed_in">International TV Shows, Korean TV Shows, Romantic TV Shows</field>
	<field name="description">With the help of her neighbors, a divorced woman residing in a one-person-household apartment complex learns to balance living alone and eating well.</field>
</item><item>
	<field name="show_id">80175913</field>
	<field name="title">20 Minutes</field>
	<field name="director">nan</field>
	<field name="cast">Tuba Büyüküstün, Ilker Aksum, Bülent Emin Yarar, İpek Bilgin, Müjde Uzman, Firat Çelik, Ayten Uncuoglu, Cihat Tamer</field>
	<field name="country">Turkey</field>
	<field name="date_added">August 15, 2017</field>
	<field name="rating">TV-MA</field>
	<field name="duration">1 Season</field>
	<field name="listed_in">Crime TV Shows, International TV Shows, TV Dramas</field>
	<field name="description">When his wife is convicted of murder, a horrified family man races to prove her innocence while a dogged investigator sets out to uncover the truth.</field>
</item><item>
	<field name="show_id">80108847</field>
	<field name="title">Two Fathers</field>
	<field name="director">nan</field>
	<field name="cast">Weber Yang, Lin Yo-Wei, Megan Lai, Amanda Chou, Lucia Xie, Cherry Leung</field>
	<field name="country">Taiwan</field>
	<field name="date_added">August 1, 2016</field>
	<field name="rating">TV-14</field>
	<field name="duration">1 Season</field>
	<field name="listed_in">International TV Shows, Romantic TV Shows, TV Comedies</field>
	<field name="description">When two single guys learn a woman they both slept with disappeared after giving birth, they decide to raise her baby girl together as a family.</field>
</item><item>
	<field name="show_id">81072951</field>
	<field name="title">K.O. One Re-act</field>
	<field name="director">nan</field>
	<field name="cast">Jiro Wang, Pets Tseng, Sam Lin, Sylvia Wang, Wes Lo, Wayne Huang, Xu Ming-jie, Ba Yu, Emily Tsai, Chen Bo-zheng, Nylon Chen, Na Wei-hsun</field>
	<field name="country">Taiwan</field>
	<field name="date_added">April 30, 2019</field>
	<field name="rating">TV-14</field>
	<field name="duration">1 Season</field>
	<field name="listed_in">International TV Shows, TV Comedies, TV Dramas</field>
	<field name="description">As a guardian of space-time order, 28-year-old Wang Dadong returns to Bale High School to investigate an anomaly and clashes with King.</field>
</item><item>
	<field name="show_id">70298341</field>
	<field name="title">Africa</field>
	<field name="director">nan</field>
	<field name="cast">David Attenborough</field>
	<field name="country">United Kingdom</field>
	<field name="date_added">April 28, 2016</field>
	<field name="rating">TV-PG</field>
	<field name="duration">1 Season</field>
	<field name="listed_in">British TV Shows, Docuseries, International TV Shows</field>
	<field name="description">This five-part nature series chronicles fascinating stories of survival on the African continent, home to the most diverse animal life on the planet.</field>
</item><item>
	<field name="show_id">70296735</field>
	<field name="title">That Winter, the Wind Blows</field>
	<field name="director">nan</field>
	<field name="cast">Zo In-sung, Song Hye-kyo, Kim Bum, Jung Eun-ji, Bae Jong-ok, Young-hoon Kim</field>
	<field name="country">South Korea</field>
	<field name="date_added">April 1, 2019</field>
	<field name="rating">TV-14</field>
	<field name="duration">1 Season</field>
	<field name="listed_in">International TV Shows, Korean TV Shows, Romantic TV Shows</field>
	<field name="description">Seeing the chance to enrich himself by deceiving a blind heiress, clever con man Oh Soo just does what comes naturally – but his plans soon change.</field>
</item><item>
	<field name="show_id">80006149</field>
	<field name="title">The Devil Is a Part-Timer!</field>
	<field name="director">nan</field>
	<field name="cast">Ryota Osaka, Yoko Hikasa, Nao Toyama, Yuki Ono, Hiro Shimono, Kanae Ito, Josh Grelle, Felecia Angelle, Anthony Bowling, R. Bruce Elliott, Tia Lynn Ballard, Aaron Dismuke</field>
	<field name="country">Japan</field>
	<field name="date_added">April 1, 2019</field>
	<field name="rating">TV-14</field>
	<field name="duration">1 Season</field>
	<field name="listed_in">Anime Series</field>
	<field name="description">Thwarted in their attempt to take over the world of Ente Isla, Satan and his general Alciel land in modern-day Tokyo, where they take on human form.</field>
</item><item>
	<field name="show_id">80122234</field>
	<field name="title">Bh Se Bhade</field>
	<field name="director">nan</field>
	<field name="cast">Deven Bhojani, Suchita Trivedi, Sarita Joshi, Varun Khandelwal, Bhavna Khatri, Dushyant Wagh, Gulfam Khan, Atul Parchure</field>
	<field name="country">India</field>
	<field name="date_added">April 1, 2018</field>
	<field name="rating">TV-PG</field>
	<field name="duration">1 Season</field>
	<field name="listed_in">International TV Shows, TV Comedies</field>
	<field name="description">A kind-hearted insurance agent has the mysterious power to temporarily shoulder the problems and pain of others, with comic results in his own life.</field>
</item><item>
	<field name="show_id">80122188</field>
	<field name="title">Buddha</field>
	<field name="director">nan</field>
	<field name="cast">Himanshu Soni, Kajal Jain, Sanket Choukse, Kabir Bedi, Sameer Dharmadhikari, Jagat Singh, Reshmi Ghosh, Siddharth Vasudev, Amit Behl, Hemant Choudhary</field>
	<field name="country">nan</field>
	<field name="date_added">April 1, 2018</field>
	<field name="rating">TV-PG</field>
	<field name="duration">1 Season</field>
	<field name="listed_in">International TV Shows, TV Dramas</field>
	<field name="description">In this historical drama series, young Prince Siddhartha undergoes an intense spiritual journey that eventually transforms him into the Buddha.</field>
</item><item>
	<field name="show_id">80122193</field>
	<field name="title">Badalte Rishton Ki Dastaan</field>
	<field name="director">nan</field>
	<field name="cast">Additi Gupta, Sanjeeda Sheikh, Kiran Karmarkar, Abhinav Shukla, Tanushree Kaushal, Mona Ambegaonkar</field>
	<field name="country">India</field>
	<field name="date_added">April 1, 2017</field>
	<field name="rating">TV-14</field>
	<field name="duration">1 Season</field>
	<field name="listed_in">International TV Shows, TV Dramas</field>
	<field name="description">When a man is killed, his wife and his lover – both of whom are pregnant with his children – come under the thumb of his brutal, dictatorial father.</field>
</item><item>
	<field name="show_id">80122240</field>
	<field name="title">Khelti Hai Zindagi Aankh Micholi</field>
	<field name="director">nan</field>
	<field name="cast">Ulka Gupta, Gautami Kapoor, Reema Shaikh, Vinay Jain, Manav Gohil, Helly Shah</field>
	<field name="country">India</field>
	<field name="date_added">April 1, 2017</field>
	<field name="rating">TV-14</field>
	<field name="duration">1 Season</field>
	<field name="listed_in">International TV Shows, TV Dramas</field>
	<field name="description">The life of a 14-year-old girl is thrown into turmoil when her father dies, forcing her mother to make hard choices for their family.</field>
</item><item>
	<field name="show_id">70172485</field>
	<field name="title">Victorious</field>
	<field name="director">nan</field>
	<field name="cast">Victoria Justice, Leon Thomas III, Matt Bennett, Elizabeth Gillies, Ariana Grande, Avan Jogia, Daniella Monet, Michael Eric Reid, Jake Farrow, Eric Lange</field>
	<field name="country">United States</field>
	<field name="date_added"> November 2, 2019</field>
	<field name="rating">TV-G</field>
	<field name="duration">3 Seasons</field>
	<field name="listed_in">Kids' TV, TV Comedies</field>
	<field name="description">When aspiring singer Tori Vega joins the eccentric students at Hollywood Arts High, she struggles to fit in with the amazingly talented teens.</field>
</item><item>
	<field name="show_id">70308105</field>
	<field name="title">Grand Hotel</field>
	<field name="director">nan</field>
	<field name="cast">Yon González, Amaia Salamanca, Adriana Ozores, Pedro Alonso, Concha Velasco, Llorenç González, Pep Anton Muñoz, Eloy Azorín, Fele Martínez, Luz Valdenebro, Marta Larralde, Antonio Reyes, Iván Morales, Dion Córdoba, Raquel Sierra</field>
	<field name="country">Spain</field>
	<field name="date_added"> November 1, 2017</field>
	<field name="rating">TV-PG</field>
	<field name="duration">3 Seasons</field>
	<field name="listed_in">International TV Shows, Romantic TV Shows, Spanish-Language TV Shows</field>
	<field name="description">To learn the truth about his sister's mysterious disappearance, a young man infiltrates a hotel in the guise of a footman and begins an investigation.</field>
</item><item>
	<field name="show_id">70300472</field>
	<field name="title">Hunter X Hunter (2011)</field>
	<field name="director">nan</field>
	<field name="cast">Megumi Han, Mariya Ise, Keiji Fujiwara, Miyuki Sawashiro, Daisuke Namikawa</field>
	<field name="country">Japan</field>
	<field name="date_added"> March 8, 2019</field>
	<field name="rating">TV-MA</field>
	<field name="duration">3 Seasons</field>
	<field name="listed_in">Anime Series, International TV Shows</field>
	<field name="description">To fulfill his dreams of becoming a legendary Hunter like his dad, a young boy must pass a rigorous examination and find his missing father.</field>
</item><item>
	<field name="show_id">80170186</field>
	<field name="title">ViR: The Robot Boy</field>
	<field name="director">nan</field>
	<field name="cast">Vidit Kumar, Roopa Bhimani, Anubhav Saha, Brian Dcosta</field>
	<field name="country">nan</field>
	<field name="date_added"> March 31, 2018</field>
	<field name="rating">TV-Y7</field>
	<field name="duration">2 Seasons</field>
	<field name="listed_in">Kids' TV</field>
	<field name="description">Humanoid robot boy ViR lives with his inventor, Dr. Prem Sahay, and, with his best friends, is always ready to use his superpowers to save the day.</field>
</item><item>
	<field name="show_id">80170109</field>
	<field name="title">El Reemplazante</field>
	<field name="director">nan</field>
	<field name="cast">Iván Álvarez de Araya, Blanca Lewin, Karla Melo, Sebastián Ayala, Roberto Farías, Sergio Hernández</field>
	<field name="country">Chile</field>
	<field name="date_added"> March 20, 2017</field>
	<field name="rating">TV-MA</field>
	<field name="duration">2 Seasons</field>
	<field name="listed_in">International TV Shows, Spanish-Language TV Shows, TV Dramas</field>
	<field name="description">A former high-ranking financial executive finds redemption and romance when he's paroled after a prison sentence and becomes a math teacher.</field>
</item><item>
	<field name="show_id">80009097</field>
	<field name="title">Magi: The Labyrinth of Magic</field>
	<field name="director">nan</field>
	<field name="cast">Kaori Ishihara, Yuki Kaji, Haruka Tomatsu, Daisuke Ono, Ryohei Kimura, Yoshimasa Hosoya, Takahiro Sakurai, Showtaro Morikubo, Yui Horie, Tomokazu Sugita</field>
	<field name="country">Japan</field>
	<field name="date_added"> June 21, 2019</field>
	<field name="rating">TV-14</field>
	<field name="duration">2 Seasons</field>
	<field name="listed_in">Anime Series, International TV Shows</field>
	<field name="description">A land of mysterious ruins and a magical treasure hunt await young Aladdin and his courageous friend Alibaba for the adventure of their lives.</field>
</item><item>
	<field name="show_id">70155579</field>
	<field name="title">Johnny Test</field>
	<field name="director">nan</field>
	<field name="cast">James Arnold Taylor, Louis Chirillo, Maryke Hendrikse, Ashleigh Ball, Ian James Corlett, Brittney Wilson</field>
	<field name="country">United States, Canada</field>
	<field name="date_added"> June 1, 2015</field>
	<field name="rating">TV-Y7</field>
	<field name="duration">6 Seasons</field>
	<field name="listed_in">Kids' TV</field>
	<field name="description">Crafty 11-year-old Johnny Test and his genetically modified talking dog go on high-octane adventures to save his family (and the world) from disaster.</field>
</item><item>
	<field name="show_id">80021966</field>
	<field name="title">El Barco</field>
	<field name="director">nan</field>
	<field name="cast">Juanjo Artero, Mario Casas, Blanca Suárez, Irene Montalà, Luis Callejo, Neus Sanz, Juan Pablo Shuk, Ivan Massagué, Marina Salas, Bernabé Fernández, Javier Hernández, Patricia Arbúes, David Seijo, Giselle Calderón</field>
	<field name="country">Spain</field>
	<field name="date_added"> July 1, 2017</field>
	<field name="rating">NR</field>
	<field name="duration">3 Seasons</field>
	<field name="listed_in">International TV Shows, Romantic TV Shows, Spanish-Language TV Shows</field>
	<field name="description">Forty young crew members traveling aboard a training vessel are in for the adventure of a lifetime – especially when a storm leaves them lost at sea.</field>
</item><item>
	<field name="show_id">70136126</field>
	<field name="title">Dexter</field>
	<field name="director">nan</field>
	<field name="cast">Michael C. Hall, Jennifer Carpenter, David Zayas, James Remar, C.S. Lee, Lauren Vélez, Desmond Harrington, Julie Benz, Christina Robinson, Geoff Pierson</field>
	<field name="country">United States</field>
	<field name="date_added"> January 1, 2018</field>
	<field name="rating">TV-MA</field>
	<field name="duration">8 Seasons</field>
	<field name="listed_in">Crime TV Shows, TV Dramas, TV Mysteries</field>
	<field name="description">By day, mild-mannered Dexter is a blood-spatter analyst for the Miami police. But at night, he is a serial killer who only targets other murderers.</field>
</item><item>
	<field name="show_id">70136152</field>
	<field name="title">Spartacus</field>
	<field name="director">nan</field>
	<field name="cast">Andy Whitfield, Liam McIntyre, Dustin Clare, John Hannah, Manu Bennett, Lucy Lawless, Peter Mensah, Nick E. Tarabay, Viva Bianca, Lesley-Ann Brandt, Jai Courtney, Daniel Feuerriegel</field>
	<field name="country">United States</field>
	<field name="date_added"> February 1, 2015</field>
	<field name="rating">TV-MA</field>
	<field name="duration">4 Seasons</field>
	<field name="listed_in">TV Action & Adventure, TV Dramas</field>
	<field name="description">A Thracian man is condemned to a brutal death in the arena, only to outlast his executioners and be reborn as the enslaved gladiator Spartacus.</field>
</item><item>
	<field name="show_id">70177084</field>
	<field name="title">The Borgias</field>
	<field name="director">nan</field>
	<field name="cast">Jeremy Irons, François Arnaud, Holliday Grainger, Peter Sullivan, Sean Harris, Joanne Whalley, Lotte Verbeek, Colm Feore, Vernon Dobtcheff, David Oakes</field>
	<field name="country">United States, Hungary, Ireland, Canada</field>
	<field name="date_added"> February 1, 2014</field>
	<field name="rating">TV-MA</field>
	<field name="duration">3 Seasons</field>
	<field name="listed_in">TV Dramas</field>
	<field name="description">Follow the lives of the notorious Borgia family, a clan headed by plotting patriarch Rodrigo and his beautiful but treacherous daughter, Lucrezia.</field>
</item><item>
	<field name="show_id">70140438</field>
	<field name="title">Skins</field>
	<field name="director">nan</field>
	<field name="cast">Kaya Scodelario, Hannah Murray, Jack O'Connell, Kathryn Prescott, Lily Loveless, Nicholas Hoult, Joe Dempsie, Mike Bailey, April Pearson, Will Merrick, Freya Mavor, Laya Lewis, Ollie Barbieri, Dakota Blue Richards, Sean Teale, Larissa Wilson, Dev Patel, Mitch Hewer, Luke Pasqualino, Giles Thomas</field>
	<field name="country">United Kingdom</field>
	<field name="date_added"> August 2, 2017</field>
	<field name="rating">TV-MA</field>
	<field name="duration">7 Seasons</field>
	<field name="listed_in">British TV Shows, International TV Shows, TV Dramas</field>
	<field name="description">This incisive series centers on the tense lives of a group of teenagers as the friends and wannabe lovers weather their final two years of school.</field>
</item><item>
	<field name="show_id">70143836</field>
	<field name="title">Breaking Bad</field>
	<field name="director">nan</field>
	<field name="cast">Bryan Cranston, Aaron Paul, Anna Gunn, Dean Norris, Betsy Brandt, R.J. Mitte, Bob Odenkirk, Steven Michael Quezada, Jonathan Banks, Giancarlo Esposito</field>
	<field name="country">United States</field>
	<field name="date_added"> August 2, 2013</field>
	<field name="rating">TV-MA</field>
	<field name="duration">5 Seasons</field>
	<field name="listed_in">Crime TV Shows, TV Dramas, TV Thrillers</field>
	<field name="description">A high school chemistry teacher dying of cancer teams with a former student to secure his family's future by manufacturing and selling crystal meth.</field>
</item><item>
	<field name="show_id">70140450</field>
	<field name="title">The IT Crowd</field>
	<field name="director">nan</field>
	<field name="cast">Chris O'Dowd, Richard Ayoade, Katherine Parkinson, Matt Berry</field>
	<field name="country">United Kingdom</field>
	<field name="date_added"> August 1, 2017</field>
	<field name="rating">TV-MA</field>
	<field name="duration">5 Seasons</field>
	<field name="listed_in">British TV Shows, Classic & Cult TV, International TV Shows</field>
	<field name="description">Aided by a tech-illiterate manager, a pair of basement-dwelling dweebs makes the most of life in IT at a corporation run by a cloddish new owner.</field>
</item><item>
	<field name="show_id">80036747</field>
	<field name="title">Pororo - The Little Penguin</field>
	<field name="director">nan</field>
	<field name="cast">nan</field>
	<field name="country">South Korea</field>
	<field name="date_added"> April 19, 2019</field>
	<field name="rating">TV-Y</field>
	<field name="duration">2 Seasons</field>
	<field name="listed_in">Kids' TV, Korean TV Shows</field>
	<field name="description">On a tiny island, Pororo the penguin has fun adventures with his friends Eddy the fox, Loopy the beaver, Poby the polar bear and Crong the dinosaur.</field>
</item><item>
	<field name="show_id">70264078</field>
	<field name="title">Mr. Young</field>
	<field name="director">nan</field>
	<field name="cast">Brendan Meyer, Matreya Fedor, Gig Morton, Kurt Ostlund, Emily Tennant, Milo Shandel</field>
	<field name="country">Canada</field>
	<field name="date_added"> April 16, 2019</field>
	<field name="rating">TV-G</field>
	<field name="duration">2 Seasons</field>
	<field name="listed_in">Kids' TV, TV Comedies</field>
	<field name="description">After Adam graduates from college at age 14, he heads back to high school to teach science, where his crush and his best friends are his students!</field>
</item><item>
	<field name="show_id">70281022</field>
	<field name="title">A Young Doctor's Notebook and Other Stories</field>
	<field name="director">nan</field>
	<field name="cast">Daniel Radcliffe, Jon Hamm, Adam Godley, Christopher Godwin, Rosie Cavaliero, Vicki Pepperdine, Margaret Clunie, Tim Steed, Shaun Pye</field>
	<field name="country">United Kingdom</field>
	<field name="date_added">nan</field>
	<field name="rating">TV-MA</field>
	<field name="duration">2 Seasons</field>
	<field name="listed_in">British TV Shows, TV Comedies, TV Dramas</field>
	<field name="description">Set during the Russian Revolution, this comic miniseries is based on a doctor's memories of his early career working in an out-of-the-way village.</field>
</item>