<item>
	<field name="show_id">81168346</field>
	<field name="title">Westerplatte Resists</field>
	<field name="director">Stanisław Różewicz</field>
	<field name="cast">Zygmunt Hübner, Arkadiusz Bazak, Tadeusz Schmidt, Józef Nowak, Tadeusz Pluciński, Bogusz Bilewski</field>
	<field name="country">Poland</field>
	<field name="date_added">October 1, 2019</field>
	<field name="rating">TV-MA</field>
	<field name="duration">93 min</field>
	<field name="listed_in">Classic Movies, Dramas, International Movies</field>
	<field name="description">At the onset of World War II, a Polish infantry lacking firepower fight to build a strong defense and protect their peninsula against enemy forces.</field>
</item><item>
	<field name="show_id">70001777</field>
	<field name="title">Who's That Knocking at My Door?</field>
	<field name="director">Martin Scorsese</field>
	<field name="cast">Zina Bethune, Harvey Keitel, Anne Collette, Lennard Kuras, Michael Scala, Harry Northup, Susan Wood, Marissa Mathes, Catherine Scorsese</field>
	<field name="country">United States</field>
	<field name="date_added">July 1, 2019</field>
	<field name="rating">R</field>
	<field name="duration">90 min</field>
	<field name="listed_in">Classic Movies, Dramas, Independent Movies</field>
	<field name="description">A woman's revelation that she was once raped sends her boyfriend, a reformed street thug, into an emotional and spiritual tailspin.</field>
</item>