<item>
	<field name="show_id">70155574</field>
	<field name="title">The Andy Griffith Show</field>
	<field name="director">nan</field>
	<field name="cast">Andy Griffith, Ron Howard, Don Knotts, Frances Bavier, Howard McNear, Hope Summers</field>
	<field name="country">United States</field>
	<field name="date_added"> July 1, 2017</field>
	<field name="rating">TV-G</field>
	<field name="duration">8 Seasons</field>
	<field name="listed_in">Classic & Cult TV, TV Comedies</field>
	<field name="description">Homespun humor and easygoing Sheriff Andy Taylor are at the center of this nostalgic look at Mayberry, a small town filled with lovable characters.</field>
</item>