<item>
	<field name="show_id">60002818</field>
	<field name="title">Sangam</field>
	<field name="director">Raj Kapoor</field>
	<field name="cast">Raj Kapoor, Vyjayanthimala, Rajendra Kumar, Lalita Pawar, Achala Sachdev, Hari Shivdasani, Raj Mehra, Iftekhar</field>
	<field name="country">India</field>
	<field name="date_added">December 31, 2019</field>
	<field name="rating">TV-14</field>
	<field name="duration">228 min</field>
	<field name="listed_in">Classic Movies, Dramas, International Movies</field>
	<field name="description">Returning home from war after being assumed dead, a pilot weds the woman he has long loved, unaware that she had been planning to marry his best friend.</field>
</item>