<item>
	<field name="show_id">70056433</field>
	<field name="title">Mr. Woodcock</field>
	<field name="director">Craig Gillespie</field>
	<field name="cast">Billy Bob Thornton, Seann William Scott, Ethan Suplee, Melissa Sagemiller, Susan Sarandon, Melissa Leo, Bill Macy, Kurt Fuller, Amy Poehler</field>
	<field name="country">United States</field>
	<field name="date_added">September 1, 2019</field>
	<field name="rating">PG-13</field>
	<field name="duration">88 min</field>
	<field name="listed_in">Comedies</field>
	<field name="description">When a self-help author learns that his mother has fallen for his sadistic high school gym teacher, he tries to put a stop to their budding romance.</field>
</item><item>
	<field name="show_id">70058023</field>
	<field name="title">Superbad</field>
	<field name="director">Greg Mottola</field>
	<field name="cast">Jonah Hill, Michael Cera, Christopher Mintz-Plasse, Bill Hader, Seth Rogen, Martha MacIsaac, Emma Stone, Aviva Baumann, Joe Lo Truglio, Kevin Corrigan</field>
	<field name="country">United States</field>
	<field name="date_added">September 1, 2019</field>
	<field name="rating">R</field>
	<field name="duration">113 min</field>
	<field name="listed_in">Comedies, Cult Movies</field>
	<field name="description">Two best friends' quest to buy booze for a party in the hopes of scoring with girls leads them on a series of wacky misadventures.</field>
</item><item>
	<field name="show_id">70077076</field>
	<field name="title">Murder Party</field>
	<field name="director">Jeremy Saulnier</field>
	<field name="cast">Alex Barnett, Macon Blair, Paul Goldblatt, Stacy Rock, William Lacey, Beau Sia, Skei Saulnier, Chris Sharp, Bill Tangradi</field>
	<field name="country">United States</field>
	<field name="date_added">September 1, 2018</field>
	<field name="rating">NR</field>
	<field name="duration">79 min</field>
	<field name="listed_in">Comedies, Cult Movies, Horror Movies</field>
	<field name="description">A mild-mannered office drone plucks a Halloween party invitation off the street and suddenly finds himself the main event at a "murder party."</field>
</item><item>
	<field name="show_id">70082633</field>
	<field name="title">Bhool Bhulaiyaa</field>
	<field name="director">Priyadarshan</field>
	<field name="cast">Akshay Kumar, Vidya Balan, Ameesha Patel, Shiney Ahuja, Paresh Rawal, Rajpal Yadav, Manoj Joshi, Asrani, Vikram Gokhale, Rasika Joshi</field>
	<field name="country">India</field>
	<field name="date_added">October 22, 2017</field>
	<field name="rating">TV-14</field>
	<field name="duration">148 min</field>
	<field name="listed_in">Dramas, International Movies, Thrillers</field>
	<field name="description">Siddharth dismisses warnings that his palace might be haunted, until ghostly occurrences force him to reconsider his beliefs.</field>
</item><item>
	<field name="show_id">70124999</field>
	<field name="title">Naruto Shippuden: The Movie</field>
	<field name="director">Hajime Kamegaki</field>
	<field name="cast">Junko Takeuchi, Chie Nakamura, Yoichi Masukawa, Kôichi Tôchika, Masako Katsuki, Keiko Nemoto, Kazuhiko Inoue, Masashi Ebara, Showtaro Morikubo, Romi Park, Ayumi Fujimura, Fumiko Orikasa</field>
	<field name="country">Japan</field>
	<field name="date_added">October 15, 2016</field>
	<field name="rating">TV-14</field>
	<field name="duration">95 min</field>
	<field name="listed_in">Action & Adventure, Anime Features, International Movies</field>
	<field name="description">The adventures of adolescent ninja Naruto Uzumaki continue as he's tasked with protecting a priestess from a demon – but to do so, he must die.</field>
</item><item>
	<field name="show_id">70065112</field>
	<field name="title">Good Luck Chuck</field>
	<field name="director">Mark Helfrich</field>
	<field name="cast">Dane Cook, Jessica Alba, Dan Fogler, Ellia English, Sasha Pieterse, Annie Wood, Lonny Ross, Chelan Simmons, Simone Bailly, Jodelle Ferland, Crystal Lowe, Troy Gentile, Georgia Craig, Michelle Harrison, Chiara Zanni</field>
	<field name="country">United States, Canada</field>
	<field name="date_added">October 1, 2019</field>
	<field name="rating">UR</field>
	<field name="duration">99 min</field>
	<field name="listed_in">Comedies, Romantic Movies</field>
	<field name="description">Every time Chuck breaks up with a girlfriend, she ends up engaged to her next boyfriend. Soon, women are dating Chuck in hopes of meeting Mr. Right.</field>
</item><item>
	<field name="show_id">70058017</field>
	<field name="title">No Reservations</field>
	<field name="director">Scott Hicks</field>
	<field name="cast">Catherine Zeta-Jones, Aaron Eckhart, Abigail Breslin, Patricia Clarkson, Jenny Wade, Bob Balaban, Brían F. O'Byrne, Lily Rabe</field>
	<field name="country">United States</field>
	<field name="date_added">October 1, 2019</field>
	<field name="rating">PG</field>
	<field name="duration">104 min</field>
	<field name="listed_in">Comedies, Romantic Movies</field>
	<field name="description">Kate, an uptight chef, finds her life turned upside down when her sister dies in a car accident and she becomes her niece's sole guardian.</field>
</item><item>
	<field name="show_id">70058024</field>
	<field name="title">Ocean's Thirteen</field>
	<field name="director">Steven Soderbergh</field>
	<field name="cast">George Clooney, Brad Pitt, Matt Damon, Andy Garcia, Don Cheadle, Bernie Mac, Ellen Barkin, Al Pacino, Casey Affleck, Scott Caan</field>
	<field name="country">United States</field>
	<field name="date_added">October 1, 2019</field>
	<field name="rating">PG-13</field>
	<field name="duration">122 min</field>
	<field name="listed_in">Action & Adventure, Comedies</field>
	<field name="description">This entry in the all-star caper franchise finds debonair con man Danny Ocean and his gang taking revenge on a double-crossing Las Vegas kingpin.</field>
</item><item>
	<field name="show_id">70058025</field>
	<field name="title">Surf's Up</field>
	<field name="director">Ash Brannon, Chris Buck</field>
	<field name="cast">Shia LaBeouf, Jeff Bridges, Zooey Deschanel, Jon Heder, James Woods, Diedrich Bader, Mario Cantone, Kelly Slater, Rob Machado, Sal Masekela</field>
	<field name="country">United States</field>
	<field name="date_added">October 1, 2019</field>
	<field name="rating">PG</field>
	<field name="duration">86 min</field>
	<field name="listed_in">Children & Family Movies, Comedies, Sports Movies</field>
	<field name="description">This Oscar-nominated mockumentary goes behind the scenes at the Penguin World Surfing Championship to get a close-up look at the inventors of surfing.</field>
</item><item>
	<field name="show_id">70077542</field>
	<field name="title">The Bucket List</field>
	<field name="director">Rob Reiner</field>
	<field name="cast">Jack Nicholson, Morgan Freeman, Sean Hayes, Beverly Todd, Alfonso Freeman, Rob Morrow, Rowena King, Christopher Stapleton, Ian Anthony Dale, Richard McGonagle</field>
	<field name="country">United States</field>
	<field name="date_added">October 1, 2019</field>
	<field name="rating">PG-13</field>
	<field name="duration">97 min</field>
	<field name="listed_in">Comedies, Dramas</field>
	<field name="description">Two terminally ill men bust out of the cancer ward with a plan to experience life to the fullest before they kick the bucket.</field>
</item><item>
	<field name="show_id">70053833</field>
	<field name="title">Black Snake Moan</field>
	<field name="director">Craig Brewer</field>
	<field name="cast">Samuel L. Jackson, Christina Ricci, Justin Timberlake, S. Epatha Merkerson, John Cothran, David Banner, Michael Raymond-James, Adriane Lenox, Kim Richards, Neimus K. Williams</field>
	<field name="country">United States</field>
	<field name="date_added">November 20, 2019</field>
	<field name="rating">R</field>
	<field name="duration">116 min</field>
	<field name="listed_in">Dramas, Independent Movies</field>
	<field name="description">Lazarus finds Rae beaten and near death, and acts as a father figure to help redeem her. But before saving anyone, Lazarus must face his own demons.</field>
</item><item>
	<field name="show_id">70058022</field>
	<field name="title">Hot Rod</field>
	<field name="director">Akiva Schaffer</field>
	<field name="cast">Andy Samberg, Jorma Taccone, Bill Hader, Danny McBride, Isla Fisher, Sissy Spacek, Ian McShane, Will Arnett, Chris Parnell, Chester Tam</field>
	<field name="country">United States</field>
	<field name="date_added">November 20, 2019</field>
	<field name="rating">PG-13</field>
	<field name="duration">88 min</field>
	<field name="listed_in">Comedies, Sports Movies</field>
	<field name="description">Andy Samberg stars in this comedy as an accident-prone daredevil who's determined to jump 15 buses on his moped and impress his abusive stepfather.</field>
</item><item>
	<field name="show_id">70044686</field>
	<field name="title">Zodiac</field>
	<field name="director">David Fincher</field>
	<field name="cast">Mark Ruffalo, Jake Gyllenhaal, Robert Downey Jr., Anthony Edwards, Brian Cox, Elias Koteas, Donal Logue, John Carroll Lynch, Dermot Mulroney, Chloë Sevigny</field>
	<field name="country">United States</field>
	<field name="date_added">November 20, 2019</field>
	<field name="rating">R</field>
	<field name="duration">158 min</field>
	<field name="listed_in">Cult Movies, Dramas, Thrillers</field>
	<field name="description">A political cartoonist, a crime reporter and a pair of cops investigate San Francisco's infamous Zodiac Killer in this thriller based on a true story.</field>
</item><item>
	<field name="show_id">70083532</field>
	<field name="title">The Pixar Story</field>
	<field name="director">Leslie Iwerks</field>
	<field name="cast">Stacy Keach</field>
	<field name="country">United States</field>
	<field name="date_added">November 18, 2018</field>
	<field name="rating">G</field>
	<field name="duration">89 min</field>
	<field name="listed_in">Documentaries</field>
	<field name="description">Go behind the scenes at Pixar Animation Studios with this Emmy-nominated documentary tracing the creation and history of the groundbreaking company.</field>
</item><item>
	<field name="show_id">70044705</field>
	<field name="title">Code Name: The Cleaner</field>
	<field name="director">Les Mayfield</field>
	<field name="cast">Cedric the Entertainer, Lucy Liu, Nicollette Sheridan, Mark Dacascos, Callum Keith Rennie, DeRay Davis, Niecy Nash, Will Patton</field>
	<field name="country">United States</field>
	<field name="date_added">November 1, 2019</field>
	<field name="rating">PG-13</field>
	<field name="duration">91 min</field>
	<field name="listed_in">Action & Adventure, Comedies</field>
	<field name="description">A mild-mannered janitor duped into believing he's an undercover agent stumbles into an international arms ring plot involving the CIA and the FBI.</field>
</item><item>
	<field name="show_id">70047101</field>
	<field name="title">Spider-Man 3</field>
	<field name="director">Sam Raimi</field>
	<field name="cast">Tobey Maguire, Kirsten Dunst, James Franco, Thomas Haden Church, Topher Grace, Bryce Dallas Howard, Rosemary Harris, J.K. Simmons, James Cromwell, Theresa Russell, Dylan Baker, Bill Nunn, Bruce Campbell, Elizabeth Banks</field>
	<field name="country">United States</field>
	<field name="date_added">November 1, 2019</field>
	<field name="rating">PG-13</field>
	<field name="duration">139 min</field>
	<field name="listed_in">Action & Adventure, Sci-Fi & Fantasy</field>
	<field name="description">The seemingly invincible Spider-Man goes up against an all-new crop of villains in the third installment of the blockbuster adventure series.</field>
</item><item>
	<field name="show_id">70060000</field>
	<field name="title">The Brave One</field>
	<field name="director">Neil Jordan</field>
	<field name="cast">Jodie Foster, Terrence Howard, Naveen Andrews, Carmen Ejogo, Nicky Katt, Mary Steenburgen, Lenny Venito, Zoë Kravitz, Jane Adams, Gordon MacDonald</field>
	<field name="country">United States</field>
	<field name="date_added">November 1, 2019</field>
	<field name="rating">R</field>
	<field name="duration">122 min</field>
	<field name="listed_in">Dramas, Thrillers</field>
	<field name="description">New York City radio host Erica Bain decides to take the law into her own hands after losing her fiancé in a brutal Central Park attack.</field>
</item><item>
	<field name="show_id">81170692</field>
	<field name="title">The Old Thieves: The Legend of Artegios</field>
	<field name="director">Everardo González</field>
	<field name="cast">nan</field>
	<field name="country">nan</field>
	<field name="date_added">November 1, 2019</field>
	<field name="rating">TV-14</field>
	<field name="duration">97 min</field>
	<field name="listed_in">Documentaries, International Movies</field>
	<field name="description">While carrying out prison sentences, five notorious thieves in Mexico City share their principles, preferred methods and respect for the craft.</field>
</item><item>
	<field name="show_id">70084775</field>
	<field name="title">Dhan Dhana Dhan Goal</field>
	<field name="director">Vivek Agnihotri</field>
	<field name="cast">John Abraham, Bipasha Basu, Arshad Warsi, Shernaz Patel, Boman Irani, Dibyendu Bhattacharya, Gilbert Montoya, Dalip Tahil, Rajendranath Zutshi</field>
	<field name="country">United Kingdom, India</field>
	<field name="date_added">November 1, 2018</field>
	<field name="rating">TV-14</field>
	<field name="duration">157 min</field>
	<field name="listed_in">Dramas, Music & Musicals, Sports Movies</field>
	<field name="description">In a last-ditch effort, the jaded coach of the Southall United Football Club assembles a ragtag team and helps lead the team to a comeback season.</field>
</item><item>
	<field name="show_id">70068799</field>
	<field name="title">Hattrick</field>
	<field name="director">Milan Luthria</field>
	<field name="cast">Nana Patekar, Paresh Rawal, Kunal Kapoor, Rimi Sen, Danny Denzongpa, Prateeksha Lonkar, Gautam Bhimani, Harsha Bhogle</field>
	<field name="country">India</field>
	<field name="date_added">November 1, 2018</field>
	<field name="rating">TV-14</field>
	<field name="duration">109 min</field>
	<field name="listed_in">Comedies, Dramas, International Movies</field>
	<field name="description">Stories of personal victories coincide with Team India's battle for the Cricket World Cup in this engaging ensemble drama.</field>
</item><item>
	<field name="show_id">70071832</field>
	<field name="title">Life in a ... Metro</field>
	<field name="director">Anurag Basu</field>
	<field name="cast">Dharmendra, Irrfan Khan, Konkona Sen Sharma, Kay Kay Menon, Shilpa Shetty, Shiney Ahuja, Sharman Joshi, Kangana Ranaut, Nafisa Ali, Manoj Pahwa</field>
	<field name="country">India</field>
	<field name="date_added">November 1, 2018</field>
	<field name="rating">TV-14</field>
	<field name="duration">126 min</field>
	<field name="listed_in">Dramas, International Movies, Music & Musicals</field>
	<field name="description">A group of Mumbai up-and-comers search for love and struggle for success in this ensemble drama that centers on an eager young call-center executive.</field>
</item><item>
	<field name="show_id">70060017</field>
	<field name="title">The Water Horse: Legend of the Deep</field>
	<field name="director">Jay Russell</field>
	<field name="cast">Emily Watson, Alex Etel, Ben Chaplin, David Morrissey, Brian Cox, Priyanka Xi, Marshall Napier, Joel Tobeck, Erroll Shand, Craig Hall</field>
	<field name="country">New Zealand, United Kingdom, Australia</field>
	<field name="date_added">November 1, 2018</field>
	<field name="rating">PG</field>
	<field name="duration">112 min</field>
	<field name="listed_in">Children & Family Movies</field>
	<field name="description">A boy watches an egg he found hatch into something incredible. But how long can he keep such a big secret from his mom – and the Scottish government?</field>
</item><item>
	<field name="show_id">70118125</field>
	<field name="title">My Fuhrer</field>
	<field name="director">Dani Levy</field>
	<field name="cast">Helge Schneider, Ulrich Mühe, Sylvester Groth, Adriana Altaras, Stefan Kurt, Ulrich Noethen, Lambert Hamel, Udo Kroschwald, Torsten Michaelis, Axel Werner</field>
	<field name="country">Germany</field>
	<field name="date_added">May 7, 2018</field>
	<field name="rating">TV-14</field>
	<field name="duration">91 min</field>
	<field name="listed_in">Comedies, International Movies</field>
	<field name="description">Germany's most celebrated actor is commissioned by Nazi propagandist Joseph Goebbels to prepare the leader of the Third Reich to deliver a speech.</field>
</item><item>
	<field name="show_id">70084180</field>
	<field name="title">Just Another Love Story</field>
	<field name="director">Ole Bornedal</field>
	<field name="cast">Anders W. Berthelsen, Rebecka Hemse, Nikolaj Lie Kaas, Charlotte Fich, Dejan Cukic, Karsten Jansfort, Flemming Enevold, Bent Mejding, Ewa Fröling, Josephine Raahauge, Timm Vladimir, Ditte Hansen</field>
	<field name="country">Denmark</field>
	<field name="date_added">May 5, 2009</field>
	<field name="rating">NR</field>
	<field name="duration">104 min</field>
	<field name="listed_in">Dramas, International Movies</field>
	<field name="description">When he causes a car accident that leaves a young woman with amnesia, a man finds himself telling incredible lies to make her and her family happy.</field>
</item><item>
	<field name="show_id">70083809</field>
	<field name="title">Katt Williams: American Hustle (The Movie)</field>
	<field name="director">Brit McAdams</field>
	<field name="cast">Katt Williams, Da Brat, Snoop Dogg, Tamala Jones, Jeremy Piven, Ludacris, Melanie Comarcho, Red Grant, Alphonso Mcauley, Damaine Radcliff, Taran Killam</field>
	<field name="country">United States</field>
	<field name="date_added">May 17, 2018</field>
	<field name="rating">NR</field>
	<field name="duration">89 min</field>
	<field name="listed_in">Stand-Up Comedy</field>
	<field name="description">An aspiring actor leaves Hollywood and takes to the road to do stand-up after he's cast in a series of increasingly stereotypical "black" roles.</field>
</item><item>
	<field name="show_id">70073018</field>
	<field name="title">Shootout at Lokhandwala</field>
	<field name="director">Apoorva Lakhia</field>
	<field name="cast">Sanjay Dutt, Sunil Shetty, Amitabh Bachchan, Arbaaz Khan, Abhishek Bachchan, Diya Mirza, Aarti Chhabria, Tusshar Kapoor, Vivek Oberoi, Neha Dhupia, Rohit Roy, Aditya Lakhia, Ravi Gossain, Shabbir Ahluwalia, Akhilendra Mishra, Amrita Singh</field>
	<field name="country">India</field>
	<field name="date_added">May 15, 2019</field>
	<field name="rating">UR</field>
	<field name="duration">116 min</field>
	<field name="listed_in">Action & Adventure, Dramas, International Movies</field>
	<field name="description">Based on a true story, this action film follows an incident that stunned a nation in the early 1990s. In Mumbai, India, the notorious gangster Maya holds off veteran cop Khan and a force of more than 200 policemen in a six-hour bloody gunfight.</field>
</item><item>
	<field name="show_id">70056441</field>
	<field name="title">Teenage Mutant Ninja Turtles</field>
	<field name="director">Kevin Munroe</field>
	<field name="cast">Chris Evans, Sarah Michelle Gellar, Mako Iwamatsu, Kevin Smith, Patrick Stewart, Zhang Ziyi, Laurence Fishburne, Mitchell Whitfield, James Arnold Taylor, Mikey Kelley, Nolan North</field>
	<field name="country">Hong Kong, United States</field>
	<field name="date_added">May 1, 2019</field>
	<field name="rating">PG</field>
	<field name="duration">87 min</field>
	<field name="listed_in">Children & Family Movies, Comedies</field>
	<field name="description">In this animated adventure, Master Splinter whips the four Ninja Turtles back into shape to defeat monsters running amok in New York.</field>
</item><item>
	<field name="show_id">70074299</field>
	<field name="title">The Jane Austen Book Club</field>
	<field name="director">Robin Swicord</field>
	<field name="cast">Maria Bello, Emily Blunt, Kathy Baker, Amy Brenneman, Maggie Grace, Jimmy Smits, Hugh Dancy, Marc Blucas, Lynn Redgrave, Kevin Zegers, Nancy Travis</field>
	<field name="country">United States</field>
	<field name="date_added">March 8, 2019</field>
	<field name="rating">PG-13</field>
	<field name="duration">106 min</field>
	<field name="listed_in">Comedies, Dramas, Romantic Movies</field>
	<field name="description">Six book club members find their lives resemble a modern-day version of Jane Austen's novels in this drama.</field>
</item><item>
	<field name="show_id">70204282</field>
	<field name="title">Pablo Escobar: Angel or Demon?</field>
	<field name="director">Jorge Granier</field>
	<field name="cast">nan</field>
	<field name="country">Venezuela, Colombia</field>
	<field name="date_added">March 23, 2018</field>
	<field name="rating">NR</field>
	<field name="duration">82 min</field>
	<field name="listed_in">Documentaries, International Movies</field>
	<field name="description">This documentary traces the steps of druglord Pablo Escobar with vivid eyewitness accounts that reconstruct his bloody reign in Colombia.</field>
</item><item>
	<field name="show_id">70090072</field>
	<field name="title">A Love Story</field>
	<field name="director">Maryo J. De los Reyes</field>
	<field name="cast">Maricel Soriano, Aga Muhlach, Angelica Panganiban, Dante Rivero, Chin Chin Gutierrez, Bobby Andrews, TJ Trinidad, Baron Geisler, John Arcilla, Gerald Madrid</field>
	<field name="country">Philippines</field>
	<field name="date_added">March 14, 2019</field>
	<field name="rating">TV-14</field>
	<field name="duration">117 min</field>
	<field name="listed_in">Dramas, International Movies, Romantic Movies</field>
	<field name="description">Self-made millionaire Ian thinks he's found happiness when he marries caring Joanna, but his love is put to the test when he meets stewardess Karyn.</field>
</item><item>
	<field name="show_id">70063017</field>
	<field name="title">Guru</field>
	<field name="director">Mani Ratnam</field>
	<field name="cast">Abhishek Bachchan, Mithun Chakraborty, Aishwarya Rai Bachchan, Madhavan, Vidya Balan, Roshan Seth, Arya Babbar, Sachin Khedekar, Dhritiman Chatterjee, Manoj Joshi</field>
	<field name="country">India</field>
	<field name="date_added">March 1, 2018</field>
	<field name="rating">TV-14</field>
	<field name="duration">155 min</field>
	<field name="listed_in">Dramas, International Movies</field>
	<field name="description">Ambitious Gurukant Desai ignores his father's advice and leaves his village to find success in Turkey.</field>
</item><item>
	<field name="show_id">80999986</field>
	<field name="title">Pahuyut Fighting Beat</field>
	<field name="director">Piti Jaturaphat</field>
	<field name="cast">Nattanun Jantarawetch, David Bueno, Peerawat Herabat, Andrew Koji, Nahatai Lekbumrung, Lex Luther, Tim Man, Micky Nowacki, Sura Sankum, Amornrit Sriphung</field>
	<field name="country">Thailand</field>
	<field name="date_added">July 26, 2018</field>
	<field name="rating">TV-14</field>
	<field name="duration">82 min</field>
	<field name="listed_in">Action & Adventure, International Movies</field>
	<field name="description">When profit-seekers threaten to take over a bar in a tourist town, local martial artists put their skills to the test and fight back.</field>
</item><item>
	<field name="show_id">70218312</field>
	<field name="title">Train of the Dead</field>
	<field name="director">Sukum Maetawanitch</field>
	<field name="cast">Kett Thantup, Savika Chaiyadej, Sura Theerakon, Chaleumpol Tikumpornteerawong, Yarichada Wattanawongsri, Phoomjai Tangsanga, Warot Pitakanonda, Saowaluck Siriaran</field>
	<field name="country">Thailand</field>
	<field name="date_added">July 25, 2018</field>
	<field name="rating">NR</field>
	<field name="duration">88 min</field>
	<field name="listed_in">Horror Movies, International Movies</field>
	<field name="description">Five teenagers on the lam hide out in an empty train. Little do they realize that the train is inhabited by ghosts on their way to final judgment.</field>
</item><item>
	<field name="show_id">70123160</field>
	<field name="title">Twins Mission</field>
	<field name="director">To-hoi Kong</field>
	<field name="cast">Sammo Kam-Bo Hung, Gillian Chung, Charlene Choi, Wu Jing, Yuen Wah, Jess Zhang, Steven Cheung, Lier Qiu, Shek Sau, Sam Lee, Andy Liang</field>
	<field name="country">Hong Kong, China</field>
	<field name="date_added">July 21, 2019</field>
	<field name="rating">TV-14</field>
	<field name="duration">102 min</field>
	<field name="listed_in">Action & Adventure, International Movies</field>
	<field name="description">To retrieve a healing bead stolen from its guardian monks, a pair of bickering twin sisters face off against an entire gang of rival twins.</field>
</item><item>
	<field name="show_id">70066433</field>
	<field name="title">Next</field>
	<field name="director">Lee Tamahori</field>
	<field name="cast">Nicolas Cage, Julianne Moore, Jessica Biel, Thomas Kretschmann, Tory Kittles, José Zúñiga, Jim Beaver, Jason Butler Harner, Michael Trucco, Enzo Cilenti</field>
	<field name="country">United States</field>
	<field name="date_added">July 1, 2019</field>
	<field name="rating">PG-13</field>
	<field name="duration">96 min</field>
	<field name="listed_in">Action & Adventure, Sci-Fi & Fantasy</field>
	<field name="description">Las Vegas magician Cris can see a few minutes into the future and an FBI agent wants his help thwarting a nuclear attack.</field>
</item><item>
	<field name="show_id">70062158</field>
	<field name="title">Namastey London</field>
	<field name="director">Vipul Amrutlal Shah</field>
	<field name="cast">Akshay Kumar, Katrina Kaif, Rishi Kapoor, Upen Patel, Javed Sheikh, Nina Wadia, Clive Standen, Tiffany Mulheron</field>
	<field name="country">India</field>
	<field name="date_added">July 1, 2018</field>
	<field name="rating">TV-PG</field>
	<field name="duration">130 min</field>
	<field name="listed_in">Dramas, International Movies, Romantic Movies</field>
	<field name="description">To her Indian parents' dismay, London-born Jasmeet "Jazz" Malhotra longs for everything Western, including her British boyfriend. On a family trip to India, her father arranges Jazz's nuptials to Arjun Ballu Singh, who's smitten with his new bride.</field>
</item><item>
	<field name="show_id">70205125</field>
	<field name="title">Secret</field>
	<field name="director">Jay Chou</field>
	<field name="cast">Jay Chou, Lun-Mei Kwai, Anthony Wong Chau-Sang, Kai-xuan Tseng, Devon Song, Jun Lang Huang, Zhan Yuhao</field>
	<field name="country">Hong Kong, Taiwan</field>
	<field name="date_added">July 1, 2018</field>
	<field name="rating">TV-PG</field>
	<field name="duration">101 min</field>
	<field name="listed_in">Dramas, International Movies, Romantic Movies</field>
	<field name="description">Enchanted by a pretty pianist and the haunting melody she plays, a musical prodigy falls in love. But a secret soon threatens to derail their romance.</field>
</item><item>
	<field name="show_id">70065107</field>
	<field name="title">Becoming Jane</field>
	<field name="director">Julian Jarrold</field>
	<field name="cast">Anne Hathaway, James McAvoy, Julie Walters, James Cromwell, Maggie Smith, Laurence Fox, Ian Richardson</field>
	<field name="country">United Kingdom, Ireland</field>
	<field name="date_added">January 12, 2019</field>
	<field name="rating">PG-13</field>
	<field name="duration">121 min</field>
	<field name="listed_in">Dramas, Romantic Movies</field>
	<field name="description">A passionate romance with roguish barrister Tom Lefroy serves as the inspiration for the works of budding novelist Jane Austen.</field>
</item><item>
	<field name="show_id">70081015</field>
	<field name="title">Garfield Gets Real</field>
	<field name="director">Mark A.Z. Dippé, Kyung Ho Lee</field>
	<field name="cast">Frank Welker, Wally Wingert, Gregg Berger, Jennifer Darling, Pat Fraley, Jason Marsden, Neil Ross, Audrey Wasilewski, Stephen Stanton, Greg Eagles</field>
	<field name="country">nan</field>
	<field name="date_added">January 1, 2020</field>
	<field name="rating">TV-Y7</field>
	<field name="duration">78 min</field>
	<field name="listed_in">Children & Family Movies, Comedies</field>
	<field name="description">After trying to live in the "real world" and concluding it isn't for him, Garfield must return to his comic-strip home before getting trapped forever.</field>
</item><item>
	<field name="show_id">70044594</field>
	<field name="title">Ghost Rider</field>
	<field name="director">Mark Steven Johnson</field>
	<field name="cast">Nicolas Cage, Eva Mendes, Wes Bentley, Sam Elliott, Donal Logue, Matt Long, Peter Fonda, Brett Cullen, Raquel Alessi, Laurence Breuls</field>
	<field name="country">United States, Australia</field>
	<field name="date_added">January 1, 2020</field>
	<field name="rating">PG-13</field>
	<field name="duration">110 min</field>
	<field name="listed_in">Action & Adventure, Sci-Fi & Fantasy</field>
	<field name="description">Stunt cyclist Johnny Blaze makes a bargain with the sinister Mephisto to save a loved one. Years later, Johnny gets the chance to reclaim his soul.</field>
</item><item>
	<field name="show_id">70065096</field>
	<field name="title">Hairspray</field>
	<field name="director">Adam Shankman</field>
	<field name="cast">Nikki Blonsky, John Travolta, Michelle Pfeiffer, Christopher Walken, Amanda Bynes, James Marsden, Queen Latifah, Zac Efron, Brittany Snow, Allison Janney, Elijah Kelley, Jerry Stiller</field>
	<field name="country">United States, United Kingdom, Canada</field>
	<field name="date_added">January 1, 2020</field>
	<field name="rating">PG</field>
	<field name="duration">116 min</field>
	<field name="listed_in">Children & Family Movies, Comedies, Music & Musicals</field>
	<field name="description">In 1962, ambitious plus-size teen Tracy Turnblad tries to integrate a racially divided Baltimore one Watusi at a time.</field>
</item><item>
	<field name="show_id">70125581</field>
	<field name="title">Paranormal Activity</field>
	<field name="director">Oren Peli</field>
	<field name="cast">Katie Featherston, Randy McDowell, Amber Armstrong, Mark Fredrichs, Micah Sloat, Ashley Palmer, James Piper</field>
	<field name="country">United States</field>
	<field name="date_added">January 1, 2020</field>
	<field name="rating">R</field>
	<field name="duration">86 min</field>
	<field name="listed_in">Horror Movies, Thrillers</field>
	<field name="description">When Katie and Micah fear their home may be haunted by a demonic presence, Micah sets up a video camera to document all the action.</field>
</item><item>
	<field name="show_id">70077544</field>
	<field name="title">Sweeney Todd: The Demon Barber of Fleet Street</field>
	<field name="director">Tim Burton</field>
	<field name="cast">Johnny Depp, Helena Bonham Carter, Alan Rickman, Timothy Spall, Sacha Baron Cohen, Jamie Campbell Bower, Laura Michelle Kelly, Jayne Wisener, Ed Sanders</field>
	<field name="country">United States, United Kingdom</field>
	<field name="date_added">January 1, 2020</field>
	<field name="rating">R</field>
	<field name="duration">116 min</field>
	<field name="listed_in">Dramas, Horror Movies, Music & Musicals</field>
	<field name="description">After being falsely imprisoned, a vengeful murderer covers his tracks by enlisting the help of a baker whose meat pies become the toast of London.</field>
</item><item>
	<field name="show_id">70061763</field>
	<field name="title">The Dukes of Hazzard: The Beginning</field>
	<field name="director">Robert Berlinger</field>
	<field name="cast">Randy Wayne, Jonathan Bennett, Joel David Moore, Willie Nelson, April Scott, Harland Williams, Christopher McDonald, Hal Williams, Sherilyn Fenn, Gary Cole</field>
	<field name="country">United States</field>
	<field name="date_added">January 1, 2020</field>
	<field name="rating">R</field>
	<field name="duration">95 min</field>
	<field name="listed_in">Action & Adventure, Comedies</field>
	<field name="description">The mischievous Duke boys, Bo and Luke, are sent to live with their Uncle Jesse and cousin Daisy in this prequel movie to the popular TV series.</field>
</item><item>
	<field name="show_id">70045863</field>
	<field name="title">Across the Universe</field>
	<field name="director">Julie Taymor</field>
	<field name="cast">Evan Rachel Wood, Jim Sturgess, Joe Anderson, Dana Fuchs, Martin Luther, James Urbaniak, T.V. Carpio, Spencer Liff</field>
	<field name="country">United States, United Kingdom</field>
	<field name="date_added">January 1, 2019</field>
	<field name="rating">PG-13</field>
	<field name="duration">133 min</field>
	<field name="listed_in">Dramas, Music & Musicals, Romantic Movies</field>
	<field name="description">An American girl and a British lad fall in love amid the social and political upheaval of the 1960s, in this musical featuring songs by the Beatles.</field>
</item><item>
	<field name="show_id">70058019</field>
	<field name="title">Perfect Stranger</field>
	<field name="director">James Foley</field>
	<field name="cast">Halle Berry, Bruce Willis, Giovanni Ribisi, Richard Portnow, Gary Dourdan, Florencia Lozano, Nicki Aycox, Kathleen Chalfant, Gordon MacDonald, Daniella Van Graas</field>
	<field name="country">United States</field>
	<field name="date_added">January 1, 2019</field>
	<field name="rating">R</field>
	<field name="duration">109 min</field>
	<field name="listed_in">Thrillers</field>
	<field name="description">Ro risks her life to discover the identity of a stranger lurking on the Internet who might hold the answers to her friend's murder.</field>
</item><item>
	<field name="show_id">70060010</field>
	<field name="title">Bee Movie</field>
	<field name="director">Steve Hickner, Simon J. Smith</field>
	<field name="cast">Jerry Seinfeld, Renée Zellweger, Matthew Broderick, Patrick Warburton, John Goodman, Chris Rock, Kathy Bates, Barry Levinson, Larry King, Ray Liotta</field>
	<field name="country">United States, Australia</field>
	<field name="date_added">January 1, 2017</field>
	<field name="rating">PG</field>
	<field name="duration">92 min</field>
	<field name="listed_in">Children & Family Movies, Comedies</field>
	<field name="description">Barry, a worker bee stuck in a dead-end job making honey, sues humans when he learns they've been stealing bees' nectar all along.</field>
</item><item>
	<field name="show_id">70116577</field>
	<field name="title">Sakhi</field>
	<field name="director">Sanjay Soorkar</field>
	<field name="cast">Ashok Saraf, Sonali Kulkarni, Subodh Bhave, Usha Nadkarni, Raghavendra Kadkol, Pushkar Shrotri, Lokesh Gupte, Santosh Juvekar, Jyoti Joshi, Kishor Mahabole</field>
	<field name="country">India</field>
	<field name="date_added">February 15, 2018</field>
	<field name="rating">TV-PG</field>
	<field name="duration">152 min</field>
	<field name="listed_in">Dramas, International Movies, Music & Musicals</field>
	<field name="description">Caught in a downward spiral of failed career moves, misguided ambitions and bad relations, a pair of lost souls find hope in an unexpected friendship.</field>
</item><item>
	<field name="show_id">70087087</field>
	<field name="title">Taare Zameen Par</field>
	<field name="director">Aamir Khan</field>
	<field name="cast">Aamir Khan, Darsheel Safary, Tanay Chheda, Tisca Chopra, Vipin Sharma, Girija Oak, M.K. Raina</field>
	<field name="country">India</field>
	<field name="date_added">December 8, 2017</field>
	<field name="rating">PG</field>
	<field name="duration">162 min</field>
	<field name="listed_in">Dramas, International Movies</field>
	<field name="description">When daydreamer Ishaan is sent to boarding school, an unconventional art teacher tries to help the imaginative student discover his true identity.</field>
</item><item>
	<field name="show_id">70064205</field>
	<field name="title">Anwar</field>
	<field name="director">Manish Jha</field>
	<field name="cast">Siddharth Koirala, Nauheed Cyrusi, Manisha Koirala, Rajpal Yadav, Yashpal Sharma, Vijay Raaz, Hiten Tejwani, Sudhir Pandey, Sanjay Mishra, Lalit Tiwari</field>
	<field name="country">India</field>
	<field name="date_added">December 31, 2019</field>
	<field name="rating">TV-14</field>
	<field name="duration">134 min</field>
	<field name="listed_in">Dramas, Independent Movies, International Movies</field>
	<field name="description">Seeking refuge in a Hindu temple after the tragic death of the girl he loved, a Muslim youth is caught by the police, who mistake him for an enemy.</field>
</item><item>
	<field name="show_id">81213888</field>
	<field name="title">Dhamaal</field>
	<field name="director">Indra Kumar</field>
	<field name="cast">Sanjay Dutt, Riteish Deshmukh, Arshad Warsi, Aashish Chaudhary, Javed Jaffrey, Prem Chopra, Asrani, Tiku Talsania</field>
	<field name="country">India</field>
	<field name="date_added">December 31, 2019</field>
	<field name="rating">TV-14</field>
	<field name="duration">128 min</field>
	<field name="listed_in">Action & Adventure, Comedies, International Movies</field>
	<field name="description">Tipped off about buried money in Goa, four ne’er-do-well friends go on the hunt, chased by a police officer who wants the treasure for himself.</field>
</item><item>
	<field name="show_id">70065255</field>
	<field name="title">Traffic Signal</field>
	<field name="director">Madhur Bhandarkar</field>
	<field name="cast">Kunal Khemu, Neetu Chandra, Konkona Sen Sharma, Upendra Limaye, Ranvir Shorey, Sudhir Mishra, Nassar Abdulla, Manoj Joshi</field>
	<field name="country">India</field>
	<field name="date_added">December 31, 2019</field>
	<field name="rating">TV-MA</field>
	<field name="duration">130 min</field>
	<field name="listed_in">Dramas, Independent Movies, International Movies</field>
	<field name="description">Four characters coexist at an urban traffic signal, where all manage to make a meager living until events threaten the source of their livelihood.</field>
</item><item>
	<field name="show_id">70254352</field>
	<field name="title">Honeymoon Travels Pvt. Ltd.</field>
	<field name="director">Reema Kagti</field>
	<field name="cast">Shabana Azmi, Boman Irani, Abhay Deol, Minissha Lamba, Kay Kay Menon, Raima Sen, Sandhya Mridul, Vikram Chatwal, Ameesha Patel, Karan Khanna, Diya Mirza, Ranvir Shorey</field>
	<field name="country">India</field>
	<field name="date_added">December 15, 2019</field>
	<field name="rating">TV-14</field>
	<field name="duration">119 min</field>
	<field name="listed_in">Comedies, Dramas, International Movies</field>
	<field name="description">This offbeat comedy-drama follows six quirky newlywed couples as they set off on a bus from Mumbai to Goa on their honeymoons.</field>
</item><item>
	<field name="show_id">70045274</field>
	<field name="title">Evan Almighty</field>
	<field name="director">Tom Shadyac</field>
	<field name="cast">Steve Carell, John Goodman, Molly Shannon, Lauren Graham, Graham Phillips, Johnny Simmons, Morgan Freeman, Wanda Sykes, John Michael Higgins, Jonah Hill, Jimmy Bennett</field>
	<field name="country">United States</field>
	<field name="date_added">April 16, 2019</field>
	<field name="rating">PG</field>
	<field name="duration">96 min</field>
	<field name="listed_in">Children & Family Movies, Comedies, Faith & Spirituality</field>
	<field name="description">God summons narcissistic Evan to build an ark in preparation for a flood. Meanwhile, Evan's family interprets his new hobby as a midlife crisis.</field>
</item><item>
	<field name="show_id">70058016</field>
	<field name="title">Fracture</field>
	<field name="director">Gregory Hoblit</field>
	<field name="cast">Anthony Hopkins, Ryan Gosling, David Strathairn, Rosamund Pike, Embeth Davidtz, Billy Burke, Cliff Curtis, Fiona Shaw, Bob Gunton, Josh Stamberg</field>
	<field name="country">United States, Germany</field>
	<field name="date_added">April 1, 2019</field>
	<field name="rating">R</field>
	<field name="duration">113 min</field>
	<field name="listed_in">Dramas, Thrillers</field>
	<field name="description">Ted Crawford, who allegedly attempted to murder his wife, is now locked in a battle of wits with a young assistant district attorney.</field>
</item><item>
	<field name="show_id">70077546</field>
	<field name="title">P.S. I Love You</field>
	<field name="director">Richard LaGravenese</field>
	<field name="cast">Hilary Swank, Gerard Butler, Lisa Kudrow, Gina Gershon, James Marsters, Kathy Bates, Harry Connick Jr., Nellie McKay, Jeffrey Dean Morgan, Dean Winters</field>
	<field name="country">United States</field>
	<field name="date_added">April 1, 2019</field>
	<field name="rating">PG-13</field>
	<field name="duration">126 min</field>
	<field name="listed_in">Dramas, Romantic Movies</field>
	<field name="description">When she loses her beloved husband to a brain tumor, grieving widow Holly Kennedy learns that he left a series of letters behind to help her cope.</field>
</item><item>
	<field name="show_id">70061480</field>
	<field name="title">War</field>
	<field name="director">Philip G. Atwell</field>
	<field name="cast">Jet Li, Jason Statham, John Lone, Devon Aoki, Luis Guzmán, Saul Rubinek, Sung Kang, Mathew St. Patrick, Nadine Velazquez, Andrea Roth, Mark Cheng, Kane Kosugi, Ryo Ishibashi, Steph Song</field>
	<field name="country">United States, Canada</field>
	<field name="date_added">April 1, 2019</field>
	<field name="rating">R</field>
	<field name="duration">103 min</field>
	<field name="listed_in">Action & Adventure</field>
	<field name="description">When his partner is killed and all clues point to a notorious assassin, FBI agent Jack Crawford sets out for revenge in this taut action-thriller.</field>
</item><item>
	<field name="show_id">70083535</field>
	<field name="title">Om Shanti Om</field>
	<field name="director">Farah Khan</field>
	<field name="cast">Shah Rukh Khan, Deepika Padukone, Shreyas Talpade, Arjun Rampal, Kirron Kher, Javed Sheikh</field>
	<field name="country">India</field>
	<field name="date_added">April 1, 2018</field>
	<field name="rating">TV-14</field>
	<field name="duration">169 min</field>
	<field name="listed_in">Comedies, Dramas, International Movies</field>
	<field name="description">Reincarnated 30 years after being killed in a suspicious on-set fire, a small-time actor is determined to punish the person who ignited the blaze.</field>
</item><item>
	<field name="show_id">70084328</field>
	<field name="title">The Aerial</field>
	<field name="director">Esteban Sapir</field>
	<field name="cast">Rafael Ferro, Sol Moreno, Jonathan Sandor, Alejandro Urdapilleta, Julieta Cardinali, Florencia Raggi, Valeria Bertuccelli, Raúl Hochman, Ricardo Merkin, Carlos Piñeyro</field>
	<field name="country">Argentina</field>
	<field name="date_added">April 1, 2018</field>
	<field name="rating">TV-MA</field>
	<field name="duration">99 min</field>
	<field name="listed_in">Dramas, International Movies, Sci-Fi & Fantasy</field>
	<field name="description">In the City Without a Voice, only faceless singer the Voice can still vocalize. Everyone else has lost the power of speech as they let Mr. TV's broadcasts speak for them. But when Mr. TV kidnaps the Voice, things change.</field>
</item><item>
	<field name="show_id">80085438</field>
	<field name="title">Frank and Cindy</field>
	<field name="director">G.J. Echternkamp</field>
	<field name="cast">nan</field>
	<field name="country">United States</field>
	<field name="date_added">April 1, 2016</field>
	<field name="rating">TV-MA</field>
	<field name="duration">70 min</field>
	<field name="listed_in">Documentaries</field>
	<field name="description">Frank was a rising pop star when he married Cindy, but decades of dashed dreams and alcoholism have left the pair struggling to find happiness.</field>
</item>