<item>
	<field name="show_id">70213196</field>
	<field name="title">Gurren Lagann</field>
	<field name="director">nan</field>
	<field name="cast">Tetsuya Kakihara, Katsuyuki Konishi, Marina Inoue, Masaya Onosaka, Nobuyuki Hiyama, Shizuka Ito, Daiki Nakamura, Kisho Taniyama, Rina Sato, Kana Ueda, Kana Asumi, Mitsuki Saiga, Takako Honda, Yukari Fukui, Kiyoyuki Yanada, Michiko Neya, Akio Suyama, Kiyoshi Kawakubo, Narushi Ikeda, Andrea Kwan, Brett Weaver, Bridget Hoffman, Dave Bridges, David Lee Mckinney, Hynden Walch, Kyle Hebert, Michelle Ruff, Yuri Lowenthal</field>
	<field name="country">Japan</field>
	<field name="date_added">September 1, 2017</field>
	<field name="rating">TV-14</field>
	<field name="duration">1 Season</field>
	<field name="listed_in">Anime Series, International TV Shows</field>
	<field name="description">When a young laborer escapes to the world aboveground, he discovers a violent land in which humans battle robots controlled by a power-hungry noble.</field>
</item><item>
	<field name="show_id">80157297</field>
	<field name="title">The Golden Path</field>
	<field name="director">nan</field>
	<field name="cast">Li Nanxing, Chen Liping, Chew Chor Meng, Tay Ping Hui, Joanne Peh, Felicia Chin, Huang Wenyong, Alan Tern</field>
	<field name="country">nan</field>
	<field name="date_added">November 1, 2017</field>
	<field name="rating">TV-14</field>
	<field name="duration">1 Season</field>
	<field name="listed_in">International TV Shows, TV Dramas</field>
	<field name="description">A single mother of five struggles for decades to forge a successful business empire, only to see her family descend into animosity and betrayal.</field>
</item><item>
	<field name="show_id">70230412</field>
	<field name="title">Bo on the Go!</field>
	<field name="director">nan</field>
	<field name="cast">Catherine O'Connor, Andrew Sabiston, Jim Fowler</field>
	<field name="country">Canada</field>
	<field name="date_added">March 21, 2019</field>
	<field name="rating">TV-Y</field>
	<field name="duration">1 Season</field>
	<field name="listed_in">Kids' TV</field>
	<field name="description">Staying at home doesn't mean sitting still for energetic Bo and her little dragon friend Dezzy, who embark on amazing adventures through movement.</field>
</item><item>
	<field name="show_id">81044608</field>
	<field name="title">Upin & Ipin</field>
	<field name="director">nan</field>
	<field name="cast">Nurfathiah Diaz</field>
	<field name="country">Malaysia</field>
	<field name="date_added">June 10, 2019</field>
	<field name="rating">TV-Y</field>
	<field name="duration">1 Season</field>
	<field name="listed_in">Kids' TV</field>
	<field name="description">Two mischievous yet lovable five-year-old twins and their friends enjoy daily life and new discoveries with the residents of their Malaysian village.</field>
</item><item>
	<field name="show_id">80114499</field>
	<field name="title">The Future of Water</field>
	<field name="director">nan</field>
	<field name="cast">nan</field>
	<field name="country">Norway</field>
	<field name="date_added">July 1, 2016</field>
	<field name="rating">TV-PG</field>
	<field name="duration">1 Season</field>
	<field name="listed_in">Docuseries, International TV Shows, Science & Nature TV</field>
	<field name="description">A look at the deeply intertwined history of humanity and fresh water reveals looming challenges that could upend power structures around the world.</field>
</item><item>
	<field name="show_id">70213078</field>
	<field name="title">Power Rangers Operation Overdrive</field>
	<field name="director">nan</field>
	<field name="cast">James Maclurcan, Caitlin Murphy, Samuell Benta, Rhoda Montemayor, Gareth Yuen, Dwayne Cameron, Rod Lousich, David Weatherley, Kelson Henderson, Gerald Urquhart, Ria Vandervis, Mark Ferguson</field>
	<field name="country">United States, New Zealand, Japan</field>
	<field name="date_added">January 1, 2016</field>
	<field name="rating">TV-Y7-FV</field>
	<field name="duration">1 Season</field>
	<field name="listed_in">Kids' TV</field>
	<field name="description">To keep powerful jewels from falling into the hands of two wicked brothers, five young Power Rangers set out on a dangerous global adventure.</field>
</item><item>
	<field name="show_id">70157452</field>
	<field name="title">Dinner for Five</field>
	<field name="director">nan</field>
	<field name="cast">nan</field>
	<field name="country">United States</field>
	<field name="date_added">February 4, 2008</field>
	<field name="rating">TV-MA</field>
	<field name="duration">1 Season</field>
	<field name="listed_in">Stand-Up Comedy & Talk Shows</field>
	<field name="description">In each episode, four celebrities join host Jon Favreau for dinner and share revealing stories about both show business and their personal lives.</field>
</item><item>
	<field name="show_id">70202579</field>
	<field name="title">The War: A Film by Ken Burns and Lynn Novick</field>
	<field name="director">nan</field>
	<field name="cast">Keith David</field>
	<field name="country">United States</field>
	<field name="date_added">February 22, 2017</field>
	<field name="rating">TV-14</field>
	<field name="duration">1 Season</field>
	<field name="listed_in">Docuseries</field>
	<field name="description">A seven-part series brings World War II to life through the harrowing personal accounts of soldiers and others from "typical" American towns.</field>
</item><item>
	<field name="show_id">70157231</field>
	<field name="title">The 4400</field>
	<field name="director">nan</field>
	<field name="cast">Joel Gretsch, Jacqueline McKenzie, Patrick John Flueger, Conchita Campbell, Chad Faust, Richard Kahan, Mahershala Ali, Billy Campbell</field>
	<field name="country">United States, United Kingdom</field>
	<field name="date_added"> September 1, 2013</field>
	<field name="rating">TV-14</field>
	<field name="duration">4 Seasons</field>
	<field name="listed_in">TV Dramas, TV Mysteries, TV Sci-Fi & Fantasy</field>
	<field name="description">4400 people who vanished over the course of five decades suddenly reappear. None have aged, and slowly it's revealed that they have mysterious powers.</field>
</item><item>
	<field name="show_id">81014647</field>
	<field name="title">Kath and Kim</field>
	<field name="director">nan</field>
	<field name="cast">Jane Turner, Gina Riley, Glenn Robbins, Peter Rowsthorn, Magda Szubanski</field>
	<field name="country">Australia</field>
	<field name="date_added"> July 28, 2018</field>
	<field name="rating">TV-14</field>
	<field name="duration">6 Seasons</field>
	<field name="listed_in">TV Comedies</field>
	<field name="description">As Kath prepares to wed fine-meats purveyor Kel, her daughter Kim moves back home after becoming disillusioned with her two-month marriage to Brett.</field>
</item><item>
	<field name="show_id">70153374</field>
	<field name="title">Intelligence</field>
	<field name="director">nan</field>
	<field name="cast">Ian Tracey, Klea Scott, John Cassini, Matt Frewer, Alana Husband, Kyla Wise, Camille Sullivan, Darcy Laurie, Eugene Lipinski, Michael Eklund</field>
	<field name="country">Canada</field>
	<field name="date_added"> July 19, 2017</field>
	<field name="rating">TV-14</field>
	<field name="duration">2 Seasons</field>
	<field name="listed_in">Crime TV Shows, TV Dramas</field>
	<field name="description">Clashes both on the street and in the bedroom pits the female head of the Organized Crime Unit against the cocky leader of a pot-smuggling ring.</field>
</item>