<item>
	<field name="show_id">269880</field>
	<field name="title">Bad Boys</field>
	<field name="director">Michael Bay</field>
	<field name="cast">Will Smith, Martin Lawrence, Téa Leoni, Tchéky Karyo, Theresa Randle, Joe Pantoliano, Emmanuel Xuereb, Michael Imperioli, Nestor Serrano, Julio Oscar Mechoso</field>
	<field name="country">United States</field>
	<field name="date_added">October 1, 2019</field>
	<field name="rating">R</field>
	<field name="duration">119 min</field>
	<field name="listed_in">Action & Adventure, Comedies</field>
	<field name="description">In this fast-paced actioner, two Miami narcotics cops are hot on the trail of a master crook who has snatched $100 million worth of heroin.</field>
</item><item>
	<field name="show_id">70052286</field>
	<field name="title">Kicking and Screaming</field>
	<field name="director">Noah Baumbach</field>
	<field name="cast">Josh Hamilton, Olivia d'Abo, Carlos Jacott, Chris Eigeman, Eric Stoltz, Jason Wiles, Parker Posey, Cara Buono, Elliott Gould, Samuel Gould</field>
	<field name="country">United States</field>
	<field name="date_added">November 4, 2019</field>
	<field name="rating">R</field>
	<field name="duration">97 min</field>
	<field name="listed_in">Comedies, Independent Movies, Romantic Movies</field>
	<field name="description">After graduating, four college roomies – petrified by the prospect of facing "real life" – reluctantly step into adulthood in this ensemble comedy.</field>
</item><item>
	<field name="show_id">60022502</field>
	<field name="title">It Takes Two</field>
	<field name="director">Andy Tennant</field>
	<field name="cast">Kirstie Alley, Steve Guttenberg, Mary-Kate Olsen, Ashley Olsen, Philip Bosco, Jane Sibbett</field>
	<field name="country">United States</field>
	<field name="date_added">November 20, 2019</field>
	<field name="rating">PG</field>
	<field name="duration">101 min</field>
	<field name="listed_in">Children & Family Movies, Comedies</field>
	<field name="description">The Olsen twins put a cute new spin on Mark Twain's classic tale "The Prince and the Pauper," playing identical 9-year-olds from very different backgrounds: orphaned Amanda and wealthy Alyssa.</field>
</item><item>
	<field name="show_id">923574</field>
	<field name="title">Rumble in the Bronx</field>
	<field name="director">Stanley Tong</field>
	<field name="cast">Jackie Chan, Anita Mui, Françoise Yip, Bill Tung, Marc Akerstream, Garvin Cross, Morgan Lam, Ailen Sit</field>
	<field name="country">Hong Kong</field>
	<field name="date_added">November 1, 2019</field>
	<field name="rating">R</field>
	<field name="duration">89 min</field>
	<field name="listed_in">Action & Adventure, Comedies, International Movies</field>
	<field name="description">During a visit to the Bronx to help out at his uncle's store, a cheerful martial arts expert springs into action when a gang terrorizes the shop.</field>
</item><item>
	<field name="show_id">24081514</field>
	<field name="title">Ram Jaane</field>
	<field name="director">Rajiv Mehra</field>
	<field name="cast">Shah Rukh Khan, Juhi Chawla, Vivek Mushran, Pankaj Kapur, Puneet Issar, Tinnu Anand, Deven Verma, Gulshan Grover, Amrit Pal, Arun Bali</field>
	<field name="country">India</field>
	<field name="date_added">May 15, 2017</field>
	<field name="rating">TV-14</field>
	<field name="duration">142 min</field>
	<field name="listed_in">Dramas, International Movies, Music & Musicals</field>
	<field name="description">Two boyhood pals – one righteous, the other a criminal – take very different paths to adulthood. Their love for the same woman may prove disastrous.</field>
</item><item>
	<field name="show_id">20717860</field>
	<field name="title">Trimurti</field>
	<field name="director">Mukul Anand</field>
	<field name="cast">Anil Kapoor, Shah Rukh Khan, Jackie Shroff, Satyendra Kapoor, Gautami, Tinnu Anand, Saeed Jaffrey, Anirudh Agarwal, Mohan Agashe, Himani Shivpuri, Priya Tendulkar, Anjali Jathar, Anang Desai, Pramod Moutho, Subhash Ghai</field>
	<field name="country">India</field>
	<field name="date_added">March 1, 2018</field>
	<field name="rating">TV-PG</field>
	<field name="duration">173 min</field>
	<field name="listed_in">Action & Adventure, Dramas, International Movies</field>
	<field name="description">After being framed, a policewoman languishing in prison hopes that her three sons will deliver justice and restore her honor.</field>
</item><item>
	<field name="show_id">80156937</field>
	<field name="title">Oh Darling Yeh Hai India</field>
	<field name="director">Ketan Mehta</field>
	<field name="cast">Shah Rukh Khan, Deepa Sahi, Javed Jaffrey, Anupam Kher, Amrish Puri, Tom Alter, Tinnu Anand, Sadashiv Amrapurkar, Tiku Talsania, Kader Khan</field>
	<field name="country">India</field>
	<field name="date_added">June 1, 2017</field>
	<field name="rating">TV-14</field>
	<field name="duration">154 min</field>
	<field name="listed_in">Action & Adventure, Comedies, International Movies</field>
	<field name="description">A penniless actor new to Mumbai and a beautiful woman he meets one fateful night try to stop a gangster from replacing India's president with a twin.</field>
</item><item>
	<field name="show_id">1064058</field>
	<field name="title">Tremors 2: Aftershocks</field>
	<field name="director">S.S. Wilson</field>
	<field name="cast">Fred Ward, Chris Gartin, Helen Shaver, Michael Gross, Marcelo Tubert, Marco Hernandez, José Ramón Rosario, Thomas Rosales Jr.</field>
	<field name="country">nan</field>
	<field name="date_added">January 1, 2020</field>
	<field name="rating">PG-13</field>
	<field name="duration">100 min</field>
	<field name="listed_in">Comedies, Horror Movies, Sci-Fi & Fantasy</field>
	<field name="description">A rag-tag team of survivalists and scientists battle supersucking desert creatures that are worming their way through the oil fields of Mexico.</field>
</item><item>
	<field name="show_id">22040803</field>
	<field name="title">GoldenEye</field>
	<field name="director">Martin Campbell</field>
	<field name="cast">Pierce Brosnan, Sean Bean, Izabella Scorupco, Famke Janssen, Joe Don Baker, Judi Dench, Robbie Coltrane, Gottfried John, Alan Cumming, Tchéky Karyo, Desmond Llewelyn, Samantha Bond, Michael Kitchen, Serena Gordon, Simon Kunz</field>
	<field name="country">United Kingdom, United States</field>
	<field name="date_added">December 31, 2019</field>
	<field name="rating">PG-13</field>
	<field name="duration">130 min</field>
	<field name="listed_in">Action & Adventure</field>
	<field name="description">Pierce Brosnan takes his first turn as debonair secret agent James Bond, who investigates the destruction of a Russian satellite weapons base.</field>
</item><item>
	<field name="show_id">22469949</field>
	<field name="title">Now and Then</field>
	<field name="director">Lesli Linka Glatter</field>
	<field name="cast">Christina Ricci, Rosie O'Donnell, Thora Birch, Melanie Griffith, Gaby Hoffmann, Demi Moore, Ashleigh Aston Moore, Rita Wilson, Janeane Garofalo, Hank Azaria, Bonnie Hunt, Cloris Leachman</field>
	<field name="country">United States</field>
	<field name="date_added">August 2, 2019</field>
	<field name="rating">PG-13</field>
	<field name="duration">102 min</field>
	<field name="listed_in">Dramas</field>
	<field name="description">Waxing nostalgic about the bittersweet passage from childhood to puberty, four childhood girlfriends recall the magical summer of 1970.</field>
</item><item>
	<field name="show_id">80997789</field>
	<field name="title">Loving You</field>
	<field name="director">Johnnie To</field>
	<field name="cast">Lau Ching Wan, Carman Lee, Tsung-Hua To, Chung-wai Lee, Ruby Wong</field>
	<field name="country">Hong Kong</field>
	<field name="date_added">August 16, 2018</field>
	<field name="rating">TV-14</field>
	<field name="duration">79 min</field>
	<field name="listed_in">Dramas, International Movies</field>
	<field name="description">Struggling in a loveless marriage, a hard-drinking, workaholic cop finds a chance at redemption after a fateful incident leaves him wounded.</field>
</item><item>
	<field name="show_id">60026477</field>
	<field name="title">To Wong Foo, Thanks for Everything! Julie Newmar</field>
	<field name="director">Beeban Kidron</field>
	<field name="cast">Patrick Swayze, Wesley Snipes, John Leguizamo, Stockard Channing, Blythe Danner, Arliss Howard, Jason London, Chris Penn, Melinda Dillon, Beth Grant, Alice Drummond, Marceline Hugot, Michael Vartan, RuPaul Charles, Julie Newmar</field>
	<field name="country">United States</field>
	<field name="date_added">August 1, 2019</field>
	<field name="rating">PG-13</field>
	<field name="duration">108 min</field>
	<field name="listed_in">Comedies, Cult Movies, LGBTQ Movies</field>
	<field name="description">Three New York drag queens on their way to Hollywood for a beauty pageant get stranded in a small Midwestern town when their car breaks down.</field>
</item><item>
	<field name="show_id">60022255</field>
	<field name="title">Balto</field>
	<field name="director">Simon Wells</field>
	<field name="cast">Kevin Bacon, Bob Hoskins, Bridget Fonda, Jim Cummings, Phil Collins, Jack Angel, Danny Mann, Robbie Rist</field>
	<field name="country">United States</field>
	<field name="date_added">April 1, 2018</field>
	<field name="rating">G</field>
	<field name="duration">78 min</field>
	<field name="listed_in">Children & Family Movies, Dramas</field>
	<field name="description">Balto, who is half wolf and half dog, endures the taunts of disapproving humans as he guides a precious cargo of medicine through the Alaskan winter.</field>
</item><item>
	<field name="show_id">284890</field>
	<field name="title">Barsaat</field>
	<field name="director">Rajkumar Santoshi</field>
	<field name="cast">Twinkle Khanna, Bobby Deol, Danny Denzongpa, Raj Babbar, Ashwin Kaushal, Mukesh Khanna, Harish Patel</field>
	<field name="country">India</field>
	<field name="date_added">April 1, 2018</field>
	<field name="rating">TV-PG</field>
	<field name="duration">166 min</field>
	<field name="listed_in">Action & Adventure, International Movies, Music & Musicals</field>
	<field name="description">A naïve young man and a rich city girl fall in love. Her stepfather, however, doesn't approve of the match and will stop at nothing to split the pair.</field>
</item><item>
	<field name="show_id">607931</field>
	<field name="title">How to Make an American Quilt</field>
	<field name="director">Jocelyn Moorhouse</field>
	<field name="cast">Winona Ryder, Anne Bancroft, Ellen Burstyn, Kate Nelligan, Alfre Woodard, Kaelynn Craddick, Sara Craddick, Kate Capshaw, Dermot Mulroney, Adam Baldwin, Maya Angelou, Rip Torn, Joanna Going, Claire Danes, Jean Simmons, Denis Arndt, Johnathon Schaech, Samantha Mathis, Derrick O'Connor, Jared Leto</field>
	<field name="country">United States</field>
	<field name="date_added">April 1, 2018</field>
	<field name="rating">PG-13</field>
	<field name="duration">116 min</field>
	<field name="listed_in">Dramas, Romantic Movies</field>
	<field name="description">A conflicted young woman spends the summer with her grandmother, her great-aunt and their quilting circle, whose life stories captivate her.</field>
</item>