<item>
	<field name="show_id">81033445</field>
	<field name="title">Neon Genesis Evangelion</field>
	<field name="director">nan</field>
	<field name="cast">Megumi Ogata, Kotono Mitsuishi, Yuriko Yamaguchi, Megumi Hayashibara, Yuko Miyamura, Fumihiko Tachiki, Akira Ishida, Motomu Kiyokawa, Hiro Yuki, Miki Nagasawa, Takehito Koyasu, Tomokazu Seki, Tetsuya Iwanaga, Junko Iwao, Mugihito</field>
	<field name="country">Japan</field>
	<field name="date_added">June 21, 2019</field>
	<field name="rating">TV-14</field>
	<field name="duration">1 Season</field>
	<field name="listed_in">Anime Series, International TV Shows</field>
	<field name="description">Fifteen years after the Second Impact, Shinji Ikari joins his father's group NERV as one of several teenage mecha pilots fighting the monstrous Angels.</field>
</item><item>
	<field name="show_id">70184126</field>
	<field name="title">V.R. Troopers</field>
	<field name="director">nan</field>
	<field name="cast">Michael Sorich, Gardner Baldwin, Mike Reynolds, Richard Rabago, Brad Hawkins, Michael Bacon, Kerrigan Mahan, Sarah Brown, Julian Combs, David Carr, Farrand Thompson, Zeb, Aaron Pruner</field>
	<field name="country">United States</field>
	<field name="date_added"> January 1, 2016</field>
	<field name="rating">TV-Y7-FV</field>
	<field name="duration">2 Seasons</field>
	<field name="listed_in">Kids' TV</field>
	<field name="description">Three friends who study martial arts find themselves defending humanity from a criminal mastermind and his invading army from another dimension.</field>
</item>