<item>
	<field name="show_id">70205634</field>
	<field name="title">El Chavo</field>
	<field name="director">nan</field>
	<field name="cast">Roberto Gómez Bolaños, María Antonieta de las Nieves, Carlos Villagrán, Florinda Meza García, Angelines Fernández Abad, Rubén Aguirre Fuentes, Edgar Vivar, Ramón Gómez Valdez de Castillo</field>
	<field name="country">Mexico</field>
	<field name="date_added">December 31, 2017</field>
	<field name="rating">TV-PG</field>
	<field name="duration">1 Season</field>
	<field name="listed_in">Classic & Cult TV, Kids' TV, Spanish-Language TV Shows</field>
	<field name="description">El Chavo is a poor, nameless orphan who lives in an apartment building with La Chilindrina, Quico, Doña Florinda, Don Ramón and Professor Jirafales.</field>
</item>