<item>
	<field name="show_id">17672040</field>
	<field name="title">The River Wild</field>
	<field name="director">Curtis Hanson</field>
	<field name="cast">Meryl Streep, Kevin Bacon, David Strathairn, Joseph Mazzello, John C. Reilly, Benjamin Bratt, Elizabeth Hoffman, William Lucking, Diane Delano</field>
	<field name="country">United States</field>
	<field name="date_added">September 1, 2018</field>
	<field name="rating">PG-13</field>
	<field name="duration">111 min</field>
	<field name="listed_in">Action & Adventure</field>
	<field name="description">A turbulent vacation turns deadly when a fugitive and his crew kidnap a river rafting guide and her family, forcing them down the dangerous river.</field>
</item><item>
	<field name="show_id">510854</field>
	<field name="title">The Flintstones</field>
	<field name="director">Brian Levant</field>
	<field name="cast">John Goodman, Elizabeth Perkins, Rick Moranis, Rosie O'Donnell, Kyle MacLachlan, Halle Berry, Elizabeth Taylor, Dann Florek, Sam Raimi, Harvey Korman</field>
	<field name="country">United States</field>
	<field name="date_added">October 1, 2019</field>
	<field name="rating">PG</field>
	<field name="duration">91 min</field>
	<field name="listed_in">Children & Family Movies, Comedies</field>
	<field name="description">The Flintstones hit the big screen in this live-action comedy that finds Fred and Barney struggling to cope with the pressures of work and family.</field>
</item><item>
	<field name="show_id">20258084</field>
	<field name="title">Andaz Apna Apna</field>
	<field name="director">Rajkumar Santoshi</field>
	<field name="cast">Aamir Khan, Salman Khan, Raveena Tandon, Karisma Kapoor, Paresh Rawal, Viju Khote, Shehzad Khan, Deven Verma, Jagdeep, Mehmood</field>
	<field name="country">India</field>
	<field name="date_added">May 16, 2018</field>
	<field name="rating">TV-PG</field>
	<field name="duration">160 min</field>
	<field name="listed_in">Comedies, Cult Movies, International Movies</field>
	<field name="description">Broke and with no concrete plans for the future, two young men discover that a stunning heiress lives nearby and try to charm her into marriage.</field>
</item><item>
	<field name="show_id">80157083</field>
	<field name="title">Kabhi Haan Kabhi Naa</field>
	<field name="director">Kundan Shah</field>
	<field name="cast">Shah Rukh Khan, Suchitra Krishnamoorthi, Deepak Tijori, Rita Bhaduri, Satish Shah, Anjan Srivastav, Goga Kapoor, Tiku Talsania, Ravi Baswani, Naseeruddin Shah</field>
	<field name="country">India</field>
	<field name="date_added">May 15, 2017</field>
	<field name="rating">TV-14</field>
	<field name="duration">151 min</field>
	<field name="listed_in">Comedies, Dramas, International Movies</field>
	<field name="description">A dreamer falls for a girl who is in love with someone else and tries to create a rift between her and the man she loves.</field>
</item><item>
	<field name="show_id">80157132</field>
	<field name="title">Yaar Gaddar</field>
	<field name="director">Umesh Mehra</field>
	<field name="cast">Mithun Chakraborty, Saif Ali Khan, Somy Ali, Prem Chopra, Gulshan Grover, Puneet Issar, Himani Shivpuri, Johnny Lever, Yunus Parvez, Umesh Shukla</field>
	<field name="country">India</field>
	<field name="date_added">July 1, 2017</field>
	<field name="rating">TV-14</field>
	<field name="duration">148 min</field>
	<field name="listed_in">Dramas, International Movies</field>
	<field name="description">When his brother becomes involved in a deadly bank robbery, a heartbroken cop vows to track down and retrieve his wayward sibling – dead or alive.</field>
</item><item>
	<field name="show_id">80045818</field>
	<field name="title">Auschwitz: Blueprints of Genocide</field>
	<field name="director">Mike Rossiter</field>
	<field name="cast">Roy Marsden</field>
	<field name="country">United Kingdom</field>
	<field name="date_added">January 19, 2019</field>
	<field name="rating">TV-PG</field>
	<field name="duration">49 min</field>
	<field name="listed_in">Documentaries</field>
	<field name="description">Newly released KGB files expose evidence proving how architects and engineers conspired with the Nazis to build a camp designed for genocide.</field>
</item><item>
	<field name="show_id">60011597</field>
	<field name="title">Wyatt Earp</field>
	<field name="director">Lawrence Kasdan</field>
	<field name="cast">Kevin Costner, Dennis Quaid, Gene Hackman, David Andrews, Linden Ashby, Jeff Fahey, Joanna Going, Mark Harmon, Michael Madsen, Catherine O'Hara, Bill Pullman, Isabella Rossellini, Tom Sizemore</field>
	<field name="country">United States</field>
	<field name="date_added">January 1, 2020</field>
	<field name="rating">PG-13</field>
	<field name="duration">191 min</field>
	<field name="listed_in">Action & Adventure</field>
	<field name="description">Legendary lawman Wyatt Earp is continually at odds with a gang of renegade cowboys, culminating in a fiery showdown with the outlaws at the OK Corral.</field>
</item><item>
	<field name="show_id">880640</field>
	<field name="title">Pulp Fiction</field>
	<field name="director">Quentin Tarantino</field>
	<field name="cast">John Travolta, Samuel L. Jackson, Uma Thurman, Harvey Keitel, Tim Roth, Amanda Plummer, Maria de Medeiros, Ving Rhames, Eric Stoltz, Rosanna Arquette, Christopher Walken, Bruce Willis</field>
	<field name="country">United States</field>
	<field name="date_added">January 1, 2019</field>
	<field name="rating">R</field>
	<field name="duration">154 min</field>
	<field name="listed_in">Classic Movies, Cult Movies, Dramas</field>
	<field name="description">This stylized crime caper weaves together stories featuring a burger-loving hit man, his philosophical partner and a washed-up boxer.</field>
</item><item>
	<field name="show_id">408911</field>
	<field name="title">The Crow</field>
	<field name="director">Alex Proyas</field>
	<field name="cast">Brandon Lee, Rochelle Davis, Ernie Hudson, Michael Wincott, Bai Ling, Sofia Shinas, Anna Levine, David Patrick Kelly, Angel David, Laurence Mason, Michael Massee, Tony Todd, Jon Polito</field>
	<field name="country">United States</field>
	<field name="date_added">January 1, 2019</field>
	<field name="rating">R</field>
	<field name="duration">102 min</field>
	<field name="listed_in">Action & Adventure, Cult Movies, Sci-Fi & Fantasy</field>
	<field name="description">One year after Eric Draven and his fiancée are murdered, Draven – watched over by a hypnotic crow – returns from the grave to exact revenge.</field>
</item><item>
	<field name="show_id">60035870</field>
	<field name="title">Hum Aapke Hain Koun</field>
	<field name="director">Sooraj R. Barjatya</field>
	<field name="cast">Madhuri Dixit, Salman Khan, Mohnish Bahl, Renuka Shahane, Anupam Kher, Reema Lagoo, Alok Nath, Bindu</field>
	<field name="country">India</field>
	<field name="date_added">January 1, 2018</field>
	<field name="rating">NR</field>
	<field name="duration">193 min</field>
	<field name="listed_in">Classic Movies, Dramas, International Movies</field>
	<field name="description">Although Nisha falls for Prem, she agrees to marry his older brother for the good of their families. But fate may have other plans for the lovebirds.</field>
</item><item>
	<field name="show_id">70026792</field>
	<field name="title">Love on Delivery</field>
	<field name="director">Stephen Chow</field>
	<field name="cast">Stephen Chow, Christy Chung, Ng Man-Tat</field>
	<field name="country">Hong Kong</field>
	<field name="date_added">August 16, 2018</field>
	<field name="rating">TV-14</field>
	<field name="duration">93 min</field>
	<field name="listed_in">Action & Adventure, Comedies, International Movies</field>
	<field name="description">To prove himself to a love interest, a delivery boy learns dubious kung fu from an aging charlatan so he can challenge his archrival to a fight.</field>
</item><item>
	<field name="show_id">520489</field>
	<field name="title">Four Weddings and a Funeral</field>
	<field name="director">Mike Newell</field>
	<field name="cast">Hugh Grant, Andie MacDowell, James Fleet, Simon Callow, John Hannah, Kristin Scott Thomas, David Bower, Charlotte Coleman, David Haig, Rowan Atkinson, Sophie Thompson, Anna Chancellor, Corin Redgrave</field>
	<field name="country">United Kingdom</field>
	<field name="date_added">August 1, 2019</field>
	<field name="rating">R</field>
	<field name="duration">118 min</field>
	<field name="listed_in">Classic Movies, Comedies, International Movies</field>
	<field name="description">A commitment-phobic Brit tries to reconnect with an alluring American who's about to make a seemingly awful mistake by marrying a wealthy, boring man.</field>
</item><item>
	<field name="show_id">80106144</field>
	<field name="title">Children of God</field>
	<field name="director">John Smithson</field>
	<field name="cast">nan</field>
	<field name="country">United Kingdom</field>
	<field name="date_added">August 1, 2016</field>
	<field name="rating">TV-MA</field>
	<field name="duration">63 min</field>
	<field name="listed_in">Documentaries</field>
	<field name="description">A former member examines the lingering effects of being raised in the Family, a cult whose disturbing practices include the sexual abuse of children.</field>
</item>