<item>
	<field name="show_id">80147811</field>
	<field name="title">Chill with Bob Ross</field>
	<field name="director">nan</field>
	<field name="cast">Bob Ross</field>
	<field name="country">nan</field>
	<field name="date_added">December 1, 2016</field>
	<field name="rating">TV-G</field>
	<field name="duration">1 Season</field>
	<field name="listed_in">TV Shows</field>
	<field name="description">Iconic artist and master of relaxation Bob Ross demonstrates the process of creating wintry scenes in these episodes dedicated to the season.</field>
</item>