<item>
	<field name="show_id">347365</field>
	<field name="title">Candyman</field>
	<field name="director">Bernard Rose</field>
	<field name="cast">Virginia Madsen, Tony Todd, Xander Berkeley, Kasi Lemmons, Vanessa Williams, DeJuan Guy, Michael Culkin, Stanley DeSantis</field>
	<field name="country">United States, United Kingdom</field>
	<field name="date_added">October 1, 2019</field>
	<field name="rating">R</field>
	<field name="duration">99 min</field>
	<field name="listed_in">Cult Movies, Horror Movies</field>
	<field name="description">Grad student Helen Lyle unintentionally summons the Candyman, a hook-handed creature made flesh by other people's belief in him.</field>
</item><item>
	<field name="show_id">70003046</field>
	<field name="title">Bebe's Kids</field>
	<field name="director">Bruce W. Smith</field>
	<field name="cast">Faizon Love, Vanessa Bell Calloway, Wayne Collins, Jonell Green, Marques Houston, Tone-Loc, Myra J., Nell Carter</field>
	<field name="country">United States</field>
	<field name="date_added">November 20, 2019</field>
	<field name="rating">PG-13</field>
	<field name="duration">73 min</field>
	<field name="listed_in">Comedies</field>
	<field name="description">When ladies' man Robin meets Jamika, he falls head over heels, but she greets him with four surprises: her son and her girlfriend Bebe's three kids.</field>
</item><item>
	<field name="show_id">701346</field>
	<field name="title">Like Water for Chocolate</field>
	<field name="director">Alfonso Arau</field>
	<field name="cast">Marco Leonardi, Lumi Cavazos, Regina Torné, Mario Iván Martínez, Ada Carrasco, Yareli Arizmendi, Claudette Maillé, Pilar Aranda</field>
	<field name="country">Mexico</field>
	<field name="date_added">November 1, 2019</field>
	<field name="rating">R</field>
	<field name="duration">105 min</field>
	<field name="listed_in">Classic Movies, Dramas, International Movies</field>
	<field name="description">When Pedro marries her sister, Tita throws herself into her cooking – and discovers she can transfer her emotions through the food she prepares.</field>
</item><item>
	<field name="show_id">80025702</field>
	<field name="title">The Last Days of Chez Nous</field>
	<field name="director">Gillian Armstrong</field>
	<field name="cast">Lisa Harrow, Bruno Ganz, Kerry Fox, Miranda Otto, Kiri Paramore, Bill Hunter</field>
	<field name="country">Australia</field>
	<field name="date_added">November 1, 2016</field>
	<field name="rating">R</field>
	<field name="duration">93 min</field>
	<field name="listed_in">Classic Movies, Dramas</field>
	<field name="description">Successful writer Beth's tepid marriage and home life face a new round of challenges when her footloose younger sister arrives for an extended visit.</field>
</item><item>
	<field name="show_id">80157133</field>
	<field name="title">Chamatkar</field>
	<field name="director">Rajiv Mehra</field>
	<field name="cast">Shah Rukh Khan, Naseeruddin Shah, Urmila Matondkar, Malvika Tiwari, Shammi Kapoor, Deven Verma, Tinnu Anand, Anjana Mumtaz, Anjan Srivastav, Rakesh Bedi</field>
	<field name="country">India</field>
	<field name="date_added">May 15, 2017</field>
	<field name="rating">TV-14</field>
	<field name="duration">164 min</field>
	<field name="listed_in">Comedies, International Movies, Sci-Fi & Fantasy</field>
	<field name="description">A village schoolteacher and the ghost of a murdered man, who were both betrayed by those closest to them, join forces to help each other.</field>
</item><item>
	<field name="show_id">60029366</field>
	<field name="title">Howards End</field>
	<field name="director">James Ivory</field>
	<field name="cast">Anthony Hopkins, Vanessa Redgrave, Helena Bonham Carter, Emma Thompson, James Wilby, Samuel West, Jemma Redgrave, Joseph Bennett, Nicola Duffett, Susie Lindeman</field>
	<field name="country">United Kingdom, Japan, United States</field>
	<field name="date_added">March 16, 2017</field>
	<field name="rating">PG</field>
	<field name="duration">143 min</field>
	<field name="listed_in">Classic Movies, Dramas, Independent Movies</field>
	<field name="description">When a husband, acting in his family's "best interest," does not accept his wife's deathbed wish, providence dictates that he pay for his duplicity.</field>
</item><item>
	<field name="show_id">846071</field>
	<field name="title">Patriot Games</field>
	<field name="director">Phillip Noyce</field>
	<field name="cast">Harrison Ford, Anne Archer, Patrick Bergin, Sean Bean, Thora Birch, James Fox, Samuel L. Jackson, Polly Walker, J.E. Freeman, James Earl Jones, Richard Harris</field>
	<field name="country">United States</field>
	<field name="date_added">January 1, 2020</field>
	<field name="rating">R</field>
	<field name="duration">117 min</field>
	<field name="listed_in">Action & Adventure</field>
	<field name="description">CIA desk jockey Jack Ryan plunges into the heart of international terrorism after spoiling an assassination attempt on a British royal family member.</field>
</item><item>
	<field name="show_id">60022396</field>
	<field name="title">Strictly Ballroom</field>
	<field name="director">Baz Luhrmann</field>
	<field name="cast">Paul Mercurio, Tara Morice, Bill Hunter, Pat Thomson, Gia Carides, Peter Whitford, Barry Otto, John Hannan</field>
	<field name="country">Australia, United Kingdom</field>
	<field name="date_added">January 1, 2020</field>
	<field name="rating">PG</field>
	<field name="duration">95 min</field>
	<field name="listed_in">Classic Movies, Comedies, Romantic Movies</field>
	<field name="description">Dumped by his partner just before a major dance competition, gifted hoofer Scott Hastings is forced to take a graceless neophyte as his new partner.</field>
</item><item>
	<field name="show_id">70020296</field>
	<field name="title">The Crying Game</field>
	<field name="director">Neil Jordan</field>
	<field name="cast">Stephen Rea, Miranda Richardson, Forest Whitaker, Jaye Davidson, Adrian Dunbar, Breffini McKenna, Joe Savino, Birdie Sweeney, Andree Bernard, Jim Broadbent</field>
	<field name="country">United Kingdom, Japan, United States</field>
	<field name="date_added">January 1, 2020</field>
	<field name="rating">R</field>
	<field name="duration">112 min</field>
	<field name="listed_in">Classic Movies, Independent Movies, Thrillers</field>
	<field name="description">IRA terrorist Fergus bonds with his prisoner, Jody. Jody tells Fergus of his girlfriend, Dil, with whom Fergus later falls in love.</field>
</item><item>
	<field name="show_id">70059483</field>
	<field name="title">Bill Hicks: Relentless</field>
	<field name="director">Chris Bould</field>
	<field name="cast">Bill Hicks</field>
	<field name="country">United Kingdom</field>
	<field name="date_added">December 31, 2018</field>
	<field name="rating">TV-MA</field>
	<field name="duration">61 min</field>
	<field name="listed_in">Stand-Up Comedy</field>
	<field name="description">In one of his most iconic performances, late comedian Bill Hicks demonstrates what made him such a singular talent and a force to be reckoned with.</field>
</item><item>
	<field name="show_id">80195838</field>
	<field name="title">Denis Leary: No Cure For Cancer</field>
	<field name="director">Ted Demme</field>
	<field name="cast">Denis Leary</field>
	<field name="country">United States</field>
	<field name="date_added">August 8, 2017</field>
	<field name="rating">R</field>
	<field name="duration">62 min</field>
	<field name="listed_in">Stand-Up Comedy</field>
	<field name="description">In the stand-up performance that made him a legend, comedian Denis Leary caustically holds forth on nonsmokers, vegetarians and other undesirables.</field>
</item><item>
	<field name="show_id">70033611</field>
	<field name="title">Justice, My Foot!</field>
	<field name="director">Johnnie To</field>
	<field name="cast">Stephen Chow, Anita Mui, Carrie Ng, Wai Ai, Benjamin Chan, Ka Sang Cheung, Wing Cho, Paul Chun, Eddy Ko, Chi Ming Lau</field>
	<field name="country">Hong Kong</field>
	<field name="date_added">August 31, 2018</field>
	<field name="rating">TV-14</field>
	<field name="duration">95 min</field>
	<field name="listed_in">Action & Adventure, Comedies, International Movies</field>
	<field name="description">Slick lawyer Sung fears he's been cursed with bad karma and considers giving up his practice – until he's approached by a widow accused of murder.</field>
</item><item>
	<field name="show_id">70033644</field>
	<field name="title">Casino Tycoon 2</field>
	<field name="director">Wong Jing</field>
	<field name="cast">Dennis Chan</field>
	<field name="country">Hong Kong</field>
	<field name="date_added">August 16, 2018</field>
	<field name="rating">TV-MA</field>
	<field name="duration">108 min</field>
	<field name="listed_in">Action & Adventure, Dramas, International Movies</field>
	<field name="description">Casino mogul Benny Ho wields enormous power. But a feud with his former partner and a massive fraud scheme soon threaten his family and his empire.</field>
</item><item>
	<field name="show_id">70033643</field>
	<field name="title">Casino Tycoon</field>
	<field name="director">Wong Jing</field>
	<field name="cast">Wong Jing</field>
	<field name="country">Hong Kong</field>
	<field name="date_added">August 1, 2018</field>
	<field name="rating">TV-MA</field>
	<field name="duration">125 min</field>
	<field name="listed_in">Action & Adventure, Dramas, International Movies</field>
	<field name="description">When Japanese troops invade Hong Kong, young Benny Ho flees to Macau and rises to the top of the city's casino business with pluck, diligence and wit.</field>
</item>