<item>
	<field name="show_id">70177040</field>
	<field name="title">Danger Mouse: Classic Collection</field>
	<field name="director">nan</field>
	<field name="cast">David Jason, Terry Scott, Edward Kelsey, Brian Trueman</field>
	<field name="country">United Kingdom</field>
	<field name="date_added"> June 15, 2015</field>
	<field name="rating">TV-Y</field>
	<field name="duration">10 Seasons</field>
	<field name="listed_in">British TV Shows, Kids' TV, TV Comedies</field>
	<field name="description">Follow the adventures of superspy Danger Mouse and his bumbling sidekick, Penfold, as they jet around the world foiling their enemies' evil plots.</field>
</item><item>
	<field name="show_id">70152640</field>
	<field name="title">Cheers</field>
	<field name="director">nan</field>
	<field name="cast">Ted Danson, Rhea Perlman, George Wendt, John Ratzenberger, Shelley Long, Kirstie Alley, Woody Harrelson, Kelsey Grammer, Nicholas Colasanto</field>
	<field name="country">United States</field>
	<field name="date_added"> July 1, 2017</field>
	<field name="rating">TV-PG</field>
	<field name="duration">11 Seasons</field>
	<field name="listed_in">Classic & Cult TV, TV Comedies</field>
	<field name="description">Sam Malone, an ex-baseball player turned bar owner, operates a saloon that's always filled with quirky customers and even more eccentric staff.</field>
</item>