<item>
	<field name="show_id">80156939</field>
	<field name="title">Mujrim</field>
	<field name="director">Umesh Mehra</field>
	<field name="cast">Mithun Chakraborty, Madhuri Dixit, Suresh Oberoi, Shakti Kapoor, Pallavi Joshi, Gulshan Grover, Amrish Puri, Nutan, Jagdeep, Sharat Saxena</field>
	<field name="country">India</field>
	<field name="date_added">September 1, 2017</field>
	<field name="rating">TV-14</field>
	<field name="duration">163 min</field>
	<field name="listed_in">Action & Adventure, Dramas, International Movies</field>
	<field name="description">Jailed as a teenager, Shankar has been unable to stay on the right side of the law ever since, despite his wife's pleas and his mother's rejection.</field>
</item><item>
	<field name="show_id">80236574</field>
	<field name="title">Parrot Sketch Not Included: Twenty Years of Monty Python</field>
	<field name="director">Ian MacNaughton</field>
	<field name="cast">Steve Martin, John Cleese, Graham Chapman, Terry Gilliam, Eric Idle, Terry Jones, Michael Palin, Carol Cleveland, Connie Booth</field>
	<field name="country">United Kingdom</field>
	<field name="date_added">October 2, 2018</field>
	<field name="rating">TV-14</field>
	<field name="duration">72 min</field>
	<field name="listed_in">Comedies</field>
	<field name="description">Presented by Steve Martin, this anthology draws from “Flying Circus” and “Fliegender Zirkus” to mark the 20th anniversary of the TV series.</field>
</item><item>
	<field name="show_id">81168338</field>
	<field name="title">300 Miles to Heaven</field>
	<field name="director">Maciej Dejczer</field>
	<field name="cast">Krzysztof Stroiński, Andrzej Mellin, Adrianna Biedrzyńska, Adrianna Biedrzyńska, Rafał Zimowski, Kama Kowalewska, Wiesław Komasa, Aleksander Bednarz, Jadwiga Jankowska-Cieslak, Wojciech Klata</field>
	<field name="country">Denmark, France, Poland</field>
	<field name="date_added">October 1, 2019</field>
	<field name="rating">TV-14</field>
	<field name="duration">93 min</field>
	<field name="listed_in">Dramas, International Movies</field>
	<field name="description">Hoping to help their dissident parents, two brothers sneak out of Poland and land as refugees in Denmark, where they are prevented from returning home.</field>
</item><item>
	<field name="show_id">70206820</field>
	<field name="title">The Ryan White Story</field>
	<field name="director">John Herzfeld</field>
	<field name="cast">Judith Light, Lukas Haas, Michael Bowen, Nikki Cox, George Dzundza, Valerie Landsburg, Sarah Jessica Parker, Mitchell Ryan</field>
	<field name="country">United States</field>
	<field name="date_added">October 1, 2011</field>
	<field name="rating">TV-PG</field>
	<field name="duration">94 min</field>
	<field name="listed_in">Dramas</field>
	<field name="description">After contracting HIV from a tainted blood treatment, teenaged hemophiliac Ryan White is forced to fight for his right to attend public school.</field>
</item><item>
	<field name="show_id">60035622</field>
	<field name="title">Little Monsters</field>
	<field name="director">Richard Greenberg</field>
	<field name="cast">Fred Savage, Howie Mandel, Daniel Stern, Margaret Whitton, Rick Ducommun, Frank Whaley, Ben Savage, William Murray Weiss, Devin Ratray, Amber Barretto, J. Michael Hunter, Tom Hull</field>
	<field name="country">United States</field>
	<field name="date_added">July 1, 2019</field>
	<field name="rating">PG</field>
	<field name="duration">102 min</field>
	<field name="listed_in">Children & Family Movies, Comedies</field>
	<field name="description">Brian knows there are creatures under his bed. When he faces his fears and confronts them, however, he makes some hilariously weird new friends.</field>
</item><item>
	<field name="show_id">60010487</field>
	<field name="title">Indiana Jones and the Last Crusade</field>
	<field name="director">Steven Spielberg</field>
	<field name="cast">Harrison Ford, Sean Connery, Denholm Elliott, Alison Doody, John Rhys-Davies, Julian Glover, River Phoenix, Michael Byrne, Kevork Malikyan, Robert Eddison</field>
	<field name="country">United States</field>
	<field name="date_added">January 1, 2019</field>
	<field name="rating">PG-13</field>
	<field name="duration">127 min</field>
	<field name="listed_in">Action & Adventure, Children & Family Movies, Classic Movies</field>
	<field name="description">Accompanied by his father, Indiana Jones sets off on his third adventure to explore the cradle of civilization on a perilous hunt for the Holy Grail.</field>
</item><item>
	<field name="show_id">19207412</field>
	<field name="title">Maine Pyar Kiya</field>
	<field name="director">Sooraj R. Barjatya</field>
	<field name="cast">Salman Khan, Bhagyashree, Alok Nath, Rajeev Verma, Reema Lagoo, Ajit Vachani, Harish Patel, Deep Dhillon, Pervin Dastur, Mohnish Bahl</field>
	<field name="country">India</field>
	<field name="date_added">January 1, 2018</field>
	<field name="rating">TV-PG</field>
	<field name="duration">192 min</field>
	<field name="listed_in">Dramas, International Movies, Music & Musicals</field>
	<field name="description">When the son of a wealthy businessman and the daughter of a struggling engineer fall in love, the young man's parents question the girl's motives.</field>
</item><item>
	<field name="show_id">70043231</field>
	<field name="title">Bill Hicks: Sane Man</field>
	<field name="director">Kevin Booth, David Johndrow</field>
	<field name="cast">Bill Hicks</field>
	<field name="country">United States</field>
	<field name="date_added">December 31, 2018</field>
	<field name="rating">NR</field>
	<field name="duration">81 min</field>
	<field name="listed_in">Stand-Up Comedy</field>
	<field name="description">Filmed in 1989 at a turning point in comedian Bill Hicks's career, this rare onstage performance captures him spouting off on a variety of topics.</field>
</item><item>
	<field name="show_id">80997858</field>
	<field name="title">Doubles Cause Troubles</field>
	<field name="director">Wong Jing</field>
	<field name="cast">Carol 'Do Do' Cheng, Maggie Cheung, Wilson Lam, Chan Pak-cheung, Charlie Cho, Tom Poon, Kwan Ming-yuk, Hon Yee-Sang, Sherman Wong, Lo Fan</field>
	<field name="country">Hong Kong</field>
	<field name="date_added">August 1, 2018</field>
	<field name="rating">TV-14</field>
	<field name="duration">94 min</field>
	<field name="listed_in">Action & Adventure, Comedies, International Movies</field>
	<field name="description">When the tenant in their flat dies under suspicious circumstances, two bickering cousins are forced to navigate both sides of the law.</field>
</item><item>
	<field name="show_id">60011619</field>
	<field name="title">Dad</field>
	<field name="director">Gary David Goldberg</field>
	<field name="cast">Jack Lemmon, Ted Danson, Olympia Dukakis, Kathy Baker, Kevin Spacey, Ethan Hawke, Zakes Mokae, J.T. Walsh, Peter Michael Goetz, John Apicella, Richard McGonagle, Bill Morey, Mary Fogarty</field>
	<field name="country">United States</field>
	<field name="date_added">April 1, 2018</field>
	<field name="rating">PG</field>
	<field name="duration">117 min</field>
	<field name="listed_in">Dramas</field>
	<field name="description">Family bonds are revived after a father is diagnosed with cancer in this bittersweet drama. Dutiful son John cares for his aging father, Jake, but not without complaint.</field>
</item>