<item>
	<field name="show_id">70212980</field>
	<field name="title">The Super Mario Bros. Super Show!</field>
	<field name="director">nan</field>
	<field name="cast">Captain Lou Albano, Danny Wells, Jeannie Elias, John Stocker, Harvey Atkin, Robert Bockstael, Cynthia Preston, Jonathan Potts, Colin Fox</field>
	<field name="country">United States, Canada</field>
	<field name="date_added">May 22, 2016</field>
	<field name="rating">TV-Y7</field>
	<field name="duration">1 Season</field>
	<field name="listed_in">Kids' TV</field>
	<field name="description">Mixing live action and animation, this classic series brought the beloved Super Mario Bros. video game characters to television screens everywhere.</field>
</item>