<item>
	<field name="show_id">60003155</field>
	<field name="title">Joseph: King of Dreams</field>
	<field name="director">Rob LaDuca, Robert C. Ramirez</field>
	<field name="cast">Ben Affleck, Mark Hamill, Richard Herd, Maureen McGovern, Jodi Benson, Judith Light, James Eckhouse, Richard McGonagle, David Campbell, Steven Weber, Dan Castellaneta, Rene Auberjonois, Ken Hudson Campbell, Tom Virtue, Jeff Bennett</field>
	<field name="country">United States</field>
	<field name="date_added">September 27, 2011</field>
	<field name="rating">TV-PG</field>
	<field name="duration">75 min</field>
	<field name="listed_in">Children & Family Movies, Dramas, Faith & Spirituality</field>
	<field name="description">With his gift of dream interpretation and his brilliantly colored coat, Joseph inspires jealousy in his brothers in this animated Bible story.</field>
</item><item>
	<field name="show_id">60000861</field>
	<field name="title">American Psycho</field>
	<field name="director">Mary Harron</field>
	<field name="cast">Christian Bale, Willem Dafoe, Jared Leto, Reese Witherspoon, Samantha Mathis, Chloë Sevigny, Justin Theroux, Josh Lucas, Matt Ross, Bill Sage, Cara Seymour, Guinevere Turner</field>
	<field name="country">United States, Canada</field>
	<field name="date_added">September 1, 2019</field>
	<field name="rating">R</field>
	<field name="duration">102 min</field>
	<field name="listed_in">Comedies, Cult Movies, Dramas</field>
	<field name="description">With chiseled good looks that belie his insanity, a businessman takes pathological pride in yuppie pursuits and indulges in sudden homicidal urges.</field>
</item><item>
	<field name="show_id">70118859</field>
	<field name="title">Monty Python: Before the Flying Circus</field>
	<field name="director">Will Yapp</field>
	<field name="cast">Graham Chapman, Eric Idle, Terry Jones, Michael Palin, Terry Gilliam, John Cleese</field>
	<field name="country">United Kingdom</field>
	<field name="date_added">October 2, 2018</field>
	<field name="rating">TV-14</field>
	<field name="duration">56 min</field>
	<field name="listed_in">Comedies, Documentaries</field>
	<field name="description">Discover how six seemingly ordinary but supremely talented men became Monty Python, sketch comedy's revolutionary comedy troupe.</field>
</item><item>
	<field name="show_id">60003242</field>
	<field name="title">Charlie's Angels</field>
	<field name="director">McG</field>
	<field name="cast">Cameron Diaz, Drew Barrymore, Lucy Liu, Bill Murray, Sam Rockwell, Kelly Lynch, Tim Curry, Crispin Glover, Matt LeBlanc, LL Cool J, Tom Green, Luke Wilson</field>
	<field name="country">United States, Germany</field>
	<field name="date_added">October 1, 2019</field>
	<field name="rating">PG-13</field>
	<field name="duration">98 min</field>
	<field name="listed_in">Action & Adventure, Comedies</field>
	<field name="description">Three beauties use their looks, charm and martial-arts training to kick butt on the trail of stolen software in this reboot of the classic TV series.</field>
</item><item>
	<field name="show_id">60003540</field>
	<field name="title">Rugrats in Paris: The Movie</field>
	<field name="director">Stig Bergqvist, Paul Demeyer</field>
	<field name="cast">Elizabeth Daily, Tara Strong, Cheryl Chase, Christine Cavanaugh, Cree Summer, Kath Soucie, Michael Bell, Tress MacNeille, Casey Kasem, Joe Alaskey, Debbie Reynolds, Jack Riley, Susan Sarandon, John Lithgow</field>
	<field name="country">Germany, United States</field>
	<field name="date_added">October 1, 2019</field>
	<field name="rating">G</field>
	<field name="duration">79 min</field>
	<field name="listed_in">Children & Family Movies, Comedies</field>
	<field name="description">The Rugrats take to the big screen and visit Paris when Mr. Pickles gets summoned to fix a giant robot at the EuroReptarland theme park.</field>
</item><item>
	<field name="show_id">60000921</field>
	<field name="title">The Flintstones in Viva Rock Vegas</field>
	<field name="director">Brian Levant</field>
	<field name="cast">Mark Addy, Stephen Baldwin, Kristen Johnston, Jane Krakowski, Joan Collins, Thomas Gibson, Alan Cumming</field>
	<field name="country">United States</field>
	<field name="date_added">October 1, 2019</field>
	<field name="rating">PG</field>
	<field name="duration">91 min</field>
	<field name="listed_in">Children & Family Movies, Comedies, Romantic Movies</field>
	<field name="description">Yabba-dabba-doo! Digital dinosaurs rule the day when Fred, Barney, Betty and Wilma take Vegas by storm in this prequel that posits their lives before marriage.</field>
</item><item>
	<field name="show_id">60003508</field>
	<field name="title">The Gift</field>
	<field name="director">Sam Raimi</field>
	<field name="cast">Cate Blanchett, Giovanni Ribisi, Keanu Reeves, Katie Holmes, Greg Kinnear, Hilary Swank, Michael Jeter, Kim Dickens, Gary Cole, Rosemary Harris, J.K. Simmons, Chelcie Ross, John Beasley</field>
	<field name="country">United States</field>
	<field name="date_added">November 20, 2019</field>
	<field name="rating">R</field>
	<field name="duration">112 min</field>
	<field name="listed_in">Dramas, Thrillers</field>
	<field name="description">When the authorities find a drowned woman's body, a small-town psychic starts having visions of who committed the murder.</field>
</item><item>
	<field name="show_id">60002907</field>
	<field name="title">Crouching Tiger, Hidden Dragon</field>
	<field name="director">Ang Lee</field>
	<field name="cast">Chow Yun Fat, Michelle Yeoh, Zhang Ziyi, Chang Chen, Lung Hsiung, Cheng Pei-pei, Fa Zeng Li, Xian Gao, Yan Hai, De Ming Wang</field>
	<field name="country">Taiwan, Hong Kong, United States, China</field>
	<field name="date_added">March 1, 2019</field>
	<field name="rating">PG-13</field>
	<field name="duration">120 min</field>
	<field name="listed_in">Action & Adventure, International Movies, Romantic Movies</field>
	<field name="description">A young woman in ancient China longs for an adventurous life rather than a dull arranged marriage in Ang Lee's Oscar-winning martial arts epic.</field>
</item><item>
	<field name="show_id">60003401</field>
	<field name="title">Hamara Dil Aapke Paas Hai</field>
	<field name="director">Satish Kaushik</field>
	<field name="cast">Anil Kapoor, Aishwarya Rai Bachchan, Sonali Bendre, Puru Rajkumar, Anupam Kher, Satish Kaushik, Mukesh Rishi, Jaspal Bhatti, Razak Khan, Himani Shivpuri, Smita Jaykar, Tanaaz Currim Irani</field>
	<field name="country">India</field>
	<field name="date_added">March 1, 2018</field>
	<field name="rating">TV-14</field>
	<field name="duration">158 min</field>
	<field name="listed_in">Dramas, International Movies, Music & Musicals</field>
	<field name="description">Love blooms when kind-hearted Avinash takes in Preeti, a woman shunned by society, but the unorthodox living situation creates quite a stir among the neighbors.</field>
</item><item>
	<field name="show_id">60037397</field>
	<field name="title">Pukar</field>
	<field name="director">Rajkumar Santoshi</field>
	<field name="cast">Anil Kapoor, Madhuri Dixit, Namrata Shirodkar, Danny Denzongpa, Om Puri, Kulbhushan Kharbanda, Farida Jalal, Shivaji Satham</field>
	<field name="country">India</field>
	<field name="date_added">March 1, 2018</field>
	<field name="rating">TV-14</field>
	<field name="duration">165 min</field>
	<field name="listed_in">Action & Adventure, Dramas, International Movies</field>
	<field name="description">A notorious terrorist manipulates an Indian army major's jilted lover into helping him obtain a classified military code.</field>
</item><item>
	<field name="show_id">60000901</field>
	<field name="title">How the Grinch Stole Christmas</field>
	<field name="director">Ron Howard</field>
	<field name="cast">Jim Carrey, Taylor Momsen, Jeffrey Tambor, Christine Baranski, Bill Irwin, Molly Shannon, Clint Howard, Josh Ryan Evans, Mindy Sterling, Anthony Hopkins</field>
	<field name="country">United States</field>
	<field name="date_added">June 1, 2017</field>
	<field name="rating">PG</field>
	<field name="duration">105 min</field>
	<field name="listed_in">Children & Family Movies, Comedies</field>
	<field name="description">The Grinch decides to rob Whoville of Christmas – but a dash of kindness from little Cindy Lou Who and her family may be enough to melt his heart.</field>
</item><item>
	<field name="show_id">60000415</field>
	<field name="title">Scream 3</field>
	<field name="director">Wes Craven</field>
	<field name="cast">David Arquette, Neve Campbell, Courteney Cox, Patrick Dempsey, Scott Foley, Lance Henriksen, Matt Keeslar, Jenny McCarthy, Emily Mortimer, Parker Posey, Deon Richmond, Kelly Rutherford, Liev Schreiber, Patrick Warburton, Jamie Kennedy</field>
	<field name="country">United States</field>
	<field name="date_added">July 1, 2019</field>
	<field name="rating">R</field>
	<field name="duration">117 min</field>
	<field name="listed_in">Horror Movies</field>
	<field name="description">This installment of the tongue-in-cheek horror franchise finds Sidney Prescott once again battling a crazed killer – this time, on a movie set.</field>
</item><item>
	<field name="show_id">60000878</field>
	<field name="title">Where the Money Is</field>
	<field name="director">Marek Kanievska</field>
	<field name="cast">Paul Newman, Linda Fiorentino, Dermot Mulroney, Susan Barnes, Anne Pitoniak, Bruce MacVittie, Irma St. Paule, Michel Perron, Dorothy Gordon, Rita Tuckett</field>
	<field name="country">Germany, United States, United Kingdom, Canada</field>
	<field name="date_added">January 15, 2020</field>
	<field name="rating">PG-13</field>
	<field name="duration">89 min</field>
	<field name="listed_in">Action & Adventure, Comedies, Dramas</field>
	<field name="description">Paul Newman proves he's still got prodigious acting chops, playing an aging bank robber who may have one last job in him. Faking a stroke, the incarcerated Newman is transferred to a nursing home and the care of a skeptical nurse.</field>
</item><item>
	<field name="show_id">60000891</field>
	<field name="title">Center Stage</field>
	<field name="director">Nicholas Hytner</field>
	<field name="cast">Amanda Schull, Zoe Saldana, Susan May Pratt, Peter Gallagher, Donna Murphy, Debra Monk, Ethan Stiefel, Sascha Radetsky, Julie Kent, Ilia Kulik</field>
	<field name="country">United States</field>
	<field name="date_added">January 1, 2020</field>
	<field name="rating">PG-13</field>
	<field name="duration">116 min</field>
	<field name="listed_in">Dramas</field>
	<field name="description">Vying for a spot in the American Ballet Company, 12 dance students are ready to push their bodies and minds to the limit to realize their dreams.</field>
</item><item>
	<field name="show_id">60002003</field>
	<field name="title">Dragonheart: A New Beginning</field>
	<field name="director">Doug Lefler</field>
	<field name="cast">Christopher Masterson, Harry Van Gorkum, Rona Figueroa, Matt Hickey, Henry O, Tom Burke, Robby Benson, Ken Shorter, John Woodnutt, Lubomir Misak</field>
	<field name="country">United States</field>
	<field name="date_added">January 1, 2020</field>
	<field name="rating">PG</field>
	<field name="duration">84 min</field>
	<field name="listed_in">Action & Adventure, Sci-Fi & Fantasy</field>
	<field name="description">This sequel introduces Draco the dragon's offspring, Drake, who dreams of becoming a knight and teams up with a stable boy to master his skills.</field>
</item><item>
	<field name="show_id">60000393</field>
	<field name="title">Final Destination</field>
	<field name="director">James Wong</field>
	<field name="cast">Devon Sawa, Ali Larter, Kerr Smith, Kristen Cloke, Seann William Scott, Tony Todd, Daniel Roebuck, Chad Donella, Roger Guenveur Smith, Amanda Detmer</field>
	<field name="country">United States</field>
	<field name="date_added">January 1, 2020</field>
	<field name="rating">R</field>
	<field name="duration">98 min</field>
	<field name="listed_in">Cult Movies, Horror Movies, Thrillers</field>
	<field name="description">After narrowly avoiding a fatal plane explosion, a group of seemingly lucky teen classmates finds that Death is not so easily cheated.</field>
</item><item>
	<field name="show_id">60000870</field>
	<field name="title">Scary Movie</field>
	<field name="director">Keenen Ivory Wayans</field>
	<field name="cast">Anna Faris, Jon Abrahams, Shannon Elizabeth, Shawn Wayans, Regina Hall, Marlon Wayans, Lochlyn Munro, Cheri Oteri, Carmen Electra, Dave Sheridan, Kurt Fuller, Rick Ducommun, James Van Der Beek, Keenen Ivory Wayans, Marissa Jaret Winokur, Dan Joffre</field>
	<field name="country">United States</field>
	<field name="date_added">January 1, 2020</field>
	<field name="rating">R</field>
	<field name="duration">88 min</field>
	<field name="listed_in">Comedies, Horror Movies</field>
	<field name="description">The Wayans brothers spoof some of Hollywood's biggest blockbusters, including Scream, I Know What You Did Last Summer, The Matrix and American Pie.</field>
</item><item>
	<field name="show_id">60000409</field>
	<field name="title">Snow Day</field>
	<field name="director">Chris Koch</field>
	<field name="cast">Chris Elliott, Mark Webber, Jean Smart, Schuyler Fisk, Iggy Pop, Pam Grier, John Schneider, Chevy Chase, Zena Grey, Josh Peck</field>
	<field name="country">United States</field>
	<field name="date_added">January 1, 2020</field>
	<field name="rating">PG</field>
	<field name="duration">89 min</field>
	<field name="listed_in">Children & Family Movies, Comedies</field>
	<field name="description">When a snow day shuts down the whole town, the Wheeler family cuts loose. Hal makes a play for the most popular girl in his school, 10-year-old Natalie takes on the dreaded snowplow man, and Dad gets into a showdown with a rival meteorologist.</field>
</item><item>
	<field name="show_id">60001854</field>
	<field name="title">The Original Kings of Comedy</field>
	<field name="director">Spike Lee</field>
	<field name="cast">Steve Harvey, D.L. Hughley, Cedric the Entertainer, Bernie Mac</field>
	<field name="country">United States</field>
	<field name="date_added">January 1, 2020</field>
	<field name="rating">R</field>
	<field name="duration">111 min</field>
	<field name="listed_in">Stand-Up Comedy</field>
	<field name="description">Director Spike Lee documents the last night of the hit comedy tour featuring comics Steve Harvey, Cedric the Entertainer, D.L. Hughley and Bernie Mac.</field>
</item><item>
	<field name="show_id">60001396</field>
	<field name="title">What Lies Beneath</field>
	<field name="director">Robert Zemeckis</field>
	<field name="cast">Harrison Ford, Michelle Pfeiffer, Diana Scarwid, Joe Morton, James Remar, Miranda Otto, Wendy Crewson, Ray Baker, Micole Mercurio, Amber Valletta, Sloane Shelton</field>
	<field name="country">United States</field>
	<field name="date_added">January 1, 2020</field>
	<field name="rating">PG-13</field>
	<field name="duration">130 min</field>
	<field name="listed_in">Horror Movies, Thrillers</field>
	<field name="description">When Claire Spencer starts hearing ghostly voices and seeing spooky images, her husband tries to reassure her by telling her it's all in her head.</field>
</item><item>
	<field name="show_id">60003378</field>
	<field name="title">Billy Elliot</field>
	<field name="director">Stephen Daldry</field>
	<field name="cast">Jamie Bell, Gary Lewis, Stuart Wells, Billy Fane, Colin MacLachlan, Nicola Blackwell, Carol McGuigan, Joe Renton, Janine Birkett, Charlie Hardwick, Mike Elliot, Jean Heywood, Jamie Draven, Julie Walters, Trevor Fox, Adam Cooper</field>
	<field name="country">United Kingdom, France</field>
	<field name="date_added">February 1, 2019</field>
	<field name="rating">R</field>
	<field name="duration">110 min</field>
	<field name="listed_in">Dramas, Independent Movies, International Movies</field>
	<field name="description">When a boy trades boxing school for ballet lessons, he may take his newfound talent all the way to the top - and win over his disapproving father.</field>
</item><item>
	<field name="show_id">60002808</field>
	<field name="title">Papa the Great</field>
	<field name="director">Bhagyaraj</field>
	<field name="cast">Krishan Kumar, Nagma, Satya Prakash, Master Bobby, Satish Kaushik, Laxmikant Berde, Mahavir Shah, Anil Dhawan, Shama Deshpande, Shatrughan Sinha</field>
	<field name="country">India</field>
	<field name="date_added">December 8, 2017</field>
	<field name="rating">TV-PG</field>
	<field name="duration">137 min</field>
	<field name="listed_in">Comedies, Dramas, International Movies</field>
	<field name="description">After witnessing a murder, a meek family man must summon his courage when he finds himself on the wrong side of a notorious gangster.</field>
</item><item>
	<field name="show_id">81213893</field>
	<field name="title">Chal Mere Bhai</field>
	<field name="director">David Dhawan</field>
	<field name="cast">Sanjay Dutt, Salman Khan, Karisma Kapoor, Dalip Tahil, Sushma Seth, Shakti Kapoor, Nagma, Sonali Bendre, Twinkle Khanna, Ravi Baswani</field>
	<field name="country">India</field>
	<field name="date_added">December 31, 2019</field>
	<field name="rating">TV-14</field>
	<field name="duration">132 min</field>
	<field name="listed_in">Comedies, International Movies, Romantic Movies</field>
	<field name="description">When a secretary saves her tycoon boss's life, his family hears wedding bells. Problem is, she's already in love – with his younger brother.</field>
</item><item>
	<field name="show_id">60003290</field>
	<field name="title">Fiza</field>
	<field name="director">Khalid Mohamed</field>
	<field name="cast">Karisma Kapoor, Jaya Bhaduri, Hrithik Roshan, Neha, Asha Sachdev, Bikram Saluja, Isha Koppikar, Johny Lever, Sushmita Sen, Manoj Bajpayee</field>
	<field name="country">India</field>
	<field name="date_added">August 2, 2018</field>
	<field name="rating">TV-14</field>
	<field name="duration">163 min</field>
	<field name="listed_in">Dramas, International Movies, Music & Musicals</field>
	<field name="description">Fiza's brother disappears during Mumbai's horrifying 1993 riots. Each day, Fiza and her widowed mother hope that he will return.</field>
</item><item>
	<field name="show_id">60001363</field>
	<field name="title">Space Cowboys</field>
	<field name="director">Clint Eastwood</field>
	<field name="cast">Clint Eastwood, Tommy Lee Jones, Donald Sutherland, James Garner, James Cromwell, Marcia Gay Harden, William Devane, Loren Dean, Courtney B. Vance, Rade Serbedzija, Barbara Babcock, Blair Brown</field>
	<field name="country">United States</field>
	<field name="date_added">August 1, 2019</field>
	<field name="rating">PG-13</field>
	<field name="duration">130 min</field>
	<field name="listed_in">Action & Adventure, Dramas, Sci-Fi & Fantasy</field>
	<field name="description">A retired engineer agrees to help NASA prevent a Russian satellite from falling to Earth if he and his over-the-hill pals can man the mission.</field>
</item><item>
	<field name="show_id">60033787</field>
	<field name="title">An American Tail: The Treasures of Manhattan Island</field>
	<field name="director">Larry Latham</field>
	<field name="cast">Thomas Dekker, Dom DeLuise, Pat Musick, Nehemiah Persoff, Erica Yohn, Lacey Chabert, Elaine Bilstad, Rene Auberjonois, David Carradine, Sherman Howard, Tony Jay, Richard Karron, John Kassir, Ron Perlman</field>
	<field name="country">United States</field>
	<field name="date_added">April 1, 2018</field>
	<field name="rating">G</field>
	<field name="duration">79 min</field>
	<field name="listed_in">Children & Family Movies</field>
	<field name="description">When Fievel and friends go hunting for buried treasure beneath the ruins of an old subway tunnel, they stumble onto something surprising.</field>
</item><item>
	<field name="show_id">60002111</field>
	<field name="title">Kya Kehna</field>
	<field name="director">Kundan Shah</field>
	<field name="cast">Preity Zinta, Saif Ali Khan, Anupam Kher, Farida Jalal, Chandrachur Singh</field>
	<field name="country">India</field>
	<field name="date_added">April 1, 2018</field>
	<field name="rating">TV-PG</field>
	<field name="duration">149 min</field>
	<field name="listed_in">Dramas, International Movies, Romantic Movies</field>
	<field name="description">A young university student's world is shaken after her brief involvement with a wealthy playboy results in her pregnancy.</field>
</item><item>
	<field name="show_id">60000722</field>
	<field name="title">Phir Bhi Dil Hai Hindustani</field>
	<field name="director">Aziz Mirza</field>
	<field name="cast">Shah Rukh Khan, Juhi Chawla, Paresh Rawal, Satish Shah, Dilip Tahil, Govind Namdeo, Smita Jaykar, Shakti Kapoor, Johnny Lever</field>
	<field name="country">India</field>
	<field name="date_added">April 1, 2018</field>
	<field name="rating">TV-PG</field>
	<field name="duration">159 min</field>
	<field name="listed_in">Comedies, Dramas, International Movies</field>
	<field name="description">In this Bollywood entertainment, two journalists, Ajay and Ria, work for rival TV stations and compete heavily to mask their feelings for each other.</field>
</item>