<item>
	<field name="show_id">70205018</field>
	<field name="title">Robotech</field>
	<field name="director">nan</field>
	<field name="cast">Jean-Claude Ballard, Gregory Snegoff, Cam Clarke, Melissa Newman, Tony Oliver, Larry Abraham, Robert Axelrod, Robert V. Barron</field>
	<field name="country">United States, Japan</field>
	<field name="date_added">October 1, 2016</field>
	<field name="rating">TV-MA</field>
	<field name="duration">1 Season</field>
	<field name="listed_in">Anime Series</field>
	<field name="description">When a mysterious spaceship crashes in the Pacific, the people of Earth work to master the science of robotechnology and rebuild the giant fortress.</field>
</item>