<item>
	<field name="show_id">28631236</field>
	<field name="title">Superstar</field>
	<field name="director">Bruce McCulloch</field>
	<field name="cast">Molly Shannon, Will Ferrell, Elaine Hendrix, Harland Williams, Mark McKinney, Glynis Johns, Jason Blicker, Gerry Bamman, Emmy Laybourne, Jennifer Irwin, Tom Green</field>
	<field name="country">United States</field>
	<field name="date_added">November 20, 2019</field>
	<field name="rating">PG-13</field>
	<field name="duration">82 min</field>
	<field name="listed_in">Comedies</field>
	<field name="description">A socially awkward Catholic schoolgirl vows to win a dreamy classmate’s affections by taking first prize at an upcoming talent show.</field>
</item><item>
	<field name="show_id">20557937</field>
	<field name="title">The Matrix</field>
	<field name="director">Lilly Wachowski, Lana Wachowski</field>
	<field name="cast">Keanu Reeves, Laurence Fishburne, Carrie-Anne Moss, Hugo Weaving, Gloria Foster, Joe Pantoliano, Marcus Chong, Julian Arahanga, Matt Doran, Belinda McClory</field>
	<field name="country">United States</field>
	<field name="date_added">November 1, 2019</field>
	<field name="rating">R</field>
	<field name="duration">136 min</field>
	<field name="listed_in">Action & Adventure, Sci-Fi & Fantasy</field>
	<field name="description">A computer hacker learns that what most people perceive as reality is actually a simulation created by machines, and joins a rebellion to break free.</field>
</item><item>
	<field name="show_id">70021253</field>
	<field name="title">Haseena Maan Jaayegi</field>
	<field name="director">David Dhawan</field>
	<field name="cast">Sanjay Dutt, Govinda, Karisma Kapoor, Pooja Batra, Kader Khan, Paresh Rawal, Satish Kaushik, Aruna Irani, Anupam Kher, Ashish Vidyarthi, Aashif Sheikh, Asrani, Razak Khan, Shakti Kapoor, Bindu, Mahavir Shah, Mohan Joshi, Anil Dhawan</field>
	<field name="country">India</field>
	<field name="date_added">March 1, 2018</field>
	<field name="rating">TV-PG</field>
	<field name="duration">151 min</field>
	<field name="listed_in">Action & Adventure, Comedies, Dramas</field>
	<field name="description">A millionaire opens the door to comic complications when he punishes his spoiled sons for trying to make money through shady, get-rich-quick schemes.</field>
</item><item>
	<field name="show_id">60001670</field>
	<field name="title">Taal</field>
	<field name="director">Subhash Ghai</field>
	<field name="cast">Anil Kapoor, Aishwarya Rai Bachchan, Akshaye Khanna, Amrish Puri, Alok Nath, Mita Vasisht, Saurabh Shukla, Supriya Karnik</field>
	<field name="country">India</field>
	<field name="date_added">March 1, 2018</field>
	<field name="rating">TV-PG</field>
	<field name="duration">177 min</field>
	<field name="listed_in">Dramas, International Movies, Music & Musicals</field>
	<field name="description">Businessman Manav falls for aspiring singer Mansi, but their romance faces an uphill climb when Manav must depart and Mansi's suave manager moves in.</field>
</item><item>
	<field name="show_id">26009364</field>
	<field name="title">Tarzan</field>
	<field name="director">Chris Buck, Kevin Lima</field>
	<field name="cast">Tony Goldwyn, Minnie Driver, Glenn Close, Brian Blessed, Nigel Hawthorne, Rosie O'Donnell, Lance Henriksen, Wayne Knight, Alex D. Linz</field>
	<field name="country">United States</field>
	<field name="date_added">June 23, 2018</field>
	<field name="rating">G</field>
	<field name="duration">89 min</field>
	<field name="listed_in">Children & Family Movies</field>
	<field name="description">After being shipwrecked off the African coast, a lone child grows up in the wild, and is destined to become lord of the jungle.</field>
</item><item>
	<field name="show_id">70026431</field>
	<field name="title">Nang Nak</field>
	<field name="director">Nonzee Nimibutr</field>
	<field name="cast">Inthira Charoenpura, Winai Kraibutr</field>
	<field name="country">Thailand</field>
	<field name="date_added">January 5, 2019</field>
	<field name="rating">TV-14</field>
	<field name="duration">101 min</field>
	<field name="listed_in">Horror Movies, International Movies, Romantic Movies</field>
	<field name="description">In this adaptation of a Thai folk tale, a man returns from war to his family, unaware of a sad secret about what happened to them while he was away.</field>
</item><item>
	<field name="show_id">60000407</field>
	<field name="title">American Beauty</field>
	<field name="director">Sam Mendes</field>
	<field name="cast">Kevin Spacey, Annette Bening, Thora Birch, Wes Bentley, Mena Suvari, Chris Cooper, Peter Gallagher, Allison Janney, Scott Bakula, Sam Robards</field>
	<field name="country">United States</field>
	<field name="date_added">January 1, 2020</field>
	<field name="rating">R</field>
	<field name="duration">122 min</field>
	<field name="listed_in">Dramas</field>
	<field name="description">While struggling to endure his tightly wound wife, an unfulfilling job and a surly teen, a man becomes obsessed with one of his daughter's friends.</field>
</item><item>
	<field name="show_id">60000440</field>
	<field name="title">Magnolia</field>
	<field name="director">Paul Thomas Anderson</field>
	<field name="cast">Jeremy Blackman, Tom Cruise, Melinda Dillon, April Grace, Luis Guzmán, Philip Baker Hall, Philip Seymour Hoffman, Ricky Jay, William H. Macy, Alfred Molina, Julianne Moore, Michael Murphy, John C. Reilly, Jason Robards, Melora Walters</field>
	<field name="country">United States</field>
	<field name="date_added">January 1, 2020</field>
	<field name="rating">R</field>
	<field name="duration">189 min</field>
	<field name="listed_in">Dramas, Independent Movies</field>
	<field name="description">Through chance, human action, past history and divine intervention, an eclectic cast of characters weaves and warps through each other's lives.</field>
</item><item>
	<field name="show_id">60000480</field>
	<field name="title">Mansfield Park</field>
	<field name="director">Patricia Rozema</field>
	<field name="cast">Frances O'Connor, Embeth Davidtz, Jonny Lee Miller, Alessandro Nivola, Harold Pinter, Lindsay Duncan, Sheila Gish, James Purefoy, Victoria Hamilton, Hugh Bonneville</field>
	<field name="country">United Kingdom</field>
	<field name="date_added">January 1, 2020</field>
	<field name="rating">PG-13</field>
	<field name="duration">112 min</field>
	<field name="listed_in">Comedies, Dramas, International Movies</field>
	<field name="description">A poor heroine is sent to live with wealthy relatives in 1800s England, where her wit and writing talent find the room, and circumstance, to grow.</field>
</item><item>
	<field name="show_id">28631029</field>
	<field name="title">Stuart Little</field>
	<field name="director">Rob Minkoff</field>
	<field name="cast">Michael J. Fox, Jonathan Lipnicki, Geena Davis, Hugh Laurie, Nathan Lane</field>
	<field name="country">Germany, United States</field>
	<field name="date_added">January 1, 2020</field>
	<field name="rating">PG</field>
	<field name="duration">85 min</field>
	<field name="listed_in">Children & Family Movies, Comedies</field>
	<field name="description">Mr. and Mrs. Little want to adopt a brother for their only child but get more than they bargained for when they take in a mouse with an attitude.</field>
</item><item>
	<field name="show_id">60000209</field>
	<field name="title">The Talented Mr. Ripley</field>
	<field name="director">Anthony Minghella</field>
	<field name="cast">Matt Damon, Gwyneth Paltrow, Jude Law, Cate Blanchett, Philip Seymour Hoffman, Jack Davenport, James Rebhorn, Sergio Rubini, Philip Baker Hall, Celia Weston</field>
	<field name="country">United States</field>
	<field name="date_added">January 1, 2020</field>
	<field name="rating">R</field>
	<field name="duration">139 min</field>
	<field name="listed_in">Dramas, Thrillers</field>
	<field name="description">A charming sociopath maneuvers into the lush life of a young heir. But as he embraces the posh lifestyle, he'll stop at nothing to hold onto it.</field>
</item><item>
	<field name="show_id">22007250</field>
	<field name="title">Wild Wild West</field>
	<field name="director">Barry Sonnenfeld</field>
	<field name="cast">Will Smith, Kevin Kline, Kenneth Branagh, Salma Hayek, M. Emmet Walsh, Ted Levine, Frederique Van Der Wal, Musetta Vander, Sofia Eng, Bai Ling</field>
	<field name="country">United States</field>
	<field name="date_added">January 1, 2020</field>
	<field name="rating">PG-13</field>
	<field name="duration">106 min</field>
	<field name="listed_in">Action & Adventure, Comedies, Sci-Fi & Fantasy</field>
	<field name="description">Armed with an ingenious arsenal, two top-notch government agents are tasked with tracking down a diabolical scientist in this futuristic Western.</field>
</item><item>
	<field name="show_id">80074065</field>
	<field name="title">Hum Saath-Saath Hain</field>
	<field name="director">Sooraj R. Barjatya</field>
	<field name="cast">Salman Khan, Karisma Kapoor, Saif Ali Khan, Tabu, Sonali Bendre, Mohnish Bahl, Mahesh Thakur, Neelam, Alok Nath, Satish Shah</field>
	<field name="country">India</field>
	<field name="date_added">January 1, 2018</field>
	<field name="rating">TV-G</field>
	<field name="duration">176 min</field>
	<field name="listed_in">Dramas, International Movies, Music & Musicals</field>
	<field name="description">A scheming matriarch plots to cut off her disabled stepson and his wife from the family fortune, creating a division within the clan.</field>
</item><item>
	<field name="show_id">28371873</field>
	<field name="title">The World Is Not Enough</field>
	<field name="director">Michael Apted</field>
	<field name="cast">Pierce Brosnan, Sophie Marceau, Robert Carlyle, Denise Richards, Robbie Coltrane, Judi Dench, Desmond Llewelyn, John Cleese, Maria Grazia Cucinotta</field>
	<field name="country">United Kingdom, United States</field>
	<field name="date_added">December 31, 2019</field>
	<field name="rating">PG-13</field>
	<field name="duration">128 min</field>
	<field name="listed_in">Action & Adventure</field>
	<field name="description">Greed, revenge, world domination: It's all in a day's work for James Bond, who's on a mission to protect an oil heiress from a notorious terrorist.</field>
</item><item>
	<field name="show_id">70003680</field>
	<field name="title">Sexo, Pudor y Lagrimas</field>
	<field name="director">Antonio Serrano</field>
	<field name="cast">Demián Bichir, Susana Zabaleta, Jorge Salinas, Cecilia Suárez, Victor Huggo Martin, Mónica Dionne, Angélica Aragón, Laura Almela</field>
	<field name="country">Mexico</field>
	<field name="date_added">December 15, 2017</field>
	<field name="rating">R</field>
	<field name="duration">111 min</field>
	<field name="listed_in">Comedies, Dramas, International Movies</field>
	<field name="description">Passions flare and alliances form when neighbors Ana and Miguel each start an affair with former lovers, right under their spouses' noses.</field>
</item><item>
	<field name="show_id">21302357</field>
	<field name="title">Austin Powers: The Spy Who Shagged Me</field>
	<field name="director">Jay Roach</field>
	<field name="cast">Mike Myers, Heather Graham, Michael York, Robert Wagner, Rob Lowe, Seth Green, Mindy Sterling, Verne Troyer, Elizabeth Hurley, Will Ferrell</field>
	<field name="country">United States</field>
	<field name="date_added">December 1, 2019</field>
	<field name="rating">PG-13</field>
	<field name="duration">95 min</field>
	<field name="listed_in">Action & Adventure, Comedies, Sci-Fi & Fantasy</field>
	<field name="description">When diabolical genius Dr. Evil travels back in time to steal superspy Austin Powers's "mojo," Austin must return to the swingin' '60s himself.</field>
</item><item>
	<field name="show_id">60033786</field>
	<field name="title">An American Tail: The Mystery of the Night Monster</field>
	<field name="director">Larry Latham</field>
	<field name="cast">Thomas Dekker, Lacey Chabert, Jane Singer, Nehemiah Persoff, Susan Boyd, Robert Hays, Pat Musick, Dom DeLuise, Candi Milo, Jeff Bennett</field>
	<field name="country">United States</field>
	<field name="date_added">April 1, 2018</field>
	<field name="rating">G</field>
	<field name="duration">75 min</field>
	<field name="listed_in">Children & Family Movies</field>
	<field name="description">When a monster goes on a mouse-napping spree in New York, Fievel and his friends help a reporter get to the bottom of the mystery.</field>
</item>