<item>
	<field name="show_id">80182481</field>
	<field name="title">Krish Trish and Baltiboy: Part II</field>
	<field name="director">nan</field>
	<field name="cast">Damandeep Singh Baggan, Smita Malhotra, Baba Sehgal</field>
	<field name="country">nan</field>
	<field name="date_added">September 8, 2017</field>
	<field name="rating">TV-Y7</field>
	<field name="duration">58 min</field>
	<field name="listed_in">Children & Family Movies</field>
	<field name="description">Animal minstrels narrate stories about a monkey's friendship with a crocodile, two monkeys' foolishness and a villager's encounter with a demon.</field>
</item><item>
	<field name="show_id">70233894</field>
	<field name="title">Act of Vengeance</field>
	<field name="director">Mahsun Kırmızıgül</field>
	<field name="cast">Haluk Bilginer, Mahsun Kırmızıgül, Mustafa Sandal, Gina Gershon, Robert Patrick, Danny Glover, Engin Altan Düzyatan, Scott William Winters, Sharrieff Pugh</field>
	<field name="country">Turkey, United States</field>
	<field name="date_added">September 29, 2018</field>
	<field name="rating">NR</field>
	<field name="duration">112 min</field>
	<field name="listed_in">Action & Adventure, International Movies</field>
	<field name="description">Two Turkish agents are sent to New York City on a mission to capture a notorious terrorist known only as "Dejjal" (Arabic for Antichrist).</field>
</item><item>
	<field name="show_id">70153543</field>
	<field name="title">Sarah's Key</field>
	<field name="director">Gilles Paquet-Brenner</field>
	<field name="cast">Aidan Quinn, Kristin Scott Thomas, Frédéric Pierrot, Michel Duchaussoy, Dominique Frot, Niels Arestrup, Mélusine Mayance, Gisèle Casadesus, Natasha Mashkevich</field>
	<field name="country">France</field>
	<field name="date_added">September 21, 2019</field>
	<field name="rating">PG-13</field>
	<field name="duration">102 min</field>
	<field name="listed_in">Dramas, International Movies</field>
	<field name="description">Paris, 1942: To protect her brother from the police arresting Jewish families, a young girl hides him away, promising to come back for him.</field>
</item><item>
	<field name="show_id">70117312</field>
	<field name="title">Scott Pilgrim vs. the World</field>
	<field name="director">Edgar Wright</field>
	<field name="cast">Michael Cera, Mary Elizabeth Winstead, Kieran Culkin, Chris Evans, Anna Kendrick, Brie Larson, Alison Pill, Aubrey Plaza, Brandon Routh, Jason Schwartzman, Mark Webber, Mae Whitman, Johnny Simmons, Ellen Wong</field>
	<field name="country">United States, United Kingdom, Canada, Japan</field>
	<field name="date_added">September 16, 2018</field>
	<field name="rating">PG-13</field>
	<field name="duration">112 min</field>
	<field name="listed_in">Action & Adventure, Comedies, Cult Movies</field>
	<field name="description">Dreamy delivery girl Ramona captures Scott Pilgrim's heart, but he must vanquish all seven of her evil exes in martial arts battles to win her love.</field>
</item><item>
	<field name="show_id">70129452</field>
	<field name="title">Louis C.K.: Hilarious</field>
	<field name="director">Louis C.K.</field>
	<field name="cast">Louis C.K.</field>
	<field name="country">United States</field>
	<field name="date_added">September 16, 2016</field>
	<field name="rating">nan</field>
	<field name="duration">84 min</field>
	<field name="listed_in">Movies</field>
	<field name="description">Emmy-winning comedy writer Louis C.K. brings his caustic wit to Milwaukee, offering up his unique and uncensored take on sex, parenting and more.</field>
</item><item>
	<field name="show_id">80999985</field>
	<field name="title">Still</field>
	<field name="director">Chatchai Katenut, Manussa Vorasingha, Tanwarin Sukkhapisit, Poj Arnon</field>
	<field name="cast">Mai Charoenpura, Akara Amarttayakul, Supakson Chaimongkol, Kachapa Toncharoen, Wiradit Srimalai, Vasana Chalakorn, Ratchanont Sukpragawp, Arisara Thongborisut</field>
	<field name="country">Thailand</field>
	<field name="date_added">September 14, 2018</field>
	<field name="rating">TV-MA</field>
	<field name="duration">100 min</field>
	<field name="listed_in">Horror Movies, International Movies</field>
	<field name="description">A haunted hotel, a body in a water tank, a nightclub fire and a prison death comprise four horror tales taken from Thailand's newspaper headlines.</field>
</item><item>
	<field name="show_id">70130445</field>
	<field name="title">Eat Pray Love</field>
	<field name="director">Ryan Murphy</field>
	<field name="cast">Julia Roberts, James Franco, Javier Bardem, Richard Jenkins, Viola Davis, Billy Crudup, Hadi Subiyanto, Mike O'Malley, Tuva Novotny, Luca Argentero</field>
	<field name="country">United States</field>
	<field name="date_added">September 10, 2019</field>
	<field name="rating">PG-13</field>
	<field name="duration">140 min</field>
	<field name="listed_in">Dramas, Romantic Movies</field>
	<field name="description">After deciding to reshape her life after divorce, Liz travels around the world in search of good food, spirituality and true love.</field>
</item><item>
	<field name="show_id">70136074</field>
	<field name="title">The Last Exorcism</field>
	<field name="director">Daniel Stamm</field>
	<field name="cast">Patrick Fabian, Ashley Bell, Iris Bahr, Louis Herthum, Caleb Landry Jones, Tony Bentley, John Wright Jr., Shanna Forrestall, Justin Shafer, Carol Sutton</field>
	<field name="country">France, United States</field>
	<field name="date_added">September 1, 2019</field>
	<field name="rating">PG-13</field>
	<field name="duration">88 min</field>
	<field name="listed_in">Horror Movies, Independent Movies, Thrillers</field>
	<field name="description">Ready to expose his miraculous deeds as mere trickery, a famed evangelist invites a documentary crew to film his final exorcism.</field>
</item><item>
	<field name="show_id">70275937</field>
	<field name="title">Naruto Shippuden: The Movie: The Lost Tower</field>
	<field name="director">Masahiko Murata</field>
	<field name="cast">Junko Takeuchi, Chie Nakamura, Rikiya Koyama, Satoshi Hino, Toshiyuki Morikawa, Mutsumi Tamura, Mayuki Makiguchi, Kenji Hamada, Nobuaki Fukuda, Saori Hayami</field>
	<field name="country">Japan</field>
	<field name="date_added">September 1, 2017</field>
	<field name="rating">TV-14</field>
	<field name="duration">85 min</field>
	<field name="listed_in">Action & Adventure, Anime Features, International Movies</field>
	<field name="description">When Naruto is sent to recover a missing nin, the rogue manages to send him 20 years into the past, where he unites with his father to battle evil.</field>
</item><item>
	<field name="show_id">70170182</field>
	<field name="title">Aashayein</field>
	<field name="director">Nagesh Kukunoor</field>
	<field name="cast">John Abraham, Sonal Sehgal, Prateeksha Lonkar, Girish Karnad, Farida Jalal, Ashwin Chitale, Anaitha Nair, Vikram Inamdar, Vipin Bhali, Poonam Chitale, Nagesh Kukunoor</field>
	<field name="country">India</field>
	<field name="date_added">October 22, 2017</field>
	<field name="rating">TV-14</field>
	<field name="duration">115 min</field>
	<field name="listed_in">Dramas, International Movies</field>
	<field name="description">When he learns he has terminal cancer, a cynical gambler and chronic smoker ditches his fiancée, snubs doctors and checks into a nursing home to die.</field>
</item><item>
	<field name="show_id">80211135</field>
	<field name="title">Kajraare</field>
	<field name="director">Pooja Bhatt</field>
	<field name="cast">Himesh Reshammiya, Sara Loren, Amrita Singh, Gulshan Grover, Javed Sheikh, Adnan Shah, Natasha Sinha, Gaurav Chanana, Anupam Shyam</field>
	<field name="country">India</field>
	<field name="date_added">October 22, 2017</field>
	<field name="rating">TV-14</field>
	<field name="duration">113 min</field>
	<field name="listed_in">Dramas, International Movies, Music & Musicals</field>
	<field name="description">A popular singer on the run poses as a bartender and falls in love with a prostitute, but their love is threatened by a violent incident in his past.</field>
</item><item>
	<field name="show_id">70125931</field>
	<field name="title">The Karate Kid</field>
	<field name="director">Harald Zwart</field>
	<field name="cast">Jaden Smith, Jackie Chan, Taraji P. Henson, Wenwen Han, Yu Rongguang, Zhensu Wu, Zhiheng Wang, Zhenwei Wang, Shijia Lü, Yi Zhao</field>
	<field name="country">United States, China</field>
	<field name="date_added">October 17, 2019</field>
	<field name="rating">PG</field>
	<field name="duration">140 min</field>
	<field name="listed_in">Children & Family Movies, Dramas</field>
	<field name="description">After moving to Beijing with his mother, Dre falls prey to a bully, so he takes lessons from a martial arts master in this remake of the 1984 classic.</field>
</item><item>
	<field name="show_id">70235768</field>
	<field name="title">My Babysitter's a Vampire: The Movie</field>
	<field name="director">Bruce McDonald</field>
	<field name="cast">Matthew Knight, Vanessa Morgan, Atticus Mitchell, Cameron Kennedy, Kate Todd, Joe Dinicol, Ella Jonas Farlinger, Ari Cohen, Laura de Carteret, Hrant Alianak</field>
	<field name="country">Canada</field>
	<field name="date_added">October 17, 2018</field>
	<field name="rating">TV-PG</field>
	<field name="duration">80 min</field>
	<field name="listed_in">Children & Family Movies, Comedies</field>
	<field name="description">When their parents head out for the evening, Ethan and his little sister get the babysitter of their nightmares: a fledgling vampire named Sarah.</field>
</item><item>
	<field name="show_id">70260383</field>
	<field name="title">Bleach the Movie: Hell Verse</field>
	<field name="director">Noriyuki Abe</field>
	<field name="cast">Masakazu Morita, Fumiko Orikasa, Kazuya Nakai, Noriaki Sugiyama, Kentarô Itô, Yuki Matsuoka, Ryotaro Okiayu, Romi Park</field>
	<field name="country">Japan</field>
	<field name="date_added">October 15, 2016</field>
	<field name="rating">NR</field>
	<field name="duration">94 min</field>
	<field name="listed_in">Action & Adventure, Anime Features, Sci-Fi & Fantasy</field>
	<field name="description">When a group of vicious Sinners plots to escape from this eternal prison in Hell, they discover that Substitute Soul Reaper Ichigo is the key to their freedom. The Sinners launch an attack and in the process kidnap Ichigo's younger sister.</field>
</item><item>
	<field name="show_id">70170051</field>
	<field name="title">Senna</field>
	<field name="director">Asif Kapadia</field>
	<field name="cast">Ayrton Senna, Alain Prost, Frank Williams</field>
	<field name="country">United Kingdom, France, United States</field>
	<field name="date_added">October 1, 2019</field>
	<field name="rating">PG-13</field>
	<field name="duration">106 min</field>
	<field name="listed_in">Documentaries, International Movies, Sports Movies</field>
	<field name="description">This fast-paced documentary profiles Ayrton Senna, one of the greatest drivers in the history of Formula One racing, and a hero in his native Brazil.</field>
</item><item>
	<field name="show_id">70128696</field>
	<field name="title">The Bounty Hunter</field>
	<field name="director">Andy Tennant</field>
	<field name="cast">Jennifer Aniston, Gerard Butler, Jason Sudeikis, Jeff Garlin, Ritchie Coster, Cathy Moriarty, Peter Greene, Joel Marsh Garland, Siobhan Fallon Hogan, Dorian Missick, Adam Rose, Christine Baranski, Carol Kane, Adam LeFevre</field>
	<field name="country">United States</field>
	<field name="date_added">October 1, 2019</field>
	<field name="rating">PG-13</field>
	<field name="duration">111 min</field>
	<field name="listed_in">Action & Adventure, Comedies, Romantic Movies</field>
	<field name="description">Bounty hunter Milo Boyd finds his latest assignment downright satisfying as he learns that the bail-jumper he must chase down is his ex-wife, Nicole.</field>
</item><item>
	<field name="show_id">70140322</field>
	<field name="title">Kevin Hart: Seriously Funny</field>
	<field name="director">Shannon Hartman</field>
	<field name="cast">Kevin Hart</field>
	<field name="country">United States</field>
	<field name="date_added">October 1, 2018</field>
	<field name="rating">TV-MA</field>
	<field name="duration">67 min</field>
	<field name="listed_in">Stand-Up Comedy</field>
	<field name="description">With his unique hip-hop style delivery, African American stand-up comedian Kevin Hart expounds on life at a sold-out concert performance.</field>
</item><item>
	<field name="show_id">70139542</field>
	<field name="title">Udaan</field>
	<field name="director">Vikramaditya Motwane</field>
	<field name="cast">Rajat Barmecha, Ronit Roy, Ram Kapoor, Aayan Boradia, Manjot Singh, Anand Tiwari, Raja Hudda, Shaunak Sengupta, Varun Khettry, Akshay Sachdev</field>
	<field name="country">India</field>
	<field name="date_added">October 1, 2018</field>
	<field name="rating">TV-MA</field>
	<field name="duration">137 min</field>
	<field name="listed_in">Dramas, Independent Movies, International Movies</field>
	<field name="description">Upon returning to his industrial hometown, a young man must decide whether to follow his own dreams or acquiesce to his father's plans for his future.</field>
</item><item>
	<field name="show_id">70150437</field>
	<field name="title">We Are Family</field>
	<field name="director">Sidharth Malhotra</field>
	<field name="cast">Kajol, Kareena Kapoor, Arjun Rampal, Nominath Ginsberg, Iravati Harshe, Aachal Munjal, Diya Sonecha</field>
	<field name="country">India, Australia</field>
	<field name="date_added">October 1, 2018</field>
	<field name="rating">TV-PG</field>
	<field name="duration">119 min</field>
	<field name="listed_in">Dramas, International Movies</field>
	<field name="description">A divorced mother of three children runs a happy household – until her former husband brings his new career-oriented girlfriend into the picture.</field>
</item><item>
	<field name="show_id">70130483</field>
	<field name="title">Barbie in A Mermaid Tale</field>
	<field name="director">Adam Wood</field>
	<field name="cast">Kelly Sheridan, Kathleen Barr, Tabitha St. Germain, Peter Mel, Nakia Burrise, Maryke Hendrikse, Emma Pierson, Ciara Janson, Garry Chalk, Nicole Oliver</field>
	<field name="country">United States</field>
	<field name="date_added">October 1, 2017</field>
	<field name="rating">TV-Y</field>
	<field name="duration">74 min</field>
	<field name="listed_in">Children & Family Movies</field>
	<field name="description">Surf champ Merliah discovers she's actually a mermaid in a girl's body. With the help of a dolphin, Merliah must rescue her mom, the Queen of Oceana.</field>
</item><item>
	<field name="show_id">70165189</field>
	<field name="title">Barbie: A Fairy Secret</field>
	<field name="director">William Lau</field>
	<field name="cast">Diana Kaarina, Adrian Petriw, Britt Irvin, Cassandra Morris, Kate Higgins, Silvio Pollio, Brittney Wilson, Alexandra Carter, Nicole Oliver, Barbara Tyson</field>
	<field name="country">United States</field>
	<field name="date_added">October 1, 2017</field>
	<field name="rating">TV-Y7</field>
	<field name="duration">72 min</field>
	<field name="listed_in">Children & Family Movies</field>
	<field name="description">When devilish fairies capture Ken and fly away with him, Barbie and Raquelle travel to the glittering fairy world of Gloss Angeles to save him.</field>
</item><item>
	<field name="show_id">80208176</field>
	<field name="title">Monster High: New Ghoul at School</field>
	<field name="director">Audu Paden, Eric Radomski</field>
	<field name="cast">Kate Higgins, Salli Saffioti, Debi Derryberry, Laura Bailey, Yuri Lowenthal, Audu Paden, Troy Baker, Erin Fitzgerald</field>
	<field name="country">United States</field>
	<field name="date_added">October 1, 2017</field>
	<field name="rating">TV-Y7</field>
	<field name="duration">23 min</field>
	<field name="listed_in">Children & Family Movies</field>
	<field name="description">Insecure new student Frankie Stein struggles to fit in at Monster High, where ultra-cool ghoul Cleo De Nile and hunky monster Deuce rule the roost.</field>
</item><item>
	<field name="show_id">70153553</field>
	<field name="title">Harud</field>
	<field name="director">Aamir Bashir</field>
	<field name="cast">Mohammad Amir Naji, Shahnawaz Bhat, Shamim Basharat, Salma Ashai, Mudessir Ahmed Khan, Rayes Mohiuddin</field>
	<field name="country">India</field>
	<field name="date_added">October 1, 2016</field>
	<field name="rating">TV-14</field>
	<field name="duration">100 min</field>
	<field name="listed_in">Dramas, International Movies</field>
	<field name="description">A young Kashmiri man sets out to escape to Pakistan and make sense of his brother's death, but he drifts aimlessly until finding his brother's camera.</field>
</item><item>
	<field name="show_id">70117294</field>
	<field name="title">Takers</field>
	<field name="director">John Luessenhop</field>
	<field name="cast">Matt Dillon, Paul Walker, Chris Brown, Idris Elba, Jay Hernandez, Hayden Christensen, Michael Ealy, T.I., Marianne Jean-Baptiste, Zoe Saldana, Steve Harris, Johnathon Schaech</field>
	<field name="country">United States</field>
	<field name="date_added">November 3, 2019</field>
	<field name="rating">PG-13</field>
	<field name="duration">107 min</field>
	<field name="listed_in">Action & Adventure</field>
	<field name="description">A motley crew of bank robbers plans their next heist after a former colleague convinces them to target an armored car carrying $20 million.</field>
</item><item>
	<field name="show_id">70117289</field>
	<field name="title">She's Out of My League</field>
	<field name="director">Jim Field Smith</field>
	<field name="cast">Jay Baruchel, Alice Eve, T.J. Miller, Mike Vogel, Nate Torrence, Krysten Ritter, Geoff Stults, Lindsay Sloane, Andrew Daly, Jasika Nicole, Kyle Bornheimer</field>
	<field name="country">United States</field>
	<field name="date_added">November 20, 2019</field>
	<field name="rating">R</field>
	<field name="duration">105 min</field>
	<field name="listed_in">Comedies, Romantic Movies</field>
	<field name="description">When average-guy Kirk starts dating drop-dead-gorgeous Molly, his friends don't see it lasting, so Kirk does everything he can to avoid losing Molly.</field>
</item><item>
	<field name="show_id">70135899</field>
	<field name="title">Don't Be Afraid of the Dark</field>
	<field name="director">Troy Nixey</field>
	<field name="cast">Katie Holmes, Guy Pearce, Bailee Madison, Jack Thompson, Garry McDonald, Alan Dale, Julia Blake, Edwina Ritchard, Emilia Burns, Guillermo del Toro</field>
	<field name="country">United States, Australia, Mexico</field>
	<field name="date_added">November 2, 2019</field>
	<field name="rating">R</field>
	<field name="duration">99 min</field>
	<field name="listed_in">Horror Movies</field>
	<field name="description">Young Sally Hurst discovers she isn't alone in her new house: strange creatures live there – and they might not be as friendly as Sally thinks.</field>
</item><item>
	<field name="show_id">70292700</field>
	<field name="title">The Boy Who Cried Werewolf</field>
	<field name="director">Eric Bross</field>
	<field name="cast">Victoria Justice, Chase Ellison, Anna Galvin, Matt Winston, Jillian Marie, Valerie Tian, Kerry James, Andrea Brooks, Christie Laing, Cainan Wiebe, Brooke Shields, Brooke D'Orsay, Steven Grayhm</field>
	<field name="country">United States, Canada</field>
	<field name="date_added">November 2, 2019</field>
	<field name="rating">TV-G</field>
	<field name="duration">86 min</field>
	<field name="listed_in">Children & Family Movies, Comedies</field>
	<field name="description">When high school girl-geek Jordan becomes a werewolf after moving to Romania, she must elude her own brother, who sets out to slay her.</field>
</item><item>
	<field name="show_id">70243696</field>
	<field name="title">Thorne: Scaredy Cat</field>
	<field name="director">Benjamin Ross</field>
	<field name="cast">David Morrissey, Eddie Marsan, Aidan Gillen, O.T. Fagbenle, Lorraine Ashbourne, Sandra Oh, Tom Brooke, Joe Absolom</field>
	<field name="country">United Kingdom</field>
	<field name="date_added">November 2, 2016</field>
	<field name="rating">NR</field>
	<field name="duration">125 min</field>
	<field name="listed_in">Dramas, International Movies</field>
	<field name="description">Heading a new team whose aim is to crack the cases that leave others stumped, detective Tom Thorne finds himself on the hunt for two serial killers.</field>
</item><item>
	<field name="show_id">70243692</field>
	<field name="title">Thorne: Sleepyhead</field>
	<field name="director">Stephen Hopkins</field>
	<field name="cast">David Morrissey, Eddie Marsan, Aidan Gillen, O. T. Fagbenle, Lorraine Ashbourne, Natascha McElhone, Sara Lloyd-Gregory, Aisling Loftus, Sarah Niles, Joshua Close, Brian McCardie</field>
	<field name="country">United Kingdom, Australia, Canada, United States</field>
	<field name="date_added">November 2, 2016</field>
	<field name="rating">NR</field>
	<field name="duration">125 min</field>
	<field name="listed_in">Dramas, International Movies</field>
	<field name="description">Investigating a series of attacks on young women, detective Tom Thorne is dragged back into the nightmares of his past as he races to find a killer.</field>
</item><item>
	<field name="show_id">70124331</field>
	<field name="title">Leap Year</field>
	<field name="director">Anand Tucker</field>
	<field name="cast">Amy Adams, Matthew Goode, Adam Scott, John Lithgow, Noel O'Donovan, Tony Rohr, Pat Laffan, Alan Devlin, Ian McElhinney, Dominique McElligott</field>
	<field name="country">United States, Ireland</field>
	<field name="date_added">November 15, 2019</field>
	<field name="rating">PG</field>
	<field name="duration">100 min</field>
	<field name="listed_in">Comedies, Romantic Movies</field>
	<field name="description">Anna chooses February 29 to propose marriage to her boyfriend, but after meeting a charming innkeeper, she must evaluate her original plans.</field>
</item><item>
	<field name="show_id">70174733</field>
	<field name="title">Bill Burr: Let It Go</field>
	<field name="director">Shannon Hartman</field>
	<field name="cast">Bill Burr</field>
	<field name="country">United States</field>
	<field name="date_added">November 10, 2017</field>
	<field name="rating">NR</field>
	<field name="duration">65 min</field>
	<field name="listed_in">Stand-Up Comedy</field>
	<field name="description">The musings of comedian Bill Burr are let loose in this special, which was filmed at the historic Fillmore Auditorium in San Francisco.</field>
</item><item>
	<field name="show_id">70117305</field>
	<field name="title">Legion</field>
	<field name="director">Scott Stewart</field>
	<field name="cast">Paul Bettany, Lucas Black, Tyrese Gibson, Adrianne Palicki, Charles S. Dutton, Jon Tenney, Kevin Durand, Willa Holland, Kate Walsh, Dennis Quaid, Jeanette Miller, Cameron Harlow, Doug Jones, Josh Stamberg, Yancey Arias</field>
	<field name="country">United States</field>
	<field name="date_added">November 1, 2019</field>
	<field name="rating">R</field>
	<field name="duration">100 min</field>
	<field name="listed_in">Action & Adventure, Horror Movies, Sci-Fi & Fantasy</field>
	<field name="description">A motley crew of apocalypse survivors living at an abandoned truck stop never suspects that the pregnant woman among them is carrying the Messiah.</field>
</item><item>
	<field name="show_id">70185139</field>
	<field name="title">Do Dooni Chaar</field>
	<field name="director">Habib Faisal</field>
	<field name="cast">Rishi Kapoor, Neetu Singh, Aditi Vasudev, Archit Krishna, Akhilendra Mishra, Natasha Rastogi, Manoj Bakshi, Supriya Shukla</field>
	<field name="country">India</field>
	<field name="date_added">November 1, 2018</field>
	<field name="rating">TV-PG</field>
	<field name="duration">106 min</field>
	<field name="listed_in">Comedies, International Movies</field>
	<field name="description">A struggling math teacher holds down a second job to keep his family afloat. But when he receives a wedding invitation, he's determined to attend.</field>
</item><item>
	<field name="show_id">70123126</field>
	<field name="title">Paan Singh Tomar</field>
	<field name="director">Tigmanshu Dhulia</field>
	<field name="cast">Irrfan Khan, Mahie Gill, Rajendra Gupta, Brijendra Kala, Jahangir Khan, Vipin Sharma, Zakir Hussain</field>
	<field name="country">India</field>
	<field name="date_added">November 1, 2018</field>
	<field name="rating">TV-MA</field>
	<field name="duration">129 min</field>
	<field name="listed_in">Action & Adventure, Dramas, International Movies</field>
	<field name="description">Paan Singh Tomar goes from celebrated runner to star brigand and rebel when life after sports fails to unfold as planned.</field>
</item><item>
	<field name="show_id">70142542</field>
	<field name="title">Insidious</field>
	<field name="director">James Wan</field>
	<field name="cast">Patrick Wilson, Rose Byrne, Lin Shaye, Ty Simpkins, Barbara Hershey, Leigh Whannell, Angus Sampson, Andrew Astor, Joseph Bishara</field>
	<field name="country">United States, Canada, United Kingdom</field>
	<field name="date_added">May 9, 2019</field>
	<field name="rating">PG-13</field>
	<field name="duration">103 min</field>
	<field name="listed_in">Horror Movies, Thrillers</field>
	<field name="description">Hoping to leave their haunted house behind, a suburban family moves to a new place, only to learn the home wasn't haunted... but their eldest son is.</field>
</item><item>
	<field name="show_id">70154110</field>
	<field name="title">Even the Rain</field>
	<field name="director">Icíar Bollaín</field>
	<field name="cast">Luis Tosar, Gael García Bernal, Juan Carlos Aduviri, Karra Elejalde, Raúl Arévalo, Carlos Santos, Cassandra Ciangherotti, Milena Soliz, Leónidas Chiri, Vicente Romero, Daniel Currás, Pau Cólera</field>
	<field name="country">Spain, Mexico, France</field>
	<field name="date_added">May 17, 2011</field>
	<field name="rating">NR</field>
	<field name="duration">103 min</field>
	<field name="listed_in">Dramas, International Movies</field>
	<field name="description">While making a film about the incursion of Christopher Columbus in the New World, a director finds the Bolivian locals protesting modern exploitation.</field>
</item><item>
	<field name="show_id">70149579</field>
	<field name="title">LSD: Love, Sex Aur Dhokha</field>
	<field name="director">Dibakar Banerjee</field>
	<field name="cast">Anshuman Jha, Rajkummar Rao, Amit Sial, Arya Banerjee, Neha Chauhan, Atul Mongia, Shruti, Herry Tangdi</field>
	<field name="country">India</field>
	<field name="date_added">May 16, 2019</field>
	<field name="rating">TV-MA</field>
	<field name="duration">112 min</field>
	<field name="listed_in">Dramas, Independent Movies, International Movies</field>
	<field name="description">This provocative drama examines how the voyeuristic nature of modern society affects three unusual couples in Northern India.</field>
</item><item>
	<field name="show_id">70158421</field>
	<field name="title">Action Replayy</field>
	<field name="director">Vipul Amrutlal Shah</field>
	<field name="cast">Akshay Kumar, Aishwarya Rai Bachchan, Om Puri, Kiron Kher, Neha Dhupia, Rannvijay Singh, Aditya Roy Kapoor, Randhir Kapoor, Sudeepa Singh, Alok Kumar, Rajpal Yadav</field>
	<field name="country">India</field>
	<field name="date_added">May 16, 2018</field>
	<field name="rating">TV-PG</field>
	<field name="duration">129 min</field>
	<field name="listed_in">Children & Family Movies, Comedies, International Movies</field>
	<field name="description">Vipul Amrutlal Shah directs this sci-fi rom-com that stars Akshay Kumar and Aishwarya Rai as Kishen and Mala, a married couple who are so miserable, they inspire their son, Bunty, to go back in time and make his parents fall in love.</field>
</item><item>
	<field name="show_id">70153178</field>
	<field name="title">Once Upon a Time in Mumbaai</field>
	<field name="director">Milan Luthria</field>
	<field name="cast">Ajay Devgn, Emraan Hashmi, Kangana Ranaut, Prachi Desai, Randeep Hooda, Imran Hasnee, Dhiru Dwivedi</field>
	<field name="country">India</field>
	<field name="date_added">May 15, 2019</field>
	<field name="rating">NR</field>
	<field name="duration">133 min</field>
	<field name="listed_in">Dramas, International Movies, Music & Musicals</field>
	<field name="description">Mumbai's top mob boss rules the underworld with honor and compassion, but his power-hungry protégé will shake up the world of organized crime.</field>
</item><item>
	<field name="show_id">80059342</field>
	<field name="title">Natascha Kampusch: The Whole Story</field>
	<field name="director">Alina Teodorescu</field>
	<field name="cast">nan</field>
	<field name="country">United States</field>
	<field name="date_added">May 15, 2017</field>
	<field name="rating">TV-14</field>
	<field name="duration">51 min</field>
	<field name="listed_in">Movies</field>
	<field name="description">A Viennese child who was kidnapped and held captive in a basement before escaping after eight years reveals her headline-making story of survival.</field>
</item><item>
	<field name="show_id">81077597</field>
	<field name="title">I Am</field>
	<field name="director">Onir</field>
	<field name="cast">Juhi Chawla, Rahul Bose, Nandita Das, Sanjay Suri, Manisha Koirala, Purab Kohli, Shernaz Patel, Abhimanyu Singh, Arjun Mathur, Radhika Apte</field>
	<field name="country">India, Japan</field>
	<field name="date_added">March 4, 2019</field>
	<field name="rating">TV-MA</field>
	<field name="duration">106 min</field>
	<field name="listed_in">Dramas, Independent Movies, International Movies</field>
	<field name="description">Four individuals in modern India grapple with their identities amid social taboos, trauma and brutal sexual discrimination in this quartet of stories.</field>
</item><item>
	<field name="show_id">70129463</field>
	<field name="title">Tucker and Dale vs. Evil</field>
	<field name="director">Eli Craig</field>
	<field name="cast">Tyler Labine, Alan Tudyk, Katrina Bowden, Jesse Moss, Philip Granger, Brandon Jay McLaren, Christie Laing, Chelan Simmons, Travis Nelson, Alex Arsenault</field>
	<field name="country">Canada, United States, India, United Kingdom</field>
	<field name="date_added">March 29, 2019</field>
	<field name="rating">R</field>
	<field name="duration">89 min</field>
	<field name="listed_in">Comedies, Horror Movies, Independent Movies</field>
	<field name="description">Expecting to relax at their "vacation" cabin, two backwoods boys see their trip turn into a nightmare when they're accused of being psychotic killers.</field>
</item><item>
	<field name="show_id">80238299</field>
	<field name="title">Chal Dhar Pakad</field>
	<field name="director">Aatmaram Dharne</field>
	<field name="cast">Nagesh Bhonsle</field>
	<field name="country">India</field>
	<field name="date_added">March 15, 2018</field>
	<field name="rating">TV-14</field>
	<field name="duration">129 min</field>
	<field name="listed_in">Comedies, Dramas, International Movies</field>
	<field name="description">After her fat-shaming husband brings home a new lover, a wife in Maharashtra recruits a group of women to challenge him in a kabaddi match.</field>
</item><item>
	<field name="show_id">80201604</field>
	<field name="title">Haapus</field>
	<field name="director">nan</field>
	<field name="cast">Makarand Anaspure, Madhura Velankar, Subodh Bhave</field>
	<field name="country">India</field>
	<field name="date_added">March 15, 2018</field>
	<field name="rating">TV-14</field>
	<field name="duration">138 min</field>
	<field name="listed_in">Comedies, Dramas, International Movies</field>
	<field name="description">The son of an astrologer faces opposition from his superstitious father regarding his scheme of launching a mango business.</field>
</item><item>
	<field name="show_id">80235957</field>
	<field name="title">Irada Pakka</field>
	<field name="director">Kedar Shinde</field>
	<field name="cast">Smita Jaykar, Siddarth Jadhav</field>
	<field name="country">India</field>
	<field name="date_added">March 15, 2018</field>
	<field name="rating">TV-14</field>
	<field name="duration">137 min</field>
	<field name="listed_in">Comedies, Dramas, International Movies</field>
	<field name="description">Bored in their happy marriage, a couple decides to spice things up by fighting more, but their game takes the relationship on an unexpected path.</field>
</item><item>
	<field name="show_id">80201608</field>
	<field name="title">Lalbaug Parel: Zali Mumbai Sonyachi</field>
	<field name="director">Mahesh Manjrekar</field>
	<field name="cast">Sachin Khedekar, Seema Biswas, Ankush Chaudhari, Satish Kaushik, Siddarth Jadhav, Shashank Shende, Sameer Dharmadhikari, Karan Patel, Veena Jamkar, Kashmira Shah</field>
	<field name="country">India</field>
	<field name="date_added">March 15, 2018</field>
	<field name="rating">TV-MA</field>
	<field name="duration">145 min</field>
	<field name="listed_in">Dramas, International Movies</field>
	<field name="description">Industrial workers struggle against the greed of their employers and the apathy of the government toward the conditions in which they live and work.</field>
</item><item>
	<field name="show_id">80238298</field>
	<field name="title">Ranbhool</field>
	<field name="director">Girish Joshi</field>
	<field name="cast">Subodh Bhave, Mohan Joshi, Vinay Apte, Uday Tikekar, Tejaswini Pandit, Saii Ranade, Daksha Mahendra, Gargi Datar</field>
	<field name="country">India</field>
	<field name="date_added">March 15, 2018</field>
	<field name="rating">TV-MA</field>
	<field name="duration">115 min</field>
	<field name="listed_in">Horror Movies, International Movies, Thrillers</field>
	<field name="description">Believing himself to be God's envoy, a troubled young man embarks on a killing spree as his passion for music becomes a psychotic obsession.</field>
</item><item>
	<field name="show_id">80239738</field>
	<field name="title">Sthaniya Sambaad</field>
	<field name="director">Arjun Gourisaria, Moinak Biswas</field>
	<field name="cast">Suman Mukhopadhyay</field>
	<field name="country">India</field>
	<field name="date_added">March 15, 2018</field>
	<field name="rating">TV-14</field>
	<field name="duration">106 min</field>
	<field name="listed_in">Dramas, International Movies</field>
	<field name="description">In post-Partition Kolkata, a young Bengali poet from an urban colony wanders the city in search of the woman he loves and a channel for his sorrows.</field>
</item><item>
	<field name="show_id">80134606</field>
	<field name="title">Çok Filim Hareketler Bunlar</field>
	<field name="director">Ozan Açıktan</field>
	<field name="cast">Ayça Erturan, Aydan Taş, Ayşegül Akdemir, Burcu Gönder, Bülent Emrah Parlak, Büşra Pekin, Emre Canpolat, Ersin Korkut, Eser Yenenler, Gizem Tuğral, Gülhan Tekin, Gülsüm Alkan, Hamdi Kahraman, İbrahim Büyükak, Metin Keçeci</field>
	<field name="country">Turkey</field>
	<field name="date_added">March 10, 2017</field>
	<field name="rating">TV-MA</field>
	<field name="duration">99 min</field>
	<field name="listed_in">Comedies, International Movies</field>
	<field name="description">Vignettes of the summer holidays follow vacationers as they battle mosquitoes, suffer ruined plans and otherwise hit snags in their precious time off.</field>
</item><item>
	<field name="show_id">80038353</field>
	<field name="title">Eyyvah Eyyvah</field>
	<field name="director">Hakan Algül</field>
	<field name="cast">Demet Akbağ, Ata Demirer, Özge Borak, Bican Günalan, Salih Kalyon, Tanju Tuncel, Meray Ülgen</field>
	<field name="country">Turkey</field>
	<field name="date_added">March 10, 2017</field>
	<field name="rating">TV-MA</field>
	<field name="duration">99 min</field>
	<field name="listed_in">Comedies, International Movies</field>
	<field name="description">A clarinet player who lives with his grandparents in a small village is forced to move to Istanbul, where he meets a singer enjoying sudden fame.</field>
</item><item>
	<field name="show_id">80134438</field>
	<field name="title">Romantik Komedi</field>
	<field name="director">Ketche</field>
	<field name="cast">Sedef Avcı, Cemal Hünal, Begüm Kütük, Engin Altan Düzyatan, Sinem Kobal, Gürgen Öz, Burcu Kara, Kubilay Penbeklioğlu</field>
	<field name="country">Turkey</field>
	<field name="date_added">March 10, 2017</field>
	<field name="rating">NR</field>
	<field name="duration">110 min</field>
	<field name="listed_in">Comedies, International Movies, Romantic Movies</field>
	<field name="description">Bored with her life and inspired by a friend's wedding, Esra quits her job and dumps her boyfriend, leading to a series of romantic misadventures.</field>
</item><item>
	<field name="show_id">70129374</field>
	<field name="title">Winter's Bone</field>
	<field name="director">Debra Granik</field>
	<field name="cast">Jennifer Lawrence, John Hawkes, Kevin Breznahan, Dale Dickey, Garret Dillahunt, Sheryl Lee, Lauren Sweetser, Tate Taylor</field>
	<field name="country">United States</field>
	<field name="date_added">March 1, 2019</field>
	<field name="rating">R</field>
	<field name="duration">100 min</field>
	<field name="listed_in">Dramas, Independent Movies</field>
	<field name="description">In this unflinching noir drama, a resilient teen goes on the trail of her missing, drug-dealing father when his absence threatens the family's safety.</field>
</item><item>
	<field name="show_id">70138498</field>
	<field name="title">Hide & Seek</field>
	<field name="director">Shawn Arranha</field>
	<field name="cast">Purab Kohli, Arjan Bajwa, Mrinalini Sharma, Sameer Kochhar, Ayaz Khan, Amruta Patki, Pavail Gulati, Prashant, Amol Mhatre</field>
	<field name="country">India</field>
	<field name="date_added">March 1, 2018</field>
	<field name="rating">TV-14</field>
	<field name="duration">96 min</field>
	<field name="listed_in">Horror Movies, International Movies, Thrillers</field>
	<field name="description">Years after an accident at a wild Christmas party traumatized them all, six former friends find themselves trapped in a shopping mall and forced by a killer disguised as Santa Claus to play a lethal game of hide-and-seek.</field>
</item><item>
	<field name="show_id">70134669</field>
	<field name="title">Teen Patti</field>
	<field name="director">Leena Yadav</field>
	<field name="cast">Amitabh Bachchan, Madhavan, Ben Kingsley, Shraddha Kapoor, Siddharth Kher, Dhruv Ganesh, Vaibhav Talwar</field>
	<field name="country">India</field>
	<field name="date_added">March 1, 2018</field>
	<field name="rating">TV-PG</field>
	<field name="duration">137 min</field>
	<field name="listed_in">Dramas, International Movies, Thrillers</field>
	<field name="description">Luck brings together math expert Perci Trachtenberg and obscure genius Venkat Subramaniam in a casino, but the foundations of probability may be utterly altered when their chat leads Subramaniam to try a new theory in the gambling dens of Mumbai.</field>
</item><item>
	<field name="show_id">70175127</field>
	<field name="title">Chandani: The Daughter of the Elephant Whisperer</field>
	<field name="director">Arne Birkenstock</field>
	<field name="cast">K.G. Chandani Renuka Ratnayake</field>
	<field name="country">Germany, Sri Lanka</field>
	<field name="date_added">March 1, 2017</field>
	<field name="rating">TV-G</field>
	<field name="duration">87 min</field>
	<field name="listed_in">Documentaries, International Movies</field>
	<field name="description">A girl who wants to be an elephant driver like her father is given the chance to raise a calf and becomes even more determined when it's taken away.</field>
</item><item>
	<field name="show_id">81035877</field>
	<field name="title">Bewildered Bolbol</field>
	<field name="director">Khaled Marei</field>
	<field name="cast">Ahmed Helmy, Zeina, Shery Adel, Emy Samir Ghanim, Yousef Fawzy, Yasser El Tobgy, Wael Sami, Maryam Saleh</field>
	<field name="country">Egypt</field>
	<field name="date_added">June 20, 2019</field>
	<field name="rating">TV-14</field>
	<field name="duration">112 min</field>
	<field name="listed_in">Comedies, International Movies, Romantic Movies</field>
	<field name="description">A man suffering from amnesia can't seem to choose between the women playing tricks on him.</field>
</item><item>
	<field name="show_id">81035875</field>
	<field name="title">The Chord</field>
	<field name="director">Magdy Al-Hawwary</field>
	<field name="cast">Mostafa Shaban, Ghada Adel, Arwa Gouda, Ahmed Salah Al-Saadany, Ashraf Zaki, Sawsan Badr, Fatma Nasser, Said Saleh, Ali Hassanein, Majed Abdulazim</field>
	<field name="country">Egypt</field>
	<field name="date_added">June 20, 2019</field>
	<field name="rating">TV-MA</field>
	<field name="duration">101 min</field>
	<field name="listed_in">Dramas, International Movies</field>
	<field name="description">A detective investigates the murder of a young musician, whose philandering lifestyle leaves a long list of suspects and a lot of questions.</field>
</item><item>
	<field name="show_id">81035879</field>
	<field name="title">Three-Quarters Decent</field>
	<field name="director">Mohamed Hamdy</field>
	<field name="cast">Mohamed Ragab, Lamitta Frangieh, Mohsen Mansour, Rania Mallah, Madlyn Tabar, Mimi Gamal, Ahmed Rateb, Ahmed Zaher</field>
	<field name="country">nan</field>
	<field name="date_added">June 20, 2019</field>
	<field name="rating">TV-MA</field>
	<field name="duration">96 min</field>
	<field name="listed_in">Comedies, Dramas, International Movies</field>
	<field name="description">Determined to fight corruption in his country, a newspaper cartoonist debuts a new take-no-prisoners attitude.</field>
</item><item>
	<field name="show_id">70135893</field>
	<field name="title">The King's Speech</field>
	<field name="director">Tom Hooper</field>
	<field name="cast">Colin Firth, Geoffrey Rush, Helena Bonham Carter, Guy Pearce, Timothy Spall, Derek Jacobi, Jennifer Ehle, Anthony Andrews, Claire Bloom, Eve Best, Michael Gambon</field>
	<field name="country">United Kingdom, United States, Australia</field>
	<field name="date_added">June 2, 2018</field>
	<field name="rating">R</field>
	<field name="duration">118 min</field>
	<field name="listed_in">Dramas, International Movies</field>
	<field name="description">In this biographical drama, Britain's King George VI struggles with an embarrassing stutter until he seeks help from speech therapist Lionel Logue.</field>
</item><item>
	<field name="show_id">81035874</field>
	<field name="title">The Ant's Scream</field>
	<field name="director">Sameh Abdulaziz</field>
	<field name="cast">Amr Abdel-Geleel, Rania Yousef, Salloum Haddad, Hesham Al-Meligy, Farida Al-Gready, Ahmad Wafiq, Mohamed Abo El Hassan, Amr Sakr, Ahmed Gamal Saeed, Riham Ayman</field>
	<field name="country">Egypt</field>
	<field name="date_added">June 13, 2019</field>
	<field name="rating">TV-14</field>
	<field name="duration">108 min</field>
	<field name="listed_in">Comedies, Dramas, International Movies</field>
	<field name="description">Released after being wrongly imprisoned in Iraq, an Egyptian contractor returns home to a country on the brink of revolution.</field>
</item><item>
	<field name="show_id">70122316</field>
	<field name="title">Blue Valentine</field>
	<field name="director">Derek Cianfrance</field>
	<field name="cast">Ryan Gosling, Michelle Williams, Faith Wladyka, John Doman, Mike Vogel, Ben Shenkman, Jen Jones, Maryann Plunkett, Marshall Johnson, James Benatti, Barbara Troy, Carey Westbrook, Enid Graham</field>
	<field name="country">United States</field>
	<field name="date_added">July 5, 2018</field>
	<field name="rating">R</field>
	<field name="duration">112 min</field>
	<field name="listed_in">Dramas, Independent Movies, Romantic Movies</field>
	<field name="description">As Cindy and Dean muddle through their languishing marriage, they hearken back to the golden days when life was filled with possibility and romance.</field>
</item><item>
	<field name="show_id">80999991</field>
	<field name="title">Holy Man 3</field>
	<field name="director">Note Chern-Yim</field>
	<field name="cast">Krissada Sukosol, Natee Aekwijit, Yoakyake Chernyim, Der Doksadao, Note Chern-Yim, Kohtee Aramboy, Chaleumpol Tikumpornteerawong</field>
	<field name="country">Thailand</field>
	<field name="date_added">July 30, 2018</field>
	<field name="rating">TV-14</field>
	<field name="duration">102 min</field>
	<field name="listed_in">Comedies, Faith & Spirituality, International Movies</field>
	<field name="description">Two new monks, one of them a former rock music star seeking inner peace, join a temple plagued by thieves who are stealing its valuable holy relics.</field>
</item><item>
	<field name="show_id">70124965</field>
	<field name="title">The Company Men</field>
	<field name="director">John Wells</field>
	<field name="cast">Ben Affleck, Chris Cooper, Kevin Costner, Tommy Lee Jones, Maria Bello, Rosemarie DeWitt, Craig T. Nelson, John Doman, Tonye Patano, Cady Huffman</field>
	<field name="country">United States</field>
	<field name="date_added">July 28, 2018</field>
	<field name="rating">R</field>
	<field name="duration">105 min</field>
	<field name="listed_in">Dramas, Independent Movies</field>
	<field name="description">A successful businessman comes face-to-face with America's downsizing epidemic when he loses his job and is forced to take a construction gig.</field>
</item><item>
	<field name="show_id">80007777</field>
	<field name="title">Bang Rajan 2</field>
	<field name="director">Tanit Jitnukul</field>
	<field name="cast">Puri Hiranyapluek, Paradorn Srichaphan, Chatchai Plengpanich</field>
	<field name="country">Thailand</field>
	<field name="date_added">July 25, 2018</field>
	<field name="rating">TV-MA</field>
	<field name="duration">122 min</field>
	<field name="listed_in">Action & Adventure, International Movies</field>
	<field name="description">A small but fierce group of resistance fighters engages in a brutal battle to protect their village from an army of Burmese invaders.</field>
</item><item>
	<field name="show_id">70114342</field>
	<field name="title">The Book of Eli</field>
	<field name="director">Albert Hughes, Allen Hughes</field>
	<field name="cast">Denzel Washington, Gary Oldman, Mila Kunis, Ray Stevenson, Jennifer Beals, Evan Jones, Joe Pingue, Frances de la Tour, Michael Gambon, Tom Waits</field>
	<field name="country">United States</field>
	<field name="date_added">July 1, 2019</field>
	<field name="rating">R</field>
	<field name="duration">118 min</field>
	<field name="listed_in">Action & Adventure, Sci-Fi & Fantasy</field>
	<field name="description">Determined to protect a sacred text that promises to save humanity, Eli goes on a quest westward across the barren, postapocalyptic country.</field>
</item><item>
	<field name="show_id">80236279</field>
	<field name="title">I Am Kalam</field>
	<field name="director">Nila Madhab Panda</field>
	<field name="cast">Gulshan Grover, Harsh Mayar, Pitobash, Hussan Saad, Beatrice Ordeix, Sanjay Chauhan</field>
	<field name="country">India</field>
	<field name="date_added">July 1, 2018</field>
	<field name="rating">TV-PG</field>
	<field name="duration">87 min</field>
	<field name="listed_in">Children & Family Movies, Comedies, Dramas</field>
	<field name="description">An intelligent boy born into poverty befriends the son of a once noble family and is inspired by the life of India's president to pursue an education.</field>
</item><item>
	<field name="show_id">80236280</field>
	<field name="title">Tum Milo Toh Sahi</field>
	<field name="director">Kabir Sadanand</field>
	<field name="cast">Nana Patekar, Dimple Kapadia, Sunil Shetty, Vidya Malvade, Rehan Khan, Anjana Sukhani, Mohnish Bahl, Vrajesh Hirjee</field>
	<field name="country">India</field>
	<field name="date_added">July 1, 2018</field>
	<field name="rating">TV-PG</field>
	<field name="duration">128 min</field>
	<field name="listed_in">Comedies, Dramas, International Movies</field>
	<field name="description">An astute but old-fashioned law clerk steps up to help the owner of a cafe in a legal battle that has both business and personal ramifications.</field>
</item><item>
	<field name="show_id">70142888</field>
	<field name="title">The Tourist</field>
	<field name="director">Florian Henckel von Donnersmarck</field>
	<field name="cast">Angelina Jolie, Johnny Depp, Paul Bettany, Timothy Dalton, Steven Berkoff, Rufus Sewell, Christian De Sica, Alessio Boni, Daniele Pecci, Giovanni Guidelli</field>
	<field name="country">United States, France, Italy, United Kingdom</field>
	<field name="date_added">January 7, 2020</field>
	<field name="rating">PG-13</field>
	<field name="duration">103 min</field>
	<field name="listed_in">Action & Adventure, Romantic Movies</field>
	<field name="description">An American tourist seeking solace for his shattered heart instead finds it in danger again after encountering a beautiful Interpol agent.</field>
</item><item>
	<field name="show_id">81035398</field>
	<field name="title">Maharaja: The Story of Ranjit Singh</field>
	<field name="director">Amarjit Virdi</field>
	<field name="cast">Gurpreet Guggi, Rocky Bhardwaj, Brijesh Ahuja, Gick Grewal, Inderjit Grewal, Lekhraj Thakur</field>
	<field name="country">nan</field>
	<field name="date_added">January 30, 2019</field>
	<field name="rating">TV-14</field>
	<field name="duration">56 min</field>
	<field name="listed_in">Dramas, International Movies</field>
	<field name="description">The tale of legendary warrior king Ranjit Singh, and his rise to establishing Punjab’s Sikh empire, comes to life in this animated feature.</field>
</item><item>
	<field name="show_id">81024718</field>
	<field name="title">Virsa</field>
	<field name="director">Pankaj Batra</field>
	<field name="cast">Arya Babbar, Kanwaljeet Singh, Gulshan Grover, Mehreen Raheel, Aparna Sharma, Aman Dhaliwal, Noman Ijaz</field>
	<field name="country">India, Pakistan</field>
	<field name="date_added">January 30, 2019</field>
	<field name="rating">TV-14</field>
	<field name="duration">127 min</field>
	<field name="listed_in">Dramas, International Movies, Music & Musicals</field>
	<field name="description">A man is disheartened when he visits his well-to-do son and grandkids in Australia and sees they have detached from their traditional Indian morals.</field>
</item><item>
	<field name="show_id">70120142</field>
	<field name="title">Get Him to the Greek</field>
	<field name="director">Nicholas Stoller</field>
	<field name="cast">Jonah Hill, Russell Brand, Elisabeth Moss, Rose Byrne, Colm Meaney, Sean "P. Diddy" Combs, Aziz Ansari, Carla Gallo, Nick Kroll, Kristen Schaal</field>
	<field name="country">United States</field>
	<field name="date_added">January 16, 2020</field>
	<field name="rating">R</field>
	<field name="duration">109 min</field>
	<field name="listed_in">Comedies, Music & Musicals</field>
	<field name="description">Ambitious young record company intern Aaron must escort an unruly rock star to Los Angeles for the start of his anniversary concert.</field>
</item><item>
	<field name="show_id">70141971</field>
	<field name="title">Skyline</field>
	<field name="director">Colin Strause, Greg Strause</field>
	<field name="cast">Eric Balfour, Scottie Thompson, Brittany Daniel, Crystal Reed, Neil Hopkins, David Zayas, Donald Faison, Robin Gammell, Tanya Newbould, J. Paul Boehmer</field>
	<field name="country">United States</field>
	<field name="date_added">January 16, 2019</field>
	<field name="rating">PG-13</field>
	<field name="duration">94 min</field>
	<field name="listed_in">Action & Adventure, Sci-Fi & Fantasy</field>
	<field name="description">After a wild night of partying, Terry discovers that he's one of the few people left on Earth, then sets out to solve the mystery of what happened.</field>
</item><item>
	<field name="show_id">70137753</field>
	<field name="title">Ip Man 2</field>
	<field name="director">Wilson Yip</field>
	<field name="cast">Donnie Yen, Sammo Kam-Bo Hung, Huang Xiaoming, Simon Yam, Lynn Hung, Kanin Ngo, Kent Cheng, Darren Shahlavi, Louis Fan, Calvin Ka-Sing Cheng</field>
	<field name="country">Hong Kong, China</field>
	<field name="date_added">January 15, 2016</field>
	<field name="rating">R</field>
	<field name="duration">108 min</field>
	<field name="listed_in">Action & Adventure, International Movies</field>
	<field name="description">New in Hong Kong, martial arts instructor Ip Man perseveres and retaliates against his rivals' opposition to the Wing Chun fighting style he teaches.</field>
</item><item>
	<field name="show_id">70113534</field>
	<field name="title">The Fighter</field>
	<field name="director">David O. Russell</field>
	<field name="cast">Mark Wahlberg, Christian Bale, Amy Adams, Melissa Leo, Jack McGee, Melissa McMeekin, Bianca Hunter, Erica McDermott, Dendrie Taylor, Jill Quigg, Kate B. O'Brien, Sugar Ray Leonard</field>
	<field name="country">United States</field>
	<field name="date_added">January 13, 2019</field>
	<field name="rating">R</field>
	<field name="duration">116 min</field>
	<field name="listed_in">Dramas, Sports Movies</field>
	<field name="description">After a string of defeats, a boxer rediscovers his fighting will with help from his trainer and half-brother, a once-talented pugilist.</field>
</item><item>
	<field name="show_id">70128701</field>
	<field name="title">Dinner for Schmucks</field>
	<field name="director">Jay Roach</field>
	<field name="cast">Steve Carell, Paul Rudd, Zach Galifianakis, Jemaine Clement, Jeff Dunham, Bruce Greenwood, Ron Livingston, Chris O'Dowd, Lucy Punch, Stephanie Szostak, David Walliams, Larry Wilmore</field>
	<field name="country">United States</field>
	<field name="date_added">January 1, 2020</field>
	<field name="rating">PG-13</field>
	<field name="duration">115 min</field>
	<field name="listed_in">Comedies</field>
	<field name="description">The host of a dinner party invites his friends to bring the saddest loser they can find. But the ultimate schmuck turns everyone else into the losers.</field>
</item><item>
	<field name="show_id">70150473</field>
	<field name="title">Hunt to Kill</field>
	<field name="director">Keoni Waxman</field>
	<field name="cast">Steve Austin, Gil Bellows, Gary Daniels, Marie Avgeropoulos, Emilie Ullerup, Michael Eklund, Eric Roberts, Michael Hogan, Donnelly Rhodes, Adrian Holmes</field>
	<field name="country">Canada</field>
	<field name="date_added">January 1, 2020</field>
	<field name="rating">R</field>
	<field name="duration">97 min</field>
	<field name="listed_in">Action & Adventure</field>
	<field name="description">U.S. Border Patrol agent and deadly hunter Jim Rhodes takes violent revenge when a group of desperate thieves kidnaps his daughter after a robbery.</field>
</item><item>
	<field name="show_id">70131314</field>
	<field name="title">Inception</field>
	<field name="director">Christopher Nolan</field>
	<field name="cast">Leonardo DiCaprio, Joseph Gordon-Levitt, Ellen Page, Tom Hardy, Ken Watanabe, Dileep Rao, Cillian Murphy, Tom Berenger, Marion Cotillard, Pete Postlethwaite, Michael Caine, Lukas Haas</field>
	<field name="country">United States, United Kingdom</field>
	<field name="date_added">January 1, 2020</field>
	<field name="rating">PG-13</field>
	<field name="duration">148 min</field>
	<field name="listed_in">Action & Adventure, Sci-Fi & Fantasy, Thrillers</field>
	<field name="description">In this mind-bending sci-fi thriller, a man runs an espionage business built around entering the subconscious of his targets to mold their thoughts.</field>
</item><item>
	<field name="show_id">70125232</field>
	<field name="title">Legend of the Guardians: The Owls of Ga'Hoole</field>
	<field name="director">Zack Snyder</field>
	<field name="cast">Helen Mirren, Geoffrey Rush, Jim Sturgess, Hugo Weaving, Emily Barclay, Abbie Cornish, Ryan Kwanten, Anthony LaPaglia, Miriam Margolyes, Sam Neill</field>
	<field name="country">United States, Australia</field>
	<field name="date_added">January 1, 2020</field>
	<field name="rating">PG</field>
	<field name="duration">97 min</field>
	<field name="listed_in">Children & Family Movies</field>
	<field name="description">Soren, a barn owl kidnapped from his peaceful forest home, is brought to an orphanage where he must train to become a soldier.</field>
</item><item>
	<field name="show_id">70128695</field>
	<field name="title">Resident Evil: Afterlife</field>
	<field name="director">Paul W.S. Anderson</field>
	<field name="cast">Milla Jovovich, Ali Larter, Kim Coates, Shawn Roberts, Sergio Peris-Mencheta, Spencer Locke, Boris Kodjoe, Wentworth Miller</field>
	<field name="country">Germany, France, United States, Canada, United Kingdom</field>
	<field name="date_added">January 1, 2020</field>
	<field name="rating">R</field>
	<field name="duration">97 min</field>
	<field name="listed_in">Action & Adventure, Horror Movies, Sci-Fi & Fantasy</field>
	<field name="description">The Undead Apocalypse continues as super-soldier Alice finds her way to a supposed sanctuary in Los Angeles, which may just be a deadly trap.</field>
</item><item>
	<field name="show_id">70117299</field>
	<field name="title">Last Night</field>
	<field name="director">Massy Tadjedin</field>
	<field name="cast">Keira Knightley, Sam Worthington, Guillaume Canet, Eva Mendes, Griffin Dunne, Anson Mount, Stephanie Romanov, Scott Adsit, Daniel Eric Gold</field>
	<field name="country">United States, France</field>
	<field name="date_added">January 1, 2019</field>
	<field name="rating">R</field>
	<field name="duration">93 min</field>
	<field name="listed_in">Dramas, Independent Movies, Romantic Movies</field>
	<field name="description">During an evening apart, married couple Joanna and Michael encounter tempting opportunities to cheat on each other with sexy acquaintances.</field>
</item><item>
	<field name="show_id">70174741</field>
	<field name="title">Whitney Cummings: Money Shot</field>
	<field name="director">John Fortenberry</field>
	<field name="cast">Whitney Cummings</field>
	<field name="country">United States</field>
	<field name="date_added">January 1, 2019</field>
	<field name="rating">TV-MA</field>
	<field name="duration">48 min</field>
	<field name="listed_in">Stand-Up Comedy</field>
	<field name="description">Comedy Central roast veteran Whitney Cummings gets the stage to herself in this debut special, which finds her riffing on a wide range of topics.</field>
</item><item>
	<field name="show_id">80202086</field>
	<field name="title">Aata Pita</field>
	<field name="director">Uttung Shelar</field>
	<field name="cast">Sanjay Narvekar, Bharat Jadhav, Satish Phulekar, Ashwini Apte</field>
	<field name="country">India</field>
	<field name="date_added">January 1, 2018</field>
	<field name="rating">TV-14</field>
	<field name="duration">133 min</field>
	<field name="listed_in">Comedies, Dramas, International Movies</field>
	<field name="description">A municipal clerk with literary ambitions stalks a loan recovery officer on whom he has decided to base his story's central character.</field>
</item><item>
	<field name="show_id">80201809</field>
	<field name="title">Ideachi Kalpana</field>
	<field name="director">Sachin</field>
	<field name="cast">Bhargavi Chirmuley, Mahesh Kothare, Sachin, Ashok Saraf, Nirmiti Sawant</field>
	<field name="country">India</field>
	<field name="date_added">January 1, 2018</field>
	<field name="rating">TV-14</field>
	<field name="duration">124 min</field>
	<field name="listed_in">Comedies, International Movies, Romantic Movies</field>
	<field name="description">After an actor is hit by a car driven by the police commissioner's sister, his scheming brother-in-law files a bogus suit against the commissioner.</field>
</item><item>
	<field name="show_id">80145085</field>
	<field name="title">The Rat Race</field>
	<field name="director">Miriam Chandy Menacherry</field>
	<field name="cast">nan</field>
	<field name="country">India</field>
	<field name="date_added">January 1, 2017</field>
	<field name="rating">TV-PG</field>
	<field name="duration">52 min</field>
	<field name="listed_in">Documentaries, International Movies</field>
	<field name="description">Examine the troublesome coexistence of humans and rodents in Mumbai, where the byproducts of a big economy have led to a thriving rat population.</field>
</item><item>
	<field name="show_id">70137744</field>
	<field name="title">Rush: Beyond the Lighted Stage</field>
	<field name="director">Sam Dunn, Scot McFadyen</field>
	<field name="cast">nan</field>
	<field name="country">Canada</field>
	<field name="date_added">February 15, 2017</field>
	<field name="rating">TV-14</field>
	<field name="duration">107 min</field>
	<field name="listed_in">Documentaries, Music & Musicals</field>
	<field name="description">Celebrate the remarkable 40-year career of influential Canadian rockers Rush with this documentary, which details the band's formation and evolution.</field>
</item><item>
	<field name="show_id">70132722</field>
	<field name="title">Cats & Dogs: The Revenge of Kitty Galore</field>
	<field name="director">Brad Peyton</field>
	<field name="cast">James Marsden, Nick Nolte, Christina Applegate, Katt Williams, Bette Midler, Neil Patrick Harris, Sean Hayes, Wallace Shawn, Roger Moore, Joe Pantoliano, Michael Clarke Duncan, Chris O'Donnell, Jack McBrayer, Kiernan Shipka</field>
	<field name="country">United States, Australia</field>
	<field name="date_added">February 1, 2019</field>
	<field name="rating">PG</field>
	<field name="duration">82 min</field>
	<field name="listed_in">Children & Family Movies, Comedies</field>
	<field name="description">Cats and dogs must set aside their differences and merge animal instincts when Kitty Galore decides to claw her way to global domination.</field>
</item><item>
	<field name="show_id">70117322</field>
	<field name="title">From Paris with Love</field>
	<field name="director">Pierre Morel</field>
	<field name="cast">John Travolta, Jonathan Rhys Meyers, Kasia Smutniak, Richard Durden, Bing Yin, Amber Rose Revah, Eric Godon, François Bredon, Chems Dahmani, Sami Darr, Didier Constant</field>
	<field name="country">France</field>
	<field name="date_added">December 8, 2019</field>
	<field name="rating">R</field>
	<field name="duration">93 min</field>
	<field name="listed_in">Action & Adventure, International Movies</field>
	<field name="description">A low-level intelligence agent gets pulled into action and espionage above his pay grade when he's ordered to assist a trigger-happy senior agent.</field>
</item><item>
	<field name="show_id">70144331</field>
	<field name="title">Dhobi Ghat (Mumbai Diaries)</field>
	<field name="director">Kiran Rao</field>
	<field name="cast">Aamir Khan, Monica Dogra, Kriti Malhotra, Prateik Babbar, Aasha Pawar, Jyoti Pawar, Norma Lobo, Kitu Gidwani, Danish Hussain, Jehan Manekshaw</field>
	<field name="country">India</field>
	<field name="date_added">December 8, 2017</field>
	<field name="rating">TV-14</field>
	<field name="duration">102 min</field>
	<field name="listed_in">Dramas, International Movies</field>
	<field name="description">In this intimate drama, circumstances draw together four people from different castes – which would normally preclude them from forming friendships.</field>
</item><item>
	<field name="show_id">70129396</field>
	<field name="title">Peepli Live</field>
	<field name="director">Anusha Rizvi, Mahmood Farooqui</field>
	<field name="cast">Omkar Das Manikpuri, Raghuvir Yadav, Malaika Shenoy, Nawazuddin Siddiqui, Naseeruddin Shah, Sitaram Panchal, Shalini Vatsa, Farrukh Jaffar, Aamir Bashir, Vishal Om Prakash</field>
	<field name="country">India</field>
	<field name="date_added">December 8, 2017</field>
	<field name="rating">TV-14</field>
	<field name="duration">109 min</field>
	<field name="listed_in">Comedies, Dramas, Independent Movies</field>
	<field name="description">Two indigent farmers consider suicide so that their families can collect a government subsidy that's paid to the relatives of deceased farmers.</field>
</item><item>
	<field name="show_id">81002594</field>
	<field name="title">Yes or No</field>
	<field name="director">Saratswadee Wongsomphet</field>
	<field name="cast">Sushar Manaying, Supanart Jittaleela, Arisara Thongborisut, Soranut Yupanun, Inthira Yeunyong</field>
	<field name="country">Thailand</field>
	<field name="date_added">December 6, 2018</field>
	<field name="rating">TV-PG</field>
	<field name="duration">111 min</field>
	<field name="listed_in">International Movies, LGBTQ Movies, Romantic Movies</field>
	<field name="description">Traditional girl Pie is initially uncomfortable with her tomboyish new roommate. But as time goes on, she finds herself increasingly attracted to her.</field>
</item><item>
	<field name="show_id">81217436</field>
	<field name="title">Road to Sangam</field>
	<field name="director">Amit Rai</field>
	<field name="cast">Paresh Rawal, Om Puri, Pavan Malhotra, Javed Sheikh, Swati Chitnis, Masood Akhtar, Sudhir Nema, Rakesh Srivastava</field>
	<field name="country">India</field>
	<field name="date_added">December 31, 2019</field>
	<field name="rating">TV-14</field>
	<field name="duration">136 min</field>
	<field name="listed_in">Dramas, Independent Movies, International Movies</field>
	<field name="description">As communal violence erupts in his neighborhood, a Muslim mechanic presses forward to repair a historic truck that will transport Gandhi’s last remains.</field>
</item><item>
	<field name="show_id">80208212</field>
	<field name="title">Twice</field>
	<field name="director">Hidetaka Inazuka</field>
	<field name="cast">Stuart Varnam-Atkin</field>
	<field name="country">Japan, United States</field>
	<field name="date_added">December 31, 2017</field>
	<field name="rating">TV-14</field>
	<field name="duration">53 min</field>
	<field name="listed_in">Documentaries, International Movies</field>
	<field name="description">This documentary reenacts the experiences of late activist Tsutomu Yamaguchi, a survivor of both atomic bombings on Japan in 1945.</field>
</item><item>
	<field name="show_id">70132228</field>
	<field name="title">Shelter</field>
	<field name="director">Måns Mårlind, Björn Stein</field>
	<field name="cast">Julianne Moore, Jonathan Rhys Meyers, Jeffrey DeMunn, Frances Conroy, Nate Corddry, Brooklynn Proulx, Brian Anthony Wilson, Joyce Feurring, Steven Rishard, Charles Techman</field>
	<field name="country">United States</field>
	<field name="date_added">December 29, 2017</field>
	<field name="rating">R</field>
	<field name="duration">112 min</field>
	<field name="listed_in">Horror Movies, Thrillers</field>
	<field name="description">A forensic psychiatrist has to think outside the box when she takes on a patient whose multiple personalities lead to a trail of murder victims.</field>
</item><item>
	<field name="show_id">80046145</field>
	<field name="title">Santa's Apprentice</field>
	<field name="director">Luc Vinciguerra</field>
	<field name="cast">Julie Gayet, Jean-Pierre Marielle, Lorànt Deutsch, Bruno Salomone, Pierre-François Martin-Laval, Didier Brice, Benoît Allemane, Nathan Simony, Daniela Duspara, Max Cullen</field>
	<field name="country">Australia, France, Ireland</field>
	<field name="date_added">December 20, 2015</field>
	<field name="rating">TV-G</field>
	<field name="duration">72 min</field>
	<field name="listed_in">Children & Family Movies</field>
	<field name="description">Young orphan Nicolas learns how to guide a sleigh, slide down chimneys and other duties he'll need when he becomes the next Santa Claus.</field>
</item><item>
	<field name="show_id">70137790</field>
	<field name="title">Burlesque</field>
	<field name="director">Steve Antin</field>
	<field name="cast">Cher, Christina Aguilera, Alan Cumming, Eric Dane, Cam Gigandet, Julianne Hough, Peter Gallagher, Kristen Bell, Stanley Tucci, Dianna Agron</field>
	<field name="country">United States</field>
	<field name="date_added">December 16, 2019</field>
	<field name="rating">PG-13</field>
	<field name="duration">119 min</field>
	<field name="listed_in">Dramas, Romantic Movies</field>
	<field name="description">After leaving Iowa with stars in her eyes, Ali arrives at a Los Angeles burlesque lounge with dreams of taking the stage with her soaring voice.</field>
</item><item>
	<field name="show_id">70134537</field>
	<field name="title">Karthik Calling Karthik</field>
	<field name="director">Vijay Lalwani</field>
	<field name="cast">Farhan Akhtar, Deepika Padukone, Ram Kapoor, Vivan Bhatena, Vipin Sharma, Yatin Karyekar, Shefali Shah</field>
	<field name="country">India</field>
	<field name="date_added">December 15, 2019</field>
	<field name="rating">TV-14</field>
	<field name="duration">135 min</field>
	<field name="listed_in">Dramas, International Movies, Thrillers</field>
	<field name="description">Unlucky in love and bullied at work, an office drone is resigned to his dead-end life until it’s transformed by mysterious calls from … himself.</field>
</item><item>
	<field name="show_id">80127645</field>
	<field name="title">Once a Gangster</field>
	<field name="director">Felix Chong</field>
	<field name="cast">Ekin Cheng, Jordan Chan, Alex Fong, Michelle Ye, On-on Yu, Wilfred Lau, Conroy Chan</field>
	<field name="country">Hong Kong</field>
	<field name="date_added">December 1, 2018</field>
	<field name="rating">TV-MA</field>
	<field name="duration">95 min</field>
	<field name="listed_in">Action & Adventure, Comedies, International Movies</field>
	<field name="description">Two former triads are tapped to run in an election for leader of the underworld, but both want normal lives. Each must outwit the other to lose.</field>
</item><item>
	<field name="show_id">70170181</field>
	<field name="title">Hisss</field>
	<field name="director">Jennifer Lynch</field>
	<field name="cast">Mallika Sherawat, Irrfan Khan, Jeff Doucette, Divya Dutta, Raman Trikha, Mahmoud Babai, Raj Bhansali, Sunny Charles, Tony Ciccone, Parvez Khan</field>
	<field name="country">India, United States</field>
	<field name="date_added">December 1, 2017</field>
	<field name="rating">TV-MA</field>
	<field name="duration">97 min</field>
	<field name="listed_in">Horror Movies, International Movies, Thrillers</field>
	<field name="description">In a plot to bait the snake-goddess Nagin for her immortality-granting essence, George States journeys to India and abducts her reptilian lover.</field>
</item><item>
	<field name="show_id">70253397</field>
	<field name="title">Kung Fu Panda: Holiday</field>
	<field name="director">Tim Johnson</field>
	<field name="cast">Jack Black, Angelina Jolie, Dustin Hoffman, Jackie Chan, Seth Rogen, Lucy Liu, David Cross, James Hong, Dan Fogler</field>
	<field name="country">United States</field>
	<field name="date_added">December 1, 2012</field>
	<field name="rating">TV-PG</field>
	<field name="duration">26 min</field>
	<field name="listed_in">Children & Family Movies, Comedies</field>
	<field name="description">As preparations for the Winter Feast build, Po is caught between his obligations as the Dragon Warrior and his family holiday traditions.</field>
</item><item>
	<field name="show_id">70139074</field>
	<field name="title">Guzaarish</field>
	<field name="director">Sanjay Leela Bhansali</field>
	<field name="cast">Hrithik Roshan, Aishwarya Rai Bachchan, Shernaz Patel, Aditya Roy Kapoor, Nafisa Ali, Monikangana Dutta, Suhel Seth, Rajit Kapoor, Ash Chandler, Vijay Crishna</field>
	<field name="country">India</field>
	<field name="date_added">August 2, 2018</field>
	<field name="rating">TV-14</field>
	<field name="duration">121 min</field>
	<field name="listed_in">Dramas, International Movies</field>
	<field name="description">After an onstage disaster leaves an illusionist paralyzed, he channels his magic into a hit radio show. Years later, he fights for the right to die.</field>
</item><item>
	<field name="show_id">70139071</field>
	<field name="title">I Hate Luv Storys</field>
	<field name="director">Punit Malhotra</field>
	<field name="cast">Imran Khan, Sonam Kapoor, Sammir Dattani, Samir Soni, Kavin Dave, Bruna Abdullah</field>
	<field name="country">India</field>
	<field name="date_added">August 2, 2018</field>
	<field name="rating">TV-14</field>
	<field name="duration">128 min</field>
	<field name="listed_in">Comedies, International Movies, Music & Musicals</field>
	<field name="description">This Bollywood spoof recounts the ups and downs of an assistant film director who loathes romance and a designer who adores all things sentimental.</field>
</item><item>
	<field name="show_id">70123124</field>
	<field name="title">Raajneeti</field>
	<field name="director">Prakash Jha</field>
	<field name="cast">Ajay Devgn, Nana Patekar, Ranbir Kapoor, Katrina Kaif, Arjun Rampal, Manoj Bajpayee, Sarah Thompson, Naseeruddin Shah</field>
	<field name="country">India</field>
	<field name="date_added">August 2, 2018</field>
	<field name="rating">TV-MA</field>
	<field name="duration">162 min</field>
	<field name="listed_in">Dramas, International Movies, Thrillers</field>
	<field name="description">When the American-educated scion of a powerful Indian family returns to the subcontinent, his first taste of power starts him down a corrupt path.</field>
</item><item>
	<field name="show_id">70139078</field>
	<field name="title">Tees Maar Khan</field>
	<field name="director">Farah Khan</field>
	<field name="cast">Katrina Kaif, Akshay Kumar, Akshaye Khanna, Arya Babbar, Rajiv Lakshman, Raghu Ram, Vijay Maurya, Dharampal, Ali Asghar, Murli Sharma</field>
	<field name="country">India</field>
	<field name="date_added">August 2, 2018</field>
	<field name="rating">TV-PG</field>
	<field name="duration">125 min</field>
	<field name="listed_in">Comedies, International Movies, Music & Musicals</field>
	<field name="description">A flamboyant con artist and his band of gleeful robbers gamble with fate when smugglers hire them to swipe antiques from a speeding train.</field>
</item><item>
	<field name="show_id">80108998</field>
	<field name="title">Real Crime: Supermarket Heist (Tesco Bomber)</field>
	<field name="director">nan</field>
	<field name="cast">nan</field>
	<field name="country">United Kingdom</field>
	<field name="date_added">August 15, 2016</field>
	<field name="rating">TV-14</field>
	<field name="duration">46 min</field>
	<field name="listed_in">Documentaries</field>
	<field name="description">In 2000, U.K. detectives spent months tracking a criminal known only as Sally, who was targeting a supermarket chain with extortion and letter bombs.</field>
</item><item>
	<field name="show_id">70119812</field>
	<field name="title">Clash of the Titans</field>
	<field name="director">Louis Leterrier</field>
	<field name="cast">Sam Worthington, Liam Neeson, Ralph Fiennes, Jason Flemyng, Gemma Arterton, Alexa Davalos, Tine Stapelfeldt, Mads Mikkelsen, Luke Evans</field>
	<field name="country">United States, United Kingdom, Australia</field>
	<field name="date_added">August 1, 2019</field>
	<field name="rating">PG-13</field>
	<field name="duration">106 min</field>
	<field name="listed_in">Action & Adventure, Sci-Fi & Fantasy</field>
	<field name="description">If he is to save the life of the beautiful Princess Andromeda, the valiant Perseus must battle a host of powerful, beastly enemies.</field>
</item><item>
	<field name="show_id">70124268</field>
	<field name="title">Kung Fu Magoo</field>
	<field name="director">Andrés Couturier</field>
	<field name="cast">Dylan Sprouse, Cole Sprouse, Alyson Stoner, Tom Kenny, Chris Parnell, Rodger Bumpass, Maile Flanagan, Wally Wingert, Candi Milo, Jim Ward</field>
	<field name="country">Mexico, United States</field>
	<field name="date_added">August 1, 2018</field>
	<field name="rating">TV-Y7</field>
	<field name="duration">79 min</field>
	<field name="listed_in">Children & Family Movies, Comedies</field>
	<field name="description">Shortsighted curmudgeon Mr. Magoo and his young nephew, Justin, fight such nefarious foes as kung fu villains, robot spiders and teenage mutants.</field>
</item><item>
	<field name="show_id">70142792</field>
	<field name="title">Love In A Puff</field>
	<field name="director">Pang Ho-cheung</field>
	<field name="cast">Miriam Chin Wah Yeung, Shawn Yue, Singh Hartihan Bitto, Yat Ning Chan, Tat-Ming Cheung, Matt Chow, Chui Tien-you, Queenie Chu, Charmaine Fong, Vincent Kok</field>
	<field name="country">Hong Kong</field>
	<field name="date_added">August 1, 2018</field>
	<field name="rating">TV-MA</field>
	<field name="duration">103 min</field>
	<field name="listed_in">Comedies, Dramas, International Movies</field>
	<field name="description">When the Hong Kong government enacts a ban on smoking cigarettes indoors, the new law drives hard-core smokers outside, facilitating a meeting between Cherie, a makeup saleswoman, and Jimmy, an advertising exec.</field>
</item><item>
	<field name="show_id">70130142</field>
	<field name="title">14 Blades</field>
	<field name="director">Daniel Lee</field>
	<field name="cast">Donnie Yen, Zhao Wei, Wu Chun, Law Kar-Ying, Kate Tsui, Yuwu Qi, Wu Ma, Chen Kuan Tai, Sammo Kam-Bo Hung, Chen Zhi Hui, Damian Lau, Xiang Dong Xu</field>
	<field name="country">Hong Kong, China, Singapore</field>
	<field name="date_added">April 3, 2019</field>
	<field name="rating">R</field>
	<field name="duration">113 min</field>
	<field name="listed_in">Action & Adventure, International Movies</field>
	<field name="description">In the age of the Ming Dynasty, Quinglong is the best of the Jinyiwei, an elite assassin squad made up of highly trained former street urchins. When evil eunuch Jia unseats the emperor, Quinglong is called to action but is quickly betrayed.</field>
</item><item>
	<field name="show_id">70142918</field>
	<field name="title">Harriet the Spy: Blog Wars</field>
	<field name="director">Ron Oliver</field>
	<field name="cast">Jennifer Stone, Kristin Booth, Wesley Morgan, Doug Murray, Shauna MacDonald, Jason Blicker, Jayne Eastwood, Melinda Shankar, Alexander Conti, Vanessa Morgan</field>
	<field name="country">United States, Canada</field>
	<field name="date_added">April 15, 2018</field>
	<field name="rating">TV-G</field>
	<field name="duration">87 min</field>
	<field name="listed_in">Children & Family Movies, Comedies</field>
	<field name="description">Intrepid writer Harriet Welsch is determined to become the class blogger despite stiff competition from her snooty archrival.</field>
</item><item>
	<field name="show_id">70134539</field>
	<field name="title">Prince</field>
	<field name="director">Kookie V. Gulati</field>
	<field name="cast">Vivek Oberoi, Aruna Shields, Nandana Sen, Niroo Singh, Sanjay Kapoor, Rajesh Khattar, Dalip Tahil, Mayur Puri, Manish Ananad</field>
	<field name="country">India</field>
	<field name="date_added">April 1, 2018</field>
	<field name="rating">TV-14</field>
	<field name="duration">130 min</field>
	<field name="listed_in">Action & Adventure, International Movies</field>
	<field name="description">A thief commits the heist of his life, only to awaken the next morning with no memory. Now, he must race to find the missing loot.</field>
</item><item>
	<field name="show_id">70129457</field>
	<field name="title">Life 2.0</field>
	<field name="director">Jason Spingarn-Koff</field>
	<field name="cast">nan</field>
	<field name="country">United States</field>
	<field name="date_added">April 1, 2017</field>
	<field name="rating">NR</field>
	<field name="duration">99 min</field>
	<field name="listed_in">Documentaries</field>
	<field name="description">Computer users across the globe log onto the virtual world of Second Life. But some users' lives are dramatically consumed by this alternate reality.</field>
</item>