<item>
	<field name="show_id">70178604</field>
	<field name="title">Ancient Aliens</field>
	<field name="director">nan</field>
	<field name="cast">Robert Clotworthy</field>
	<field name="country">United States</field>
	<field name="date_added">September 17, 2019</field>
	<field name="rating">TV-PG</field>
	<field name="duration">1 Season</field>
	<field name="listed_in">Docuseries, Science & Nature TV</field>
	<field name="description">Were ancient humans really behind some of the most important technological advances in civilized history, or did they have extraterrestrial help?</field>
</item><item>
	<field name="show_id">70143865</field>
	<field name="title">Pawn Stars</field>
	<field name="director">nan</field>
	<field name="cast">Corey Harrison, Richard Harrison, Rick Harrison, Austin "Chumlee" Russell</field>
	<field name="country">United States</field>
	<field name="date_added">September 15, 2019</field>
	<field name="rating">TV-PG</field>
	<field name="duration">1 Season</field>
	<field name="listed_in">Reality TV</field>
	<field name="description">Father Richard Harrison, son Rick and grandson Corey appraise an array of strange objects brought into their Gold & Silver Pawn Shop in Las Vegas.</field>
</item><item>
	<field name="show_id">80111710</field>
	<field name="title">Lucky Days</field>
	<field name="director">nan</field>
	<field name="cast">Chris Wang, Tammy Chen, Fan Kuang-yao, Chen Bor Jeng, Lin Mei-hsiu, Ma Nien-hsien</field>
	<field name="country">China</field>
	<field name="date_added">September 1, 2016</field>
	<field name="rating">TV-14</field>
	<field name="duration">1 Season</field>
	<field name="listed_in">International TV Shows, Romantic TV Shows, TV Comedies</field>
	<field name="description">When laidback Ren, who is about to divorce his money-crazy wife, finds a time-traveling computer, he decides to use it to reboot his marriage.</field>
</item><item>
	<field name="show_id">70303289</field>
	<field name="title">The Fierce Wife</field>
	<field name="director">nan</field>
	<field name="cast">Sonia Sui, James Wen, Amanda Chu, Chris Wang, Karen Ying-Chen Hu, Patrick Lee, Janel Tsai, Li-li Pan, Fu Lei</field>
	<field name="country">Taiwan</field>
	<field name="date_added">September 1, 2016</field>
	<field name="rating">TV-14</field>
	<field name="duration">1 Season</field>
	<field name="listed_in">International TV Shows, Romantic TV Shows, TV Dramas</field>
	<field name="description">Beautiful housewife Xie An Zhen seems to be living the perfect life but finds her world crumbling after learning that her husband is cheating on her.</field>
</item><item>
	<field name="show_id">80111614</field>
	<field name="title">The Womanizer</field>
	<field name="director">nan</field>
	<field name="cast">Lan Cheng-lung, Sonia Sui, James Wen, Bianca Bai, George Chang, Chung Hsin-ling, Tzu-chiang Chao, Xiao Xiao Bin</field>
	<field name="country">China</field>
	<field name="date_added">September 1, 2016</field>
	<field name="rating">TV-PG</field>
	<field name="duration">1 Season</field>
	<field name="listed_in">International TV Shows, Romantic TV Shows, TV Comedies</field>
	<field name="description">Libertine He-jie finds himself torn between the lovely Amanda and fiery Xiao-qian. But now he faces a new problem: arrogant rival suitor Cheng-en.</field>
</item><item>
	<field name="show_id">81104406</field>
	<field name="title">Maid-Sama!</field>
	<field name="director">nan</field>
	<field name="cast">Ayumi Fujimura, Nobuhiko Okamoto, Kazuyoshi Shiibashi, Kana Hanazawa, Yu Kobayashi, Mitsuhiro Ichiki, Takuma Terashima, Yoshimasa Hosoya</field>
	<field name="country">Japan</field>
	<field name="date_added">November 1, 2019</field>
	<field name="rating">TV-14</field>
	<field name="duration">1 Season</field>
	<field name="listed_in">Anime Series, Romantic TV Shows</field>
	<field name="description">To keep the boys in line, student council president Misaki runs the school with an iron fist – while secretly working as a waitress at a maid café.</field>
</item><item>
	<field name="show_id">80157276</field>
	<field name="title">The Family Court</field>
	<field name="director">nan</field>
	<field name="cast">Tay Ping Hui, Qi Yu Wu, Chris Tong, Yao Wenlong, Eelyn Kok, Hong Hui Fang, Ann Kok</field>
	<field name="country">nan</field>
	<field name="date_added">November 1, 2017</field>
	<field name="rating">TV-MA</field>
	<field name="duration">1 Season</field>
	<field name="listed_in">International TV Shows, TV Dramas</field>
	<field name="description">Five lawyers from different firms develop a strong bond of friendship that is occasionally tested by their court cases and growing romantic feelings.</field>
</item><item>
	<field name="show_id">80121973</field>
	<field name="title">Behzat Ç.</field>
	<field name="director">nan</field>
	<field name="cast">Erdal Beşikçioğlu, Fatih Artman, İnanç Konukçu, Seda Bakan, Berkan Şal, Ayça Eren, Berke Üzrek, Canan Ergüder, Ege Aydan, Eray Eserol, Hakan Hatipoğlu</field>
	<field name="country">Turkey</field>
	<field name="date_added">May 19, 2017</field>
	<field name="rating">TV-MA</field>
	<field name="duration">1 Season</field>
	<field name="listed_in">Crime TV Shows, International TV Shows, TV Dramas</field>
	<field name="description">An Ankara homicide detective with a dark personal life and a disdain for rules and political correctness solves murders and fights police corruption.</field>
</item><item>
	<field name="show_id">80047200</field>
	<field name="title">El Clon</field>
	<field name="director">nan</field>
	<field name="cast">Mauricio Ochmann, Sandra Echeverría, Saúl Lisazo, Roberto Moll, Geraldine Zivic, Andrea López, Juan Pablo Raba, Daniel Lugo</field>
	<field name="country">United States</field>
	<field name="date_added">May 18, 2017</field>
	<field name="rating">TV-14</field>
	<field name="duration">1 Season</field>
	<field name="listed_in">Romantic TV Shows, Spanish-Language TV Shows, TV Dramas</field>
	<field name="description">Religion thwarted Lucas and Jade's young love. They reunite decades later, but Jade's heart is torn between the man she knew and his younger clone.</field>
</item><item>
	<field name="show_id">70287630</field>
	<field name="title">The Jungle Book</field>
	<field name="director">nan</field>
	<field name="cast">Emma Tate, Jimmy Hibbert, Sam Gold, David Holt, Joseph J. Terry</field>
	<field name="country">India, Germany, France</field>
	<field name="date_added">May 11, 2019</field>
	<field name="rating">TV-Y7</field>
	<field name="duration">1 Season</field>
	<field name="listed_in">Kids' TV</field>
	<field name="description">This animated series follows young Mowgli and his animal mentors Bagheera and Baloo, who do their best to protect him from fierce tiger Shere Khan.</field>
</item><item>
	<field name="show_id">80234795</field>
	<field name="title">Rishta.com</field>
	<field name="director">nan</field>
	<field name="cast">Shruti Seth, Kavi Shastri, Siddhant Karnick, Kavin Dave</field>
	<field name="country">India</field>
	<field name="date_added">March 15, 2018</field>
	<field name="rating">TV-14</field>
	<field name="duration">1 Season</field>
	<field name="listed_in">International TV Shows, Romantic TV Shows, TV Comedies</field>
	<field name="description">Partners at an Indian matrimonial agency face endlessly challenging and often impossible demands as they help clients make the perfect match.</field>
</item><item>
	<field name="show_id">80094387</field>
	<field name="title">A Man Called God</field>
	<field name="director">nan</field>
	<field name="cast">Song Il-gook, Han Chae-young, Kim Min-jong, Go Eun Han, Jung Hoon Lee, Nam Da-Reum, Yoo In-young</field>
	<field name="country">South Korea</field>
	<field name="date_added">March 12, 2019</field>
	<field name="rating">TV-MA</field>
	<field name="duration">1 Season</field>
	<field name="listed_in">Crime TV Shows, International TV Shows, Korean TV Shows</field>
	<field name="description">Raised in America, government agent Choi Kang-Ta returns to Korea with the skills of an assassin and a thirst for revenge on his father’s killers.</field>
</item><item>
	<field name="show_id">80235325</field>
	<field name="title">Mahi Way</field>
	<field name="director">nan</field>
	<field name="cast">Pushtii Shakti, Viraf Patel, Siddhant Karnick, Monica Khanna, Amrita Raichand, Suparna Marwah, Mark Farokh Parekh</field>
	<field name="country">India</field>
	<field name="date_added">March 1, 2018</field>
	<field name="rating">TV-14</field>
	<field name="duration">1 Season</field>
	<field name="listed_in">International TV Shows, TV Comedies</field>
	<field name="description">Though worried she's doomed to be single forever, Mahi embraces her vivacious and creative nature while working to tame her inner critic.</field>
</item><item>
	<field name="show_id">80121845</field>
	<field name="title">Love Is in the Air</field>
	<field name="director">nan</field>
	<field name="cast">Murat Ünalmış, Birce Akalay, Selen Soyder, Erman Okay, Kanbolat Gorkem Arslan, Levent Yilmaz, Aysegül Günay, Selma Kutluğ, Ulvi Alacakaptan, İpek Erdem, Yilmaz Calayir, Isil Yücesoy</field>
	<field name="country">nan</field>
	<field name="date_added">March 1, 2017</field>
	<field name="rating">TV-PG</field>
	<field name="duration">1 Season</field>
	<field name="listed_in">International TV Shows, TV Dramas</field>
	<field name="description">Toprak, who lost her baby, is hired as a wet nurse for wealthy Yusuf's motherless son. Yusuf is drawn to Toprak, but also to her scheming sister.</field>
</item><item>
	<field name="show_id">70201870</field>
	<field name="title">Angel Beats!</field>
	<field name="director">nan</field>
	<field name="cast">Hiroshi Kamiya, Harumi Sakurai, Kana Hanazawa, Eri Kitamura, Ryohei Kimura, Takahiro Mizushima, Shun Takagi, Fuko Saito, Yui Makino, Hiro Masuda, Michael Rivas, Eiichiro Tokumoto, Yumiko Kobayashi, Hiroki Touchi, Miyuki Sawashiro, Chie Matsuura, Kana Asumi, Emiri Kato</field>
	<field name="country">Japan</field>
	<field name="date_added">July 15, 2019</field>
	<field name="rating">TV-14</field>
	<field name="duration">1 Season</field>
	<field name="listed_in">Anime Series, International TV Shows</field>
	<field name="description">In a high school that's a way station to the afterlife, a teenager gets caught up in the battle for the rights of those in this purgatorial world.</field>
</item><item>
	<field name="show_id">80156992</field>
	<field name="title">Breakout</field>
	<field name="director">nan</field>
	<field name="cast">Jeanette Aw, Elvin Ng, Zhou Ying, Christopher Lee, Dai Xiangyu, Guo Liang</field>
	<field name="country">nan</field>
	<field name="date_added">July 1, 2017</field>
	<field name="rating">TV-14</field>
	<field name="duration">1 Season</field>
	<field name="listed_in">International TV Shows, TV Dramas</field>
	<field name="description">After losing her family in a suspicious car crash, a woman awakens from a 13-year coma determined to expose the truth about the long-ago tragedy.</field>
</item><item>
	<field name="show_id">70205712</field>
	<field name="title">La Rosa de Guadalupe</field>
	<field name="director">nan</field>
	<field name="cast">Milia Nader, Francisco Avendaño, Diego Lara, Sandra Itzel, Marisol del Olmo, Aleyda Gallardo, Gerardo Murguía, Roxana Saucedo, Emmanuel Orenday, Maru Dueñas</field>
	<field name="country">Mexico</field>
	<field name="date_added">January 15, 2019</field>
	<field name="rating">TV-PG</field>
	<field name="duration">1 Season</field>
	<field name="listed_in">Classic & Cult TV, Crime TV Shows, International TV Shows</field>
	<field name="description">This series responds to the need to believe in miracles, dreams, love stories and happy endings, with positive characters.</field>
</item><item>
	<field name="show_id">80235135</field>
	<field name="title">Powder</field>
	<field name="director">nan</field>
	<field name="cast">Manish Chaudhary, Pankaj Tripathi, Geetika Tyagi, Rahul Bagga</field>
	<field name="country">India</field>
	<field name="date_added">February 15, 2018</field>
	<field name="rating">TV-14</field>
	<field name="duration">1 Season</field>
	<field name="listed_in">Crime TV Shows, International TV Shows, TV Dramas</field>
	<field name="description">Two men who grew up in Mumbai's slums are drawn into the city's brutal narcotics trade, where they fight on opposite sides of the law.</field>
</item><item>
	<field name="show_id">81063028</field>
	<field name="title">Beast Legends</field>
	<field name="director">nan</field>
	<field name="cast">Steve Leonard, Francis Manapul, Kathryn Denning, Scott Edwards, Mike Paixao</field>
	<field name="country">Canada</field>
	<field name="date_added">February 1, 2019</field>
	<field name="rating">TV-PG</field>
	<field name="duration">1 Season</field>
	<field name="listed_in">Docuseries</field>
	<field name="description">A diverse crew of experts dive deep into the origin stories of mythological monsters before building replicas of the creatures using 3D CGI technology.</field>
</item><item>
	<field name="show_id">70236010</field>
	<field name="title">Teresa</field>
	<field name="director">nan</field>
	<field name="cast">Angelique Boyer, Sebastián Rulli, Aarón Díaz, Cynthia Klitbo, Ana Brenda Contreras, Daniel Arenas, Margarita Magaña, Manuel Landeta, Felicia Mercado, Silvia Mariscal</field>
	<field name="country">Mexico</field>
	<field name="date_added">December 31, 2017</field>
	<field name="rating">TV-PG</field>
	<field name="duration">1 Season</field>
	<field name="listed_in">International TV Shows, Romantic TV Shows, Spanish-Language TV Shows</field>
	<field name="description">We all want so much more than we have, but how far are we willing to go to get it?</field>
</item><item>
	<field name="show_id">70264416</field>
	<field name="title">Stoked</field>
	<field name="director">nan</field>
	<field name="cast">Terry McGurrin, Katie Crown, Kristin Fairlie, Mazin Elsadig, Anastasia Phillips, Arnold Pinnock, Jamie Spilchuk, Lauren Lipson, Fiona Reid, Jeff Geddis</field>
	<field name="country">United States, Canada</field>
	<field name="date_added">December 16, 2017</field>
	<field name="rating">TV-PG</field>
	<field name="duration">1 Season</field>
	<field name="listed_in">Kids' TV</field>
	<field name="description">Six teenage groms come together one summer to share a dream: to work at the world-renowned Surfer's Paradise Resort on the legendary Sunset Island.</field>
</item><item>
	<field name="show_id">81235603</field>
	<field name="title">Sym-Bionic Titan</field>
	<field name="director">nan</field>
	<field name="cast">Tara Strong, Kevin Thoms, Brian Posehn, John DiMaggio, Tim Russ, Don Leslie, Kari Wahlgren</field>
	<field name="country">United States</field>
	<field name="date_added">December 15, 2019</field>
	<field name="rating">TV-PG</field>
	<field name="duration">1 Season</field>
	<field name="listed_in">Kids' TV</field>
	<field name="description">Aliens fleeing their planet land on Earth, pose as teenagers and fight off mutant space monsters by joining forces to become a powerful giant robot.</field>
</item><item>
	<field name="show_id">70204955</field>
	<field name="title">Black Butler</field>
	<field name="director">nan</field>
	<field name="cast">Daisuke Ono, Maaya Sakamoto, Hiroki Touchi, Yuki Kaji, Emiri Kato, Koji Yusa, Shunji Fujimura, Yukari Tamura, Romi Park, Jun Fukuyama</field>
	<field name="country">Japan</field>
	<field name="date_added">December 1, 2018</field>
	<field name="rating">TV-14</field>
	<field name="duration">1 Season</field>
	<field name="listed_in">Anime Series, International TV Shows</field>
	<field name="description">In Victorian London, 12-year-old business magnate Ciel Phantomhive thwarts dangers to the queen as he's watched over by his demon butler, Sebastian.</field>
</item><item>
	<field name="show_id">80216237</field>
	<field name="title">The Jaime Maussan Show</field>
	<field name="director">nan</field>
	<field name="cast">Jaime Maussan</field>
	<field name="country">United States</field>
	<field name="date_added">December 1, 2017</field>
	<field name="rating">TV-PG</field>
	<field name="duration">1 Season</field>
	<field name="listed_in">Docuseries, International TV Shows, Spanish-Language TV Shows</field>
	<field name="description">Mexican journalist and UFO investigator Jaime Maussan travels the world collecting evidence and firsthand accounts of extraterrestrial phenomena.</field>
</item><item>
	<field name="show_id">80035689</field>
	<field name="title">El Cartel 2</field>
	<field name="director">nan</field>
	<field name="cast">Diego Cadavid, Robinson Díaz, Patricia Manterola, Carolina Guerra, John Álex Toro, Luis Eduardo Arango, Alejandro Martínez, Juan Sebastián Aragón, Víctor Mallarino, Santiago Moure, Carlos Echavarría, John Gertz</field>
	<field name="country">Colombia</field>
	<field name="date_added">August 24, 2018</field>
	<field name="rating">TV-MA</field>
	<field name="duration">1 Season</field>
	<field name="listed_in">Crime TV Shows, International TV Shows, Spanish-Language TV Shows</field>
	<field name="description">Drug trafficker Pepe Cadena navigates the treacherous waters of warring cartels in Mexico and Colombia while avoiding capture by the DEA and police.</field>
</item><item>
	<field name="show_id">80136453</field>
	<field name="title">Glowing Embers</field>
	<field name="director">nan</field>
	<field name="cast">Henley Hii, Debbie Goh, Frederick Lee, Wymen Yang, Melvin Sia, Alvin Wong</field>
	<field name="country">nan</field>
	<field name="date_added">August 14, 2017</field>
	<field name="rating">TV-14</field>
	<field name="duration">1 Season</field>
	<field name="listed_in">International TV Shows, TV Dramas</field>
	<field name="description">Amid Malaysia's charcoal industry, a woman deftly adapts to her environs as she juggles three men in her life: her husband, her lover and her friend.</field>
</item><item>
	<field name="show_id">80154638</field>
	<field name="title">President</field>
	<field name="director">nan</field>
	<field name="cast">Su-jong Choi, Hee-Ra Ha, Jay Kim, Ji-hye Wang, Shin-il Kang</field>
	<field name="country">South Korea</field>
	<field name="date_added">April 28, 2017</field>
	<field name="rating">TV-14</field>
	<field name="duration">1 Season</field>
	<field name="listed_in">International TV Shows, Korean TV Shows, TV Dramas</field>
	<field name="description">An ambitious, talented politician embarks on an intense journey toward winning the presidency while juggling his complicated family affairs.</field>
</item><item>
	<field name="show_id">70205713</field>
	<field name="title">Rosario Tijeras</field>
	<field name="director">nan</field>
	<field name="cast">María Fernanda Yépez, Andrés Sandoval, Sebastian Martinez, Adriana Arango, Juan Felipe Barrientos, Héctor García</field>
	<field name="country">Colombia</field>
	<field name="date_added">April 15, 2017</field>
	<field name="rating">TV-14</field>
	<field name="duration">1 Season</field>
	<field name="listed_in">Crime TV Shows, International TV Shows, Spanish-Language TV Shows</field>
	<field name="description">This is Rosario's story, a girl born and raised in the city slums who becomes a legend in her own time in spite of her humble upbringing.</field>
</item><item>
	<field name="show_id">70266998</field>
	<field name="title">Fairy Tail</field>
	<field name="director">nan</field>
	<field name="cast">Tetsuya Kakihara, Aya Hirano, Rie Kugimiya, Yuichi Nakamura, Sayaka Ohara, Satomi Sato, Yui Horie, Hiroki Yasumoto, Ryoko Ono, Hiroki Touchi, Shinpachi Tsuji, Wataru Hatano, Mai Nakahara, Katsuyuki Konishi, Eri Kitamura, Todd Haberkorn, Cherami Leigh, Tia Lynn Ballard, Newton Pittman, Colleen Clinkenbeard, Brittney Karbowski, Jad Saxton, Christopher R. Sabat, Monica Rial, Rick Keeling, R. Bruce Elliott, David Wald, Brina Palencia, Patrick Seitz, Jamie Marchi</field>
	<field name="country">Japan</field>
	<field name="date_added">April 1, 2017</field>
	<field name="rating">TV-14</field>
	<field name="duration">1 Season</field>
	<field name="listed_in">Anime Series, International TV Shows</field>
	<field name="description">When four young wizards team up to take jobs across the kingdom, they forge a bond more powerful than any magic and grow stronger with every mission.</field>
</item><item>
	<field name="show_id">80136784</field>
	<field name="title">The Adjusters</field>
	<field name="director">nan</field>
	<field name="cast">Rynn Lim, Chris Tong, Aric Ho, Chan Fong</field>
	<field name="country">nan</field>
	<field name="date_added"> September 18, 2017</field>
	<field name="rating">TV-14</field>
	<field name="duration">2 Seasons</field>
	<field name="listed_in">International TV Shows, TV Dramas</field>
	<field name="description">An insurance adjuster investigates cases of possible fraud while hiding a romance with a colleague, unaware that someone he trusts is toying with him.</field>
</item><item>
	<field name="show_id">80003477</field>
	<field name="title">K-On!</field>
	<field name="director">nan</field>
	<field name="cast">Aki Toyosaki, Ayana Taketatsu, Chika Fujito, Madoka Yonezawa, Minako Kotobuki, Satomi Sato, Yoko Hikasa</field>
	<field name="country">Japan</field>
	<field name="date_added"> November 15, 2019</field>
	<field name="rating">TV-PG</field>
	<field name="duration">2 Seasons</field>
	<field name="listed_in">Anime Series, Teen TV Shows</field>
	<field name="description">When they're not gorging themselves on sugary snacks, four aspiring high school musicians crank out catchy tunes as members of the Light Music Club.</field>
</item><item>
	<field name="show_id">80144588</field>
	<field name="title">Women Behind Bars</field>
	<field name="director">nan</field>
	<field name="cast">nan</field>
	<field name="country">United States</field>
	<field name="date_added"> November 1, 2016</field>
	<field name="rating">TV-14</field>
	<field name="duration">3 Seasons</field>
	<field name="listed_in">Crime TV Shows, Docuseries</field>
	<field name="description">This reality series recounts true stories of women who have been convicted for murder, including an in-depth examination of each crime.</field>
</item><item>
	<field name="show_id">70136129</field>
	<field name="title">The Tudors</field>
	<field name="director">nan</field>
	<field name="cast">Jonathan Rhys Meyers, Henry Cavill, James Frain, Anthony Brophy, Guy Carleton, Sarah Bolger, Natalie Dormer, Max Brown, Nick Dunning, Rod Hallett, Maria Doyle Kennedy, Simon Ward</field>
	<field name="country">Ireland, Canada, United States, United Kingdom</field>
	<field name="date_added"> January 8, 2018</field>
	<field name="rating">TV-MA</field>
	<field name="duration">4 Seasons</field>
	<field name="listed_in">TV Dramas</field>
	<field name="description">All the splendor and scandal of England's 16th-century royal court comes to life in this series that follows notorious Tudor monarch Henry VIII.</field>
</item><item>
	<field name="show_id">70204981</field>
	<field name="title">Fullmetal Alchemist: Brotherhood</field>
	<field name="director">Yasuhiro Irie</field>
	<field name="cast">Romi Park, Rie Kugimiya, Megumi Takamoto, Shinichiro Miki, Fumiko Orikasa, Kenji Utsumi, Keiji Fujiwara, Yuji Ueda, Biichi Sato, Tetsuya Kakihara, Kenji Hamada, Kaori Nazuka, Hidekatsu Shibata, Kenta Miyake, Kikuko Inoue, Tetsu Shiratori, Minami Takayama, Hiroyuki Yoshino, Yoko Soumi, Kazuya Nakai, Ryuzaburo Otomo</field>
	<field name="country">Japan</field>
	<field name="date_added"> January 1, 2018</field>
	<field name="rating">TV-14</field>
	<field name="duration">5 Seasons</field>
	<field name="listed_in">Anime Series, International TV Shows</field>
	<field name="description">After both suffer physical damage – brothers Edward and Alphonse battle nefarious forces to try to reclaim their bodies in this supernatural anime.</field>
</item><item>
	<field name="show_id">70157196</field>
	<field name="title">The Inbetweeners</field>
	<field name="director">nan</field>
	<field name="cast">Simon Bird, James Buckley, Blake Harrison, Joe Thomas, Greg Davies, Emily Head, Martin Trenaman, Belinda Stewart-Wilson, Robin Weaver, Henry Lloyd-Hughes</field>
	<field name="country">United Kingdom</field>
	<field name="date_added"> January 1, 2018</field>
	<field name="rating">TV-MA</field>
	<field name="duration">3 Seasons</field>
	<field name="listed_in">British TV Shows, TV Comedies</field>
	<field name="description">This rib-tickling series follows four English lads as they try – and fail spectacularly – to navigate the wretched no-man's land of adolescence.</field>
</item><item>
	<field name="show_id">70184128</field>
	<field name="title">Mighty Morphin Power Rangers</field>
	<field name="director">nan</field>
	<field name="cast">Austin St. John, Thuy Trang, Walter Jones, Amy Jo Johnson, David Yost, Jason David Frank, Johnny Yong Bosch, Karan Ashley, Steve Cardenas, Catherine Sutherland, Paul Schrier, Jason Narvy, David Fielding, Richard Steven Horvitz, Barbara Goodson</field>
	<field name="country">United States, Japan</field>
	<field name="date_added"> January 1, 2016</field>
	<field name="rating">TV-Y7-FV</field>
	<field name="duration">4 Seasons</field>
	<field name="listed_in">Kids' TV</field>
	<field name="description">Five average teens are chosen by an intergalactic wizard to become the Power Rangers, who must use their new powers to fight the evil Rita Repulsa.</field>
</item><item>
	<field name="show_id">80136456</field>
	<field name="title">Age of Glory</field>
	<field name="director">nan</field>
	<field name="cast">Debbie Goh, Aenie Wong, Frederick Lee, Leslie Chai</field>
	<field name="country">nan</field>
	<field name="date_added"> August 14, 2017</field>
	<field name="rating">TV-PG</field>
	<field name="duration">2 Seasons</field>
	<field name="listed_in">International TV Shows, Romantic TV Shows, TV Dramas</field>
	<field name="description">Amid the thriving nightlife of 1960s Kuala Lumpur, three Chinese friends – a showgirl, her housekeeper and a chanteuse – find love and heartbreak.</field>
</item><item>
	<field name="show_id">80159925</field>
	<field name="title">Kikoriki</field>
	<field name="director">nan</field>
	<field name="cast">Igor Dmitriev</field>
	<field name="country">nan</field>
	<field name="date_added">nan</field>
	<field name="rating">TV-Y</field>
	<field name="duration">2 Seasons</field>
	<field name="listed_in">Kids' TV</field>
	<field name="description">A wacky rabbit and his gang of animal pals have fun solving problems, sharing stories and exploring their sometimes magical, always special world.</field>
</item>