<item>
	<field name="show_id">80119193</field>
	<field name="title">Thunderbolt</field>
	<field name="director">William Wyler, John Sturges</field>
	<field name="cast">James Stewart, Lloyd Bridges</field>
	<field name="country">United States</field>
	<field name="date_added">March 31, 2017</field>
	<field name="rating">TV-14</field>
	<field name="duration">42 min</field>
	<field name="listed_in">Classic Movies, Documentaries</field>
	<field name="description">A P-47 Thunderbolt squadron is shown in preparation, at play and in bombing raids aiming to halt Nazi supply lines and aid Allied ground troops.</field>
</item>