<item>
	<field name="show_id">60034929</field>
	<field name="title">She's Gotta Have It</field>
	<field name="director">Spike Lee</field>
	<field name="cast">Tracy Camilla Johns, Tommy Redmond Hicks, John Canada Terrell, Spike Lee, Raye Dowell, Joie Lee, S. Epatha Merkerson, Bill Lee, Cheryl Burr, Aaron Dugger</field>
	<field name="country">United States</field>
	<field name="date_added">September 1, 2017</field>
	<field name="rating">R</field>
	<field name="duration">84 min</field>
	<field name="listed_in">Classic Movies, Comedies, Independent Movies</field>
	<field name="description">A free-spirited woman can't choose between a trio of ill-suited suitors: relationship-minded Jamie, shallow male model Greer and bike messenger Mars.</field>
</item><item>
	<field name="show_id">70206816</field>
	<field name="title">Adam: His Song Continues</field>
	<field name="director">Robert Markowitz</field>
	<field name="cast">Daniel J. Travanti, JoBeth Williams, Richard Masur, Martha Scott, Paul Regina</field>
	<field name="country">United States</field>
	<field name="date_added">October 1, 2011</field>
	<field name="rating">NR</field>
	<field name="duration">96 min</field>
	<field name="listed_in">Dramas</field>
	<field name="description">After their child was abducted and murdered, John and Reve Walsh fought to raise national awareness of the problem of missing children.</field>
</item><item>
	<field name="show_id">60022914</field>
	<field name="title">Hard Lessons</field>
	<field name="director">Eric Laneuville</field>
	<field name="cast">Denzel Washington, Lynn Whitfield, Richard Masur, Akosua Busia</field>
	<field name="country">United States</field>
	<field name="date_added">October 1, 2011</field>
	<field name="rating">NR</field>
	<field name="duration">94 min</field>
	<field name="listed_in">Dramas</field>
	<field name="description">This drama based on real-life events tells the story of George McKenna, the tough, determined new principal of a notorious Los Angeles high school.</field>
</item><item>
	<field name="show_id">498716</field>
	<field name="title">Ferris Bueller's Day Off</field>
	<field name="director">John Hughes</field>
	<field name="cast">Matthew Broderick, Alan Ruck, Mia Sara, Jeffrey Jones, Jennifer Grey, Cindy Pickett, Lyman Ward, Edie McClurg, Charlie Sheen, Kristy Swanson, Ben Stein, Del Close</field>
	<field name="country">United States</field>
	<field name="date_added">January 3, 2020</field>
	<field name="rating">PG-13</field>
	<field name="duration">103 min</field>
	<field name="listed_in">Classic Movies, Comedies, Cult Movies</field>
	<field name="description">Ferris convinces his entire school he's at death's door, then hits the streets of Chicago with his girlfriend and best friend for a day of fun.</field>
</item><item>
	<field name="show_id">80156940</field>
	<field name="title">Pyar Ke Do Pal</field>
	<field name="director">Rajiv Mehra</field>
	<field name="cast">Mithun Chakraborty, Jayapradha, Simple Kapadia, Krishan Dhawan, Jagdeep, Bindu, Satyendra Kapoor, Shubha Khote, Amrit Pal, Lalita Pawar</field>
	<field name="country">India</field>
	<field name="date_added">January 15, 2018</field>
	<field name="rating">TV-PG</field>
	<field name="duration">153 min</field>
	<field name="listed_in">Dramas, International Movies, Music & Musicals</field>
	<field name="description">Twins separated by a court order meet at camp and decide to reunite their parents, unaware of the dark secret that drove them apart years before.</field>
</item><item>
	<field name="show_id">80157086</field>
	<field name="title">Jaal</field>
	<field name="director">Umesh Mehra</field>
	<field name="cast">Jeetendra, Mithun Chakraborty, Rekha, Mandakini, Moon Moon Sen, Vinod Mehra, Tanuja, Amrit Pal</field>
	<field name="country">India</field>
	<field name="date_added">December 8, 2017</field>
	<field name="rating">TV-MA</field>
	<field name="duration">162 min</field>
	<field name="listed_in">Action & Adventure, International Movies</field>
	<field name="description">When a mysterious woman hires Shankar to spy on a family, he must determine how his own father's abandonment figures into the situation.</field>
</item><item>
	<field name="show_id">80039662</field>
	<field name="title">Martial Arts of Shaolin</field>
	<field name="director">Chia-Liang Liu</field>
	<field name="cast">Jet Li, Jianqiang Hu, Qiuyan Huang, Qingfu Pan, Yu Chenghui, Yu Hai, Jianwen Zhang</field>
	<field name="country">Hong Kong, China</field>
	<field name="date_added">August 16, 2018</field>
	<field name="rating">TV-MA</field>
	<field name="duration">90 min</field>
	<field name="listed_in">Action & Adventure, International Movies</field>
	<field name="description">In ancient China, Zhi Ming trains at the legendary Northern Shaolin temple to avenge the death of his father at the hands of a nefarious magistrate.</field>
</item><item>
	<field name="show_id">60010082</field>
	<field name="title">An American Tail</field>
	<field name="director">Don Bluth</field>
	<field name="cast">Erica Yohn, Nehemiah Persoff, Amy Green, Phillip Glasser, Christopher Plummer, John Finnegan, Will Ryan, Hal Smith, Dom DeLuise, Madeline Kahn</field>
	<field name="country">United States</field>
	<field name="date_added">April 1, 2018</field>
	<field name="rating">G</field>
	<field name="duration">80 min</field>
	<field name="listed_in">Children & Family Movies</field>
	<field name="description">Fievel, a young Russian mouse, immigrates to America and must make his own way in the strange and sometimes perilous new world.</field>
</item>