<item>
	<field name="show_id">70202600</field>
	<field name="title">Shaka Zulu</field>
	<field name="director">nan</field>
	<field name="cast">Edward Fox, Robert Powell, Trevor Howard, Fiona Fullerton, Christopher Lee, Henry Cele, Dudu Mkhize, Roy Dotrice, Gordon Jackson, Kenneth Griffith, Conrad Magwaza, Patrick Ndlovu, Roland Mqwebu, Gugu Nxumalo, Tu Nokwe</field>
	<field name="country">Italy, South Africa, West Germany, Australia, United States</field>
	<field name="date_added">January 10, 2019</field>
	<field name="rating">TV-14</field>
	<field name="duration">1 Season</field>
	<field name="listed_in">TV Dramas</field>
	<field name="description">This miniseries recounts the early 19th-century conflict between the expanding British Empire in Africa and Shaka, the leader of the vast Zulu Nation.</field>
</item><item>
	<field name="show_id">70267476</field>
	<field name="title">Saint Seiya</field>
	<field name="director">nan</field>
	<field name="cast">Toru Furuya, Hirotaka Suzuoki, Ryo Horikawa, Koichi Hashimoto, Hideyuki Hori, Keiko Han, Yuriko Yamamoto, Kohei Miyauchi, Mami Koyama</field>
	<field name="country">Japan</field>
	<field name="date_added"> January 1, 2020</field>
	<field name="rating">TV-PG</field>
	<field name="duration">3 Seasons</field>
	<field name="listed_in">Anime Series</field>
	<field name="description">A band of young warriors in magical armor vow to defend the reincarnation of Greek goddess Athena against evil forces and to return her to the throne.</field>
</item>