<item>
	<field name="show_id">449931</field>
	<field name="title">Doctor Zhivago</field>
	<field name="director">David Lean</field>
	<field name="cast">Omar Sharif, Julie Christie, Geraldine Chaplin, Rod Steiger, Alec Guinness, Tom Courtenay, Siobhan McKenna, Ralph Richardson, Jeffrey Rockland</field>
	<field name="country">United States, Italy, United Kingdom, Liechtenstein</field>
	<field name="date_added">November 1, 2019</field>
	<field name="rating">PG-13</field>
	<field name="duration">200 min</field>
	<field name="listed_in">Classic Movies, Dramas, Romantic Movies</field>
	<field name="description">A young physician and his beautiful mistress get swept up in the danger and drama of the Bolshevik Revolution in this Oscar-winning epic.</field>
</item><item>
	<field name="show_id">70031779</field>
	<field name="title">The Cincinnati Kid</field>
	<field name="director">Norman Jewison</field>
	<field name="cast">Steve McQueen, Edward G. Robinson, Ann-Margret, Karl Malden, Tuesday Weld, Joan Blondell, Rip Torn, Jack Weston, Cab Calloway, Jeff Corey, Theo Marcuse</field>
	<field name="country">United States</field>
	<field name="date_added">November 1, 2019</field>
	<field name="rating">TV-14</field>
	<field name="duration">103 min</field>
	<field name="listed_in">Classic Movies, Dramas</field>
	<field name="description">In Depression-era New Orleans, cocksure stud poker player Eric Stoner – the titular Cincinnati Kid – challenges longtime champ Lancey "The Man" Howard to a showdown at the table, where a war of wills – and nerve – ensues.</field>
</item>