<item>
	<field name="show_id">80158390</field>
	<field name="title">Amrapali</field>
	<field name="director">Lekh Tandon</field>
	<field name="cast">Vyjayantimala, Sunil Dutt, Prem Nath, Bipin Gupta, Gajanan Jagirdar, Zul Vellani, K.N. Singh, Randhir</field>
	<field name="country">India</field>
	<field name="date_added">July 1, 2017</field>
	<field name="rating">TV-PG</field>
	<field name="duration">116 min</field>
	<field name="listed_in">Dramas, International Movies, Music & Musicals</field>
	<field name="description">In the age of Buddha and his philosophy of nonviolence, a warmonger king plots the destruction of an enemy kingdom to rescue the woman he loves.</field>
</item>