<item>
	<field name="show_id">20254278</field>
	<field name="title">Aakhri Adaalat</field>
	<field name="director">Rajiv Mehra</field>
	<field name="cast">Vinod Khanna, Dimple Kapadia, Jackie Shroff, Sonam, Vinod Mehra, Shafi Inamdar, Gulshan Grover, Roopesh Kumar</field>
	<field name="country">India</field>
	<field name="date_added">September 1, 2017</field>
	<field name="rating">TV-14</field>
	<field name="duration">148 min</field>
	<field name="listed_in">Action & Adventure, International Movies</field>
	<field name="description">An intrepid police inspector forced into a desk job must take matters into his own hands when ruthless criminals are released on a technicality.</field>
</item><item>
	<field name="show_id">70206821</field>
	<field name="title">A Stoning in Fulham County</field>
	<field name="director">Larry Elikann</field>
	<field name="cast">Ken Olin, Jill Eikenberry, Maureen Mueller, Gregg Henry, Nicholas Pryor, Noble Willingham, Peter Michael Goetz, Ron Perlman, Theodore Bikel, Olivia Burnette, Bill Allen, Brad Pitt</field>
	<field name="country">United States</field>
	<field name="date_added">October 1, 2011</field>
	<field name="rating">NR</field>
	<field name="duration">95 min</field>
	<field name="listed_in">Dramas</field>
	<field name="description">After reckless teens kill an Amish child, a prosecutor attempts to bring the youths to justice despite the condemnation he faces from the community.</field>
</item><item>
	<field name="show_id">70206819</field>
	<field name="title">Quiet Victory: The Charlie Wedemeyer Story</field>
	<field name="director">Roy Campanella II</field>
	<field name="cast">Pam Dawber, Michael Nouri, Bess Meyer, Peter Berg, James Handy, Kyle Chandler</field>
	<field name="country">United States</field>
	<field name="date_added">October 1, 2011</field>
	<field name="rating">TV-PG</field>
	<field name="duration">93 min</field>
	<field name="listed_in">Dramas, Sports Movies</field>
	<field name="description">When high school football coach Charlie Wedemeyer is diagnosed with Lou Gehrig's disease, he perseveres in leading his team despite becoming disabled.</field>
</item><item>
	<field name="show_id">70206823</field>
	<field name="title">Too Young the Hero</field>
	<field name="director">Buzz Kulik</field>
	<field name="cast">Ricky Schroder, Jon DeVries, Debra Mooney, Mary-Louise Parker, Christopher Curry, Rick Warner, Tom Wood</field>
	<field name="country">United States</field>
	<field name="date_added">October 1, 2011</field>
	<field name="rating">NR</field>
	<field name="duration">94 min</field>
	<field name="listed_in">Dramas</field>
	<field name="description">Twelve-year-old Calvin manages to join the navy and serves in the battle of Guadalcanal. But when his age is revealed, the boy is sent to the brig.</field>
</item><item>
	<field name="show_id">60003961</field>
	<field name="title">Thelonious Monk: Straight, No Chaser</field>
	<field name="director">Charlotte Zwerin</field>
	<field name="cast">Thelonious Monk, Samuel E. Wright</field>
	<field name="country">United States</field>
	<field name="date_added">November 1, 2019</field>
	<field name="rating">PG-13</field>
	<field name="duration">89 min</field>
	<field name="listed_in">Documentaries, Music & Musicals</field>
	<field name="description">The spotlight shines on iconic jazz pianist and composer Thelonious Monk in this 1988 documentary featuring vintage performance clips and interviews.</field>
</item><item>
	<field name="show_id">60029369</field>
	<field name="title">Rain Man</field>
	<field name="director">Barry Levinson</field>
	<field name="cast">Dustin Hoffman, Tom Cruise, Valeria Golino, Gerald R. Molen, Jack Murdock, Michael D. Roberts, Ralph Seymour, Lucinda Jenney, Bonnie Hunt</field>
	<field name="country">United States</field>
	<field name="date_added">July 1, 2019</field>
	<field name="rating">R</field>
	<field name="duration">134 min</field>
	<field name="listed_in">Classic Movies, Dramas</field>
	<field name="description">A fast-talking yuppie is forced to slow down when he meets the brother he never knew he had, an unusually gifted autistic savant named Raymond.</field>
</item><item>
	<field name="show_id">60001807</field>
	<field name="title">The Naked Gun: From the Files of Police Squad!</field>
	<field name="director">David Zucker</field>
	<field name="cast">Leslie Nielsen, Priscilla Presley, Ricardo Montalban, George Kennedy, O.J. Simpson, Susan Beaubian, Nancy Marchand, Raye Birk</field>
	<field name="country">United States</field>
	<field name="date_added">January 1, 2020</field>
	<field name="rating">PG-13</field>
	<field name="duration">85 min</field>
	<field name="listed_in">Comedies, Cult Movies</field>
	<field name="description">In this slapstick comedy classic, hapless cop Frank Drebin causes more problems than he solves while trying to stop a plot to kill Queen Elizabeth II.</field>
</item><item>
	<field name="show_id">80201618</field>
	<field name="title">Maza Pati Karodpati</field>
	<field name="director">Sachin</field>
	<field name="cast">Sachin, Supriya Pilgaonkar, Ashok Saraf, Kishori Shahane, Suhas Bhalekar, Manchindra Kamble, Jairam Kulkarni, Nilu Phule, Shubha Khote</field>
	<field name="country">India</field>
	<field name="date_added">January 1, 2018</field>
	<field name="rating">TV-PG</field>
	<field name="duration">132 min</field>
	<field name="listed_in">Comedies, International Movies, Romantic Movies</field>
	<field name="description">An orphan girl who has ambitions of marrying a rich man changes her identity to win the heart of a prominent businessman's son.</field>
</item><item>
	<field name="show_id">372195</field>
	<field name="title">Child's Play</field>
	<field name="director">Tom Holland</field>
	<field name="cast">Catherine Hicks, Alex Vincent, Brad Dourif, Chris Sarandon, Dinah Manoff, Tommy Swerdlow, Jack Colvin, Neil Giuntoli, Juan Ramírez, Alan Wilder</field>
	<field name="country">United States</field>
	<field name="date_added">December 31, 2019</field>
	<field name="rating">R</field>
	<field name="duration">87 min</field>
	<field name="listed_in">Cult Movies, Horror Movies</field>
	<field name="description">When a rash of murders unfolds, 6-year-old Andy knows that his toy doll Chucky is the killer, but neither his mom nor the cops believe him.</field>
</item><item>
	<field name="show_id">80023921</field>
	<field name="title">Pee-wee's Playhouse: Christmas Special</field>
	<field name="director">Paul Reubens, Wayne Orr</field>
	<field name="cast">Paul Reubens, Annette Funicello, Frankie Avalon, Grace Jones, k.d. lang, Dinah Shore, Little Richard, Cher, Eadie del Rubio, Magic Johnson, Elena del Rubio, Zsa Zsa Gabor, Milly del Rubio, Whoopi Goldberg, Oprah Winfrey, Joan Rivers</field>
	<field name="country">United States</field>
	<field name="date_added">December 18, 2014</field>
	<field name="rating">TV-PG</field>
	<field name="duration">48 min</field>
	<field name="listed_in">Movies</field>
	<field name="description">Amid an avalanche of stars, Pee-wee straps on his ice skates and glides into the holiday season with Christmas cards, carols ... and Charo.</field>
</item><item>
	<field name="show_id">80997859</field>
	<field name="title">Painted Faces</field>
	<field name="director">Alex Law</field>
	<field name="cast">Sammo Kam-Bo Hung, Ching-Ying Lam, Cheng Pei-pei</field>
	<field name="country">Hong Kong</field>
	<field name="date_added">August 16, 2018</field>
	<field name="rating">TV-PG</field>
	<field name="duration">108 min</field>
	<field name="listed_in">Dramas, International Movies</field>
	<field name="description">In this dramatized rendition, students undergo rigorous study at Master Yu's Peking Opera school, a cradle for future Hong Kong film stars.</field>
</item>