<item>
	<field name="show_id">70208520</field>
	<field name="title">High Risk</field>
	<field name="director">nan</field>
	<field name="cast">nan</field>
	<field name="country">United States</field>
	<field name="date_added">September 1, 2017</field>
	<field name="rating">TV-G</field>
	<field name="duration">1 Season</field>
	<field name="listed_in">Docuseries, Reality TV</field>
	<field name="description">From scientists to snake handlers, this series explores what motivates some people to put themselves in jeopardy to perform extraordinary feats.</field>
</item><item>
	<field name="show_id">70157402</field>
	<field name="title">Highway to Heaven</field>
	<field name="director">nan</field>
	<field name="cast">Michael Landon, Victor French</field>
	<field name="country">United States</field>
	<field name="date_added"> November 1, 2016</field>
	<field name="rating">TV-PG</field>
	<field name="duration">5 Seasons</field>
	<field name="listed_in">TV Dramas</field>
	<field name="description">Under God's direction, angel Jonathan and ex-cop Mark help troubled souls overcome adversity and embrace honesty, kindness and forgiveness.</field>
</item>