<item>
	<field name="show_id">80182482</field>
	<field name="title">Krish Trish and Baltiboy: Comics of India</field>
	<field name="director">Tilak Shetty</field>
	<field name="cast">Damandeep Singh Baggan, Smita Malhotra, Baba Sehgal</field>
	<field name="country">nan</field>
	<field name="date_added">September 8, 2017</field>
	<field name="rating">TV-Y7</field>
	<field name="duration">61 min</field>
	<field name="listed_in">Children & Family Movies</field>
	<field name="description">In three comic-strip-style tales, a boy tries to sell wisdom, a demon is released from captivity, and a king assigns impossible tasks to his minister.</field>
</item><item>
	<field name="show_id">80159880</field>
	<field name="title">ATM</field>
	<field name="director">Mez Tharatorn</field>
	<field name="cast">Chantavit Dhanasevi, Preechaya Pongthananikorn, Chaleumpol Tikumpornteerawong, Thawat Pornrattanaprasert, Sananthachat Thanapatpisal, Pongkool Suebsung, Puttachat Pongsuchat, Gornpop Janjaroen, Yanee Tramoth, Pongsatorn Jongwilak</field>
	<field name="country">United States, Canada</field>
	<field name="date_added">September 5, 2018</field>
	<field name="rating">TV-14</field>
	<field name="duration">122 min</field>
	<field name="listed_in">Comedies, International Movies, Romantic Movies</field>
	<field name="description">When a broken ATM dishes out a fortune, a couple who works at the bank vies to see who can recover the most cash – and the loser must find a new job.</field>
</item><item>
	<field name="show_id">70212504</field>
	<field name="title">Big Miracle</field>
	<field name="director">Ken Kwapis</field>
	<field name="cast">Drew Barrymore, John Krasinski, Kristen Bell, Dermot Mulroney, Tim Blake Nelson, Vinessa Shaw, Ted Danson, Stephen Root, Rob Riggle, Michael Gaston</field>
	<field name="country">United States, United Kingdom</field>
	<field name="date_added">September 30, 2018</field>
	<field name="rating">PG</field>
	<field name="duration">107 min</field>
	<field name="listed_in">Children & Family Movies, Dramas</field>
	<field name="description">After a reporter writes about whales trapped in the Arctic Circle, the U.S. and U.S.S.R. team up to rescue them in this tale inspired by true events.</field>
</item><item>
	<field name="show_id">81002850</field>
	<field name="title">5CM</field>
	<field name="director">Rizal Mantovani</field>
	<field name="cast">Herjunot Ali, Raline Shah, Fedi Nuril, Pevita Pearce, Saykoji, Denny Sumargo, Didi Petet, Firrina Sinatrya</field>
	<field name="country">Indonesia</field>
	<field name="date_added">September 28, 2018</field>
	<field name="rating">TV-14</field>
	<field name="duration">126 min</field>
	<field name="listed_in">Dramas, International Movies</field>
	<field name="description">Five friends embark on a mission to climb the highest peak in Java, overcoming obstacles on the way and discovering the true meaning of friendship.</field>
</item><item>
	<field name="show_id">70229037</field>
	<field name="title">Sebastian Maniscalco: What's Wrong with People?</field>
	<field name="director">Manny Rodriguez</field>
	<field name="cast">Sebastian Maniscalco</field>
	<field name="country">United States</field>
	<field name="date_added">September 17, 2019</field>
	<field name="rating">TV-14</field>
	<field name="duration">76 min</field>
	<field name="listed_in">Stand-Up Comedy</field>
	<field name="description">With his uproarious tirade on modern behavior and decorum, the popular comic tackles the question we've all asked in this hilarious standup special.</field>
</item><item>
	<field name="show_id">70290909</field>
	<field name="title">Sample This</field>
	<field name="director">Dan Forrer</field>
	<field name="cast">Gene Simmons</field>
	<field name="country">United States</field>
	<field name="date_added">September 15, 2016</field>
	<field name="rating">TV-14</field>
	<field name="duration">83 min</field>
	<field name="listed_in">Documentaries, Music & Musicals</field>
	<field name="description">This doc traces the impact of the Incredible Bongo Band's "Apache," which played a key role in the birth of hip-hop after Kool Herc began sampling it.</field>
</item><item>
	<field name="show_id">81137484</field>
	<field name="title">Elena</field>
	<field name="director">Petra Costa</field>
	<field name="cast">nan</field>
	<field name="country">Brazil, United States</field>
	<field name="date_added">September 1, 2019</field>
	<field name="rating">TV-14</field>
	<field name="duration">81 min</field>
	<field name="listed_in">Documentaries, International Movies</field>
	<field name="description">In this documentary, the director remembers a sister who left behind her life under Brazil’s dictatorship and moved to New York with dreams of acting.</field>
</item><item>
	<field name="show_id">81165771</field>
	<field name="title">Phone Swap</field>
	<field name="director">Kunle Afolayan</field>
	<field name="cast">Wale Ojo, Nse Ikpe-Etim, Lydia Forson, Joke Silva, Chika Okpala, Ada Ameh, Hafeez Oyetoro, Chika Chukwu</field>
	<field name="country">Nigeria</field>
	<field name="date_added">September 1, 2019</field>
	<field name="rating">TV-14</field>
	<field name="duration">112 min</field>
	<field name="listed_in">Comedies, International Movies, Romantic Movies</field>
	<field name="description">A fashion designer and an arrogant businessman reluctantly try to help each other after accidentally swapping phones in the airport.</field>
</item><item>
	<field name="show_id">70276596</field>
	<field name="title">Berserk: The Golden Age Arc II - The Battle for Doldrey</field>
	<field name="director">Toshiyuki Kubooka</field>
	<field name="cast">Hiroaki Iwanaga, Takahiro Sakurai, Toa Yukinari, Yuki Kaji, Minako Kotobuki, Takahiro Fujiwara, Yoshiro Matsumoto, Kazuki Yao, Aki Toyosaki, Rikiya Koyama, Kenta Miyake, Nobuyuki Katsube, Houchu Ohtsuka, Takayuki Sugo</field>
	<field name="country">Japan</field>
	<field name="date_added">September 1, 2017</field>
	<field name="rating">TV-MA</field>
	<field name="duration">92 min</field>
	<field name="listed_in">Action & Adventure, Anime Features, International Movies</field>
	<field name="description">For three years, Guts believed his mission was to pursue Griffith's dream together with him. But in order to become Griffith's equal and truly be called his friend, Guts realizes he will have to leave the Band of the Hawk.</field>
</item><item>
	<field name="show_id">80235999</field>
	<field name="title">Eric ldle's What About Dick?</field>
	<field name="director">Eric Idle, Aubrey Powell</field>
	<field name="cast">Russell Brand, Billy Connolly, Tim Curry, Eric Idle, Eddie Izzard, Jane Leeves, Jim Piddock, Tracey Ullman, Sophie Winkleman</field>
	<field name="country">United States</field>
	<field name="date_added">October 2, 2018</field>
	<field name="rating">TV-MA</field>
	<field name="duration">81 min</field>
	<field name="listed_in">Comedies, Music & Musicals</field>
	<field name="description">In a madcap stage play from Monty Python icon Eric Idle, comic greats perform the decline and fall of the British Empire ... as told through a piano.</field>
</item><item>
	<field name="show_id">70258995</field>
	<field name="title">Berserk: The Golden Age Arc I - The Egg of the King</field>
	<field name="director">Toshiyuki Kubooka</field>
	<field name="cast">Hiroaki Iwanaga, Takahiro Sakurai, Toa Yukinari, Yuki Kaji, Minako Kotobuki, Takahiro Fujiwara, Yoshiro Matsumoto, Kazuki Yao, Aki Toyosaki, Rikiya Koyama, Kenta Miyake</field>
	<field name="country">Japan</field>
	<field name="date_added">October 15, 2016</field>
	<field name="rating">TV-MA</field>
	<field name="duration">77 min</field>
	<field name="listed_in">Action & Adventure, Anime Features, International Movies</field>
	<field name="description">Loner Guts is recruited by Griffith and his band of mercenaries, but their ensuing success as a full-fledged army could lead to a horrible fate.</field>
</item><item>
	<field name="show_id">70181653</field>
	<field name="title">Ek Main Aur Ekk Tu</field>
	<field name="director">Shakun Batra</field>
	<field name="cast">Kareena Kapoor, Imran Khan, Boman Irani, Ram Kapoor, Ratna Pathak Shah, Zenobia Shroff, Soniya Mehra, Akshat Verma, Dana Lewis, Rajesh Khattar</field>
	<field name="country">India</field>
	<field name="date_added">October 1, 2018</field>
	<field name="rating">TV-14</field>
	<field name="duration">106 min</field>
	<field name="listed_in">Comedies, International Movies, Romantic Movies</field>
	<field name="description">Bollywood stars Imran Khan and Kareena Kapoor pair up to play exceptionally dissimilar lovers in this lighthearted romantic comedy.</field>
</item><item>
	<field name="show_id">70229042</field>
	<field name="title">Luv Shuv Tey Chicken Khurana</field>
	<field name="director">Sameer Sharma</field>
	<field name="cast">Kunal Kapoor, Huma Qureshi, Rajesh Sharma, Vipin Sharma, Dolly Ahluwalia, Vinod Nagpal, Rahul Bagga, Rajendra Sethi, Munish Makhija, Herry Tangri</field>
	<field name="country">India</field>
	<field name="date_added">October 1, 2018</field>
	<field name="rating">TV-14</field>
	<field name="duration">129 min</field>
	<field name="listed_in">Comedies, International Movies</field>
	<field name="description">Fleeing London to evade a gangland debt collector, Omi Khurana returns to his native village in India, passing himself off as a successful lawyer.</field>
</item><item>
	<field name="show_id">70229047</field>
	<field name="title">Mugamoodi</field>
	<field name="director">Mysskin</field>
	<field name="cast">Jiiva, Pooja Hegde, Narain, Nasser, Girish Karnad, Anupama Kumar, Selvaah</field>
	<field name="country">India</field>
	<field name="date_added">October 1, 2018</field>
	<field name="rating">TV-14</field>
	<field name="duration">150 min</field>
	<field name="listed_in">Action & Adventure, International Movies</field>
	<field name="description">A martial arts specialist accidentally becomes a superhero when he steps in – in costume – to help the cops catch a criminal.</field>
</item><item>
	<field name="show_id">70229048</field>
	<field name="title">Thaandavam</field>
	<field name="director">Vijay</field>
	<field name="cast">Vikram, Jagapathi Babu, Anushka Shetty, Amy Jackson, Lakshmi Rai, Santhanam, Nasser, Saranya Ponvannan</field>
	<field name="country">India</field>
	<field name="date_added">October 1, 2018</field>
	<field name="rating">TV-14</field>
	<field name="duration">156 min</field>
	<field name="listed_in">Action & Adventure, International Movies, Music & Musicals</field>
	<field name="description">In London, a mysterious blind man named Kenny appears to be an assassin who uses echolocation to kill, but there is more to Kenny than meets the eye.</field>
</item><item>
	<field name="show_id">70225597</field>
	<field name="title">Vettai</field>
	<field name="director">N. Linguswamy</field>
	<field name="cast">Arya, Madhavan, Sameera Reddy, Amala Paul, Nasser, Ashutosh Rana, Sreejith Ravi, Muthukumar</field>
	<field name="country">India</field>
	<field name="date_added">October 1, 2018</field>
	<field name="rating">TV-MA</field>
	<field name="duration">156 min</field>
	<field name="listed_in">Action & Adventure, International Movies, Music & Musicals</field>
	<field name="description">This powerful Tamil action film follows the shared fate of two very different siblings: policeman Thiru and his roguish brother, Guru.</field>
</item><item>
	<field name="show_id">80198771</field>
	<field name="title">26 Years</field>
	<field name="director">Geun-hyun Cho</field>
	<field name="cast">Goo Jin, Hye-jin Han, Soo-bin Bae, Seul-ong Im, Kyeong-yeong Lee, Gwang Jang, Deok-jae Jo, Eui-sung Kim, Seok-Hwan An, Bok-gi Min</field>
	<field name="country">South Korea</field>
	<field name="date_added">October 1, 2017</field>
	<field name="rating">TV-MA</field>
	<field name="duration">135 min</field>
	<field name="listed_in">Dramas, International Movies, Thrillers</field>
	<field name="description">Twenty-six years after the 1980 massacre at Gwangju, South Korea, three relatives of the victims come together to avenge the infamous orchestrator.</field>
</item><item>
	<field name="show_id">70246439</field>
	<field name="title">Barbie: The Princess & the Popstar</field>
	<field name="director">Ezekiel Norton</field>
	<field name="cast">Kelly Sheridan, Jennifer Waris, Ashleigh Ball, Tiffany Kathryn, Ellie King, Peter Kelamis, Jonathan Holmes, Allison Warnyca, Christopher Gaze, Lauren Lavoie</field>
	<field name="country">United States</field>
	<field name="date_added">October 1, 2017</field>
	<field name="rating">TV-Y</field>
	<field name="duration">75 min</field>
	<field name="listed_in">Children & Family Movies</field>
	<field name="description">Barbie stars as a princess who would rather sing and dance than be a royal. When a famous pop star visits the kingdom, they decide to switch places.</field>
</item><item>
	<field name="show_id">70257412</field>
	<field name="title">Frances Ha</field>
	<field name="director">Noah Baumbach</field>
	<field name="cast">Greta Gerwig, Mickey Sumner, Charlotte d'Amboise, Adam Driver, Hannah Dunne, Michael Esper, Grace Gummer, Patrick Heusinger, Josh Hamilton, Cindy Katz, Maya Kazan, Justine Lupe, Britta Phillips, Juliet Rylance, Dean Wareham, Michael Zegen</field>
	<field name="country">United States, Brazil</field>
	<field name="date_added">October 1, 2017</field>
	<field name="rating">R</field>
	<field name="duration">86 min</field>
	<field name="listed_in">Comedies, Dramas, Independent Movies</field>
	<field name="description">Determined to make it as a modern dancer in New York, a young woman pursues her unlikely goal with more enthusiasm than natural talent.</field>
</item><item>
	<field name="show_id">70243445</field>
	<field name="title">Hit & Run</field>
	<field name="director">David Palmer, Dax Shepard</field>
	<field name="cast">Kristen Bell, Dax Shepard, Kristin Chenoweth, Tom Arnold, Bradley Cooper, Jess Rowland, Ryan Hansen, Beau Bridges, Michael Rosenbaum, David Koechner, Joy Bryant</field>
	<field name="country">United States</field>
	<field name="date_added">November 8, 2019</field>
	<field name="rating">R</field>
	<field name="duration">100 min</field>
	<field name="listed_in">Action & Adventure, Comedies, Romantic Movies</field>
	<field name="description">Determined to get his fiancée to L.A. to take advantage of an amazing opportunity, Charlie breaks out of the witness protection program to drive her.</field>
</item><item>
	<field name="show_id">81002596</field>
	<field name="title">Yes or No 2</field>
	<field name="director">Saratswadee Wongsomphet</field>
	<field name="cast">Supanart Jittaleela, Sushar Manaying, Nisa Boonsantear, Apittha Khlaiudom, Apapattra Meesang</field>
	<field name="country">Thailand</field>
	<field name="date_added">November 8, 2018</field>
	<field name="rating">TV-PG</field>
	<field name="duration">112 min</field>
	<field name="listed_in">International Movies, LGBTQ Movies, Romantic Movies</field>
	<field name="description">No longer university girls, Kim and Pie face new hurdles in their relationship, including work, new friends and other distractions.</field>
</item><item>
	<field name="show_id">70306305</field>
	<field name="title">Christmas Crush</field>
	<field name="director">Marita Grabiak</field>
	<field name="cast">Rachel Boston, Jonathan Bennett, Jon Prescott, Sunny Mabrey, Julia Voth, Elizabeth Lauren Hoffman, Eileen April Boylan, Josh Crotty</field>
	<field name="country">Canada, United States</field>
	<field name="date_added">November 4, 2019</field>
	<field name="rating">TV-PG</field>
	<field name="duration">87 min</field>
	<field name="listed_in">Comedies, Romantic Movies</field>
	<field name="description">Twentysomething Georgia pines for her old boyfriend and is thrilled to have a second chance at love when she attends their high school reunion.</field>
</item><item>
	<field name="show_id">70235384</field>
	<field name="title">End of Watch</field>
	<field name="director">David Ayer</field>
	<field name="cast">Jake Gyllenhaal, Michael Peña, Natalie Martinez, Anna Kendrick, David Harbour, Frank Grillo, America Ferrera, Cle Sloan, Jaime FitzSimons, Cody Horn, Shondrella Avery, America Ferrara</field>
	<field name="country">United States</field>
	<field name="date_added">November 23, 2019</field>
	<field name="rating">R</field>
	<field name="duration">109 min</field>
	<field name="listed_in">Action & Adventure</field>
	<field name="description">Officers Taylor and Zavala patrol the streets of South Central Los Angeles, an area of the city ruled by gangs and riddled with drug violence.</field>
</item><item>
	<field name="show_id">80107219</field>
	<field name="title">The Land of Cards</field>
	<field name="director">Qaushiq Mukherjee</field>
	<field name="cast">Joyraj Bhattacharya, Rii, Soumyak Kanti DeBiswas, Anubrata Basu, Tillotama Shome, Maya Tideman, Tinu Verghese, Immaduddin Shah, Sayani Gupta</field>
	<field name="country">India</field>
	<field name="date_added">November 22, 2016</field>
	<field name="rating">TV-MA</field>
	<field name="duration">113 min</field>
	<field name="listed_in">Dramas, Independent Movies, International Movies</field>
	<field name="description">A royal prince arrives on an island of fascist rule and inspires a rebellion among its women in this hallucinogenic adaptation of a classic play.</field>
</item><item>
	<field name="show_id">70215455</field>
	<field name="title">The Devil Inside</field>
	<field name="director">William Brent Bell</field>
	<field name="cast">Fernanda Andrade, Simon Quarterman, Evan Helmuth, Ionut Grama, Suzan Crowley, Bonnie Morgan, Brian Johnson</field>
	<field name="country">United States</field>
	<field name="date_added">November 20, 2019</field>
	<field name="rating">R</field>
	<field name="duration">84 min</field>
	<field name="listed_in">Horror Movies, Thrillers</field>
	<field name="description">At once spooky and grisly, this thriller follows a woman's quest to find the truth behind claims her mother killed three people during an exorcism.</field>
</item><item>
	<field name="show_id">80027560</field>
	<field name="title">Big Time Movie</field>
	<field name="director">Savage Steve Holland</field>
	<field name="cast">Kendall Schmidt, James Maslow, Carlos PenaVega, Logan Henderson, Ciara Bravo, Challen Cates, Tanya Chisholm, Stephen Kramer Glickman, Trevor Devall, Christopher Shyer</field>
	<field name="country">United States, Canada</field>
	<field name="date_added">November 2, 2019</field>
	<field name="rating">TV-PG</field>
	<field name="duration">68 min</field>
	<field name="listed_in">Children & Family Movies, Comedies</field>
	<field name="description">Big Time Rush heads to London for their first world tour, but when the boys' bags are switched, they get mixed up in a mission to save the world.</field>
</item><item>
	<field name="show_id">70230138</field>
	<field name="title">Donald Glover: Weirdo</field>
	<field name="director">Shannon Hartman, Michelle Caputo</field>
	<field name="cast">Donald Glover</field>
	<field name="country">United States</field>
	<field name="date_added">November 19, 2016</field>
	<field name="rating">NR</field>
	<field name="duration">65 min</field>
	<field name="listed_in">Stand-Up Comedy</field>
	<field name="description">Fearlessly funny stand-up comic and sitcom star Donald Glover puts on a live show in New York, confessing his love for Cocoa Puffs and Toys "R" Us.</field>
</item><item>
	<field name="show_id">70260514</field>
	<field name="title">Mumbai Cha Raja</field>
	<field name="director">Manjeet Singh</field>
	<field name="cast">Rahul Bairagi, Arbaaz Khan, Tejas Parvatkar, Dhanshree Jain, Salman Khan, Aftab Khan</field>
	<field name="country">India</field>
	<field name="date_added">November 15, 2016</field>
	<field name="rating">TV-14</field>
	<field name="duration">77 min</field>
	<field name="listed_in">Dramas, Independent Movies, International Movies</field>
	<field name="description">This coming-of-age tale follows Rahul, a young boy growing up in a Mumbai slum whose alcoholic father abuses him and his mother.</field>
</item><item>
	<field name="show_id">70213466</field>
	<field name="title">Casa de mi Padre</field>
	<field name="director">Matt Piedmont</field>
	<field name="cast">Will Ferrell, Gael García Bernal, Diego Luna, Genesis Rodriguez, Pedro Armendáriz Jr., Nick Offerman, Efren Ramirez, Adrian Martinez</field>
	<field name="country">United States, Mexico</field>
	<field name="date_added">November 14, 2012</field>
	<field name="rating">R</field>
	<field name="duration">84 min</field>
	<field name="listed_in">Comedies</field>
	<field name="description">Will Ferrell stars as a Spanish-speaking cowboy in this comedy about a Mexican clan trying to rescue their ranch from greedy creditors.</field>
</item><item>
	<field name="show_id">70219525</field>
	<field name="title">Barfi!</field>
	<field name="director">Anurag Basu</field>
	<field name="cast">Ranbir Kapoor, Priyanka Chopra, Ileana D'Cruz, Saurabh Shukla, Ashish Vidyarthi, Rupa Ganguly, Bholaraj Sapkota, Jishu Sengupta, Haradhan Bannerjee</field>
	<field name="country">India</field>
	<field name="date_added">November 1, 2018</field>
	<field name="rating">TV-PG</field>
	<field name="duration">144 min</field>
	<field name="listed_in">Comedies, Dramas, International Movies</field>
	<field name="description">Years after rejecting Barfii, a hearing and speech impaired young man, for a more "appropriate" suitor, Shruti finds herself falling for him.</field>
</item><item>
	<field name="show_id">70241088</field>
	<field name="title">Grandmaster</field>
	<field name="director">B. Unnikrishnan</field>
	<field name="cast">Mithra Kurian, Anoop Menon, Mohanlal, Narein, Priyamani, Roma, Siddique, Jagathy Sreekumar</field>
	<field name="country">India</field>
	<field name="date_added">November 1, 2018</field>
	<field name="rating">TV-14</field>
	<field name="duration">133 min</field>
	<field name="listed_in">International Movies, Thrillers</field>
	<field name="description">Anticipating the next move in a serial killer's grisly game, a police chief realizes that his daughter and estranged wife are the next likely victims.</field>
</item><item>
	<field name="show_id">70229044</field>
	<field name="title">Heroine</field>
	<field name="director">Madhur Bhandarkar</field>
	<field name="cast">Kareena Kapoor, Arjun Rampal, Randeep Hooda, Divya Dutta, Govind Namdeo, Sanjay Suri, Mugdha Godse, Shahana Goswami, Ranvir Shorey, Lillete Dubey</field>
	<field name="country">India</field>
	<field name="date_added">November 1, 2018</field>
	<field name="rating">TV-MA</field>
	<field name="duration">143 min</field>
	<field name="listed_in">Dramas, International Movies</field>
	<field name="description">One woman experiences the dramatic highs and lows of fame in this voyeuristic glimpse past the glitz and glamour of a Bollywood superstar's life.</field>
</item><item>
	<field name="show_id">70254342</field>
	<field name="title">Husbands in Goa</field>
	<field name="director">Saji Surendran</field>
	<field name="cast">Jayasurya, Indrajith, Asif Ali, Lal, Bhama, Ramya Nambeeshan, Rima Kallingal, Praveena</field>
	<field name="country">India</field>
	<field name="date_added">November 1, 2018</field>
	<field name="rating">TV-14</field>
	<field name="duration">150 min</field>
	<field name="listed_in">Comedies, International Movies, Music & Musicals</field>
	<field name="description">Three professional friends, all husbands living with domineering wives, take a well-deserved vacation in the resort city of Goa.</field>
</item><item>
	<field name="show_id">70229040</field>
	<field name="title">Kalakalappu</field>
	<field name="director">Sundar C.</field>
	<field name="cast">Vimal, Anjali, Shiva, Oviya, Santhanam, John Vijay, M. Ilavarasu, Manobala</field>
	<field name="country">India</field>
	<field name="date_added">November 1, 2018</field>
	<field name="rating">TV-14</field>
	<field name="duration">154 min</field>
	<field name="listed_in">Comedies, International Movies, Music & Musicals</field>
	<field name="description">Cheenu dreams of resurrecting the restaurant he has inherited to its former glory, but his brother, a compulsive gambler, loses the place to a cop.</field>
</item><item>
	<field name="show_id">81035867</field>
	<field name="title">It's Fine</field>
	<field name="director">Ismail Farouk</field>
	<field name="cast">Saad El Soghayar, Amar, Mohamed Ramadan, Kareem Mahmoud Abdel Aziz, Ayten Amer, Aminaa Alfakharani, Genna Amr, Lotfy Labib, Mahmoud Ellithy</field>
	<field name="country">nan</field>
	<field name="date_added">May 3, 2019</field>
	<field name="rating">TV-14</field>
	<field name="duration">101 min</field>
	<field name="listed_in">Comedies, International Movies, Music & Musicals</field>
	<field name="description">When a beautiful belly-dancer moves into their apartment building, a group of unhappily married men strives to get her attention.</field>
</item><item>
	<field name="show_id">70242063</field>
	<field name="title">After Porn Ends</field>
	<field name="director">Bryce Wagoner</field>
	<field name="cast">nan</field>
	<field name="country">United States</field>
	<field name="date_added">May 27, 2019</field>
	<field name="rating">NR</field>
	<field name="duration">93 min</field>
	<field name="listed_in">Documentaries</field>
	<field name="description">This documentary explores the careers of some of porn's top stars and examines their adjustment to "normal" society after leaving adult entertainment.</field>
</item><item>
	<field name="show_id">70143369</field>
	<field name="title">John Carter</field>
	<field name="director">Andrew Stanton</field>
	<field name="cast">Taylor Kitsch, Lynn Collins, Samantha Morton, Willem Dafoe, Thomas Haden Church, Mark Strong, Ciarán Hinds, Dominic West, James Purefoy, Bryan Cranston, Polly Walker, Daryl Sabara, Art Malik, Eileen Page, Amanda Clayton, Davood Ghadami, Daniel O'Meara, Jill Baker, Josh Daugherty, Oliver Boot, Philip Arditti, Arkie Reece, Joe Billingiere, Don Stark, Darwin Shaw, Figs Jackman, David Schwimmer, Emma Clifford, Christopher Goodman, Cate Fowler, Sean Carrigan, Dusty Sorg, Steven Cree, Phil Cheadle, Holly Weston, Nicholas Woodeson, Rupert Frazer, Edmund Kente</field>
	<field name="country">United States</field>
	<field name="date_added">May 2, 2019</field>
	<field name="rating">PG-13</field>
	<field name="duration">133 min</field>
	<field name="listed_in">Action & Adventure, Sci-Fi & Fantasy</field>
	<field name="description">One minute, Civil War veteran John Carter is evading Apaches; the next, he's waking up on Mars, a once-fruitful planet that's devolved into chaos.</field>
</item><item>
	<field name="show_id">80091267</field>
	<field name="title">Jalpari: The Desert Mermaid</field>
	<field name="director">Nila Madhab Panda</field>
	<field name="cast">Lehar Khan, Krishang Trivedi, Parvin Dabas, Suhasini Mulay, V.M. Badola, Tannishtha Chatterjee, Rahul Singh, Harsh Mayar</field>
	<field name="country">India</field>
	<field name="date_added">May 19, 2018</field>
	<field name="rating">TV-14</field>
	<field name="duration">94 min</field>
	<field name="listed_in">Dramas, Independent Movies, International Movies</field>
	<field name="description">When they travel to their father's ancestral village, city kids expecting a natural paradise instead find a poor, dusty town that harbors secrets.</field>
</item><item>
	<field name="show_id">70241757</field>
	<field name="title">The Place Beyond the Pines</field>
	<field name="director">Derek Cianfrance</field>
	<field name="cast">Ryan Gosling, Bradley Cooper, Eva Mendes, Ray Liotta, Ben Mendelsohn, Rose Byrne, Mahershala Ali, Bruce Greenwood, Harris Yulin, Olga Merediz</field>
	<field name="country">United States</field>
	<field name="date_added">May 16, 2017</field>
	<field name="rating">R</field>
	<field name="duration">140 min</field>
	<field name="listed_in">Dramas, Independent Movies</field>
	<field name="description">A violent confrontation between a motorcycle-riding bank robber and a rookie cop spirals into a tense generational feud.</field>
</item><item>
	<field name="show_id">70261058</field>
	<field name="title">Aiyyaa</field>
	<field name="director">Sachin Kundalkar</field>
	<field name="cast">Rani Mukerji, Prithviraj Sukumaran, Nirmiti Sawant, Subodh Bhave, Jyoti Subhash, Satish Alekar, Anita Date, Amey Wagh, Kishori Balal, Pakoda Pandi</field>
	<field name="country">India</field>
	<field name="date_added">May 10, 2017</field>
	<field name="rating">TV-14</field>
	<field name="duration">151 min</field>
	<field name="listed_in">Comedies, International Movies, Music & Musicals</field>
	<field name="description">An outspoken, imaginative girl from a conservative family pursues her dream man while fending off the prospect of an arranged marriage.</field>
</item><item>
	<field name="show_id">80165848</field>
	<field name="title">Bittoo Boss</field>
	<field name="director">Supavitra Babul</field>
	<field name="cast">Pulkit Samrat, Ashok Pathak, Tanvir Singh, Amita Pathak, Sunil Shetty, Rajendra Sethi, Mohan Kapoor</field>
	<field name="country">India</field>
	<field name="date_added">May 1, 2017</field>
	<field name="rating">TV-14</field>
	<field name="duration">117 min</field>
	<field name="listed_in">Comedies, Dramas, International Movies</field>
	<field name="description">When a small-town wedding videographer falls in love, he decides he needs to make more money and turns to shooting sexy videos – with mixed results.</field>
</item><item>
	<field name="show_id">70268209</field>
	<field name="title">Fire in the Blood</field>
	<field name="director">Dylan Mohan Gray</field>
	<field name="cast">William Hurt</field>
	<field name="country">India</field>
	<field name="date_added">May 1, 2017</field>
	<field name="rating">TV-14</field>
	<field name="duration">83 min</field>
	<field name="listed_in">Documentaries, International Movies</field>
	<field name="description">Dylan Mohan Gray examines Africa's AIDS crisis and activists' battle with pharmaceutical companies to make life-saving HIV drugs more affordable.</field>
</item><item>
	<field name="show_id">70258366</field>
	<field name="title">Oh My God</field>
	<field name="director">Umesh Shukla</field>
	<field name="cast">Akshay Kumar, Paresh Rawal, Mithun Chakraborty, Om Puri, Apoorva Arora, Arun Bali, Honey Chaaya, Poonam Jhawer, Mahesh Manjrekar, Govind Namdeo</field>
	<field name="country">India</field>
	<field name="date_added">May 1, 2017</field>
	<field name="rating">TV-PG</field>
	<field name="duration">129 min</field>
	<field name="listed_in">Comedies, Dramas, International Movies</field>
	<field name="description">Mumbai shopkeeper Kanji Bhai files a lawsuit against God when an earthquake destroys his store and his insurance policy won't cover the damage.</field>
</item><item>
	<field name="show_id">81010867</field>
	<field name="title">Sisterakas</field>
	<field name="director">Wenn V. Deramas</field>
	<field name="cast">Ai-Ai de las Alas, Vice Ganda, Kris Aquino, Xyriel Manabat, Daniel Padilla, Kathryn Bernardo, Tirso Cruz III, Deejay Durano, Gloria Diaz, Jeffrey Quizon</field>
	<field name="country">Philippines</field>
	<field name="date_added">March 7, 2019</field>
	<field name="rating">TV-14</field>
	<field name="duration">105 min</field>
	<field name="listed_in">Comedies, International Movies</field>
	<field name="description">Two half siblings separated by family conflict cross paths as adults at a fashion agency – but one of them has a vendetta, unbeknownst to the other.</field>
</item><item>
	<field name="show_id">70260374</field>
	<field name="title">Aftershock</field>
	<field name="director">Nicolás López</field>
	<field name="cast">Eli Roth, Andrea Osvárt, Ariel Levy, Natasha Yarovenko, Nicolás Martínez, Lorenza Izzo, Marcial Tagle, Ramón Llao, Ignacia Allamand, Paz Bascuñán</field>
	<field name="country">United States, Chile</field>
	<field name="date_added">March 7, 2018</field>
	<field name="rating">R</field>
	<field name="duration">89 min</field>
	<field name="listed_in">Action & Adventure, Horror Movies</field>
	<field name="description">An American tourist and his friends are partying in Chile, but a major earthquake devastates the area and forces them to scramble for survival.</field>
</item><item>
	<field name="show_id">70296765</field>
	<field name="title">GLOW: The Story of the Gorgeous Ladies of Wrestling</field>
	<field name="director">Brett Whitcomb</field>
	<field name="cast">nan</field>
	<field name="country">United States</field>
	<field name="date_added">March 31, 2017</field>
	<field name="rating">NR</field>
	<field name="duration">77 min</field>
	<field name="listed_in">Documentaries, Sports Movies</field>
	<field name="description">This engaging documentary chronicles the 1980s phenomenon "The Gorgeous Ladies of Wrestling," which elevated its female grapplers to star status.</field>
</item><item>
	<field name="show_id">70230147</field>
	<field name="title">Exit Strategy</field>
	<field name="director">Michael Whitton</field>
	<field name="cast">Jameel Saleem, Kimelia Weathers, Quincy Harris, Big Boy, Kevin Hart, Misty Alli, Noelle Balfour, Sid Burston, Carlos Castillo, Liz Hernandez, Nick Sinise</field>
	<field name="country">United States</field>
	<field name="date_added">March 3, 2019</field>
	<field name="rating">NR</field>
	<field name="duration">79 min</field>
	<field name="listed_in">Comedies, Romantic Movies</field>
	<field name="description">When James's living situation turns sour, he has little choice but to move in with his new girlfriend – a decision he almost immediately regrets.</field>
</item><item>
	<field name="show_id">80175623</field>
	<field name="title">Blood Money</field>
	<field name="director">Vishal Mahadkar</field>
	<field name="cast">Manish Chaudhary, Kunal Khemu, Amrita Puri, Shekar Shukla, Teeshay, Mia Evonne Uyeda</field>
	<field name="country">India</field>
	<field name="date_added">March 27, 2017</field>
	<field name="rating">TV-14</field>
	<field name="duration">110 min</field>
	<field name="listed_in">Dramas, International Movies, Romantic Movies</field>
	<field name="description">Ambitious Kunal takes a job in the diamond business, but his life is thrown into turmoil when he's drawn into the seedy underworld of his new career.</field>
</item><item>
	<field name="show_id">70253171</field>
	<field name="title">Jeff Dunham: Minding the Monsters</field>
	<field name="director">Manny Rodriguez</field>
	<field name="cast">Jeff Dunham</field>
	<field name="country">United States</field>
	<field name="date_added">March 15, 2019</field>
	<field name="rating">TV-MA</field>
	<field name="duration">80 min</field>
	<field name="listed_in">Stand-Up Comedy</field>
	<field name="description">Jeff Dunham returns with a haunted house full of his hysterical entourage, and each character stars in its own horror movie trailer.</field>
</item><item>
	<field name="show_id">80238400</field>
	<field name="title">Satrangi Re</field>
	<field name="director">Aditya Sarpotdar</field>
	<field name="cast">Amruta Khanvilkar, Vidyadhar Joshi, Subodh Bhave</field>
	<field name="country">India</field>
	<field name="date_added">March 15, 2018</field>
	<field name="rating">TV-14</field>
	<field name="duration">150 min</field>
	<field name="listed_in">Dramas, International Movies, Music & Musicals</field>
	<field name="description">Friends in their last year of college contemplate the future of their band as they juggle questions of love, work, family and identity.</field>
</item><item>
	<field name="show_id">80134521</field>
	<field name="title">Berlin Kaplani</field>
	<field name="director">Hakan Algül</field>
	<field name="cast">Ata Demirer, Necati Bilgiç, Tarık Ünlüoğlu, Özlem Türkad, Nihal Yalçın, Cemil Özbayer, Cengiz Bozkurt, Orhan Güner, Mert Aran</field>
	<field name="country">Turkey</field>
	<field name="date_added">March 10, 2017</field>
	<field name="rating">TV-14</field>
	<field name="duration">99 min</field>
	<field name="listed_in">Comedies, International Movies, Sports Movies</field>
	<field name="description">After a losing streak puts him in debt of 50,000 euros to his sponsors, an unlikely Turkish-German boxer in Berlin finds himself in need of a miracle.</field>
</item><item>
	<field name="show_id">80134520</field>
	<field name="title">Kurtulus Son Durak</field>
	<field name="director">Yusuf Pirhasan</field>
	<field name="cast">Belçim Bilgin, Demet Akbağ, Asuman Dabak, Ayten Soykök, Damla Sönmez, Mete Horozoğlu, Ahmet Mümtaz Taylan, Yavuz Bingöl, Hüseyin Soysalan, Tolga Karaçelik, Nihal Yalçın</field>
	<field name="country">Turkey</field>
	<field name="date_added">March 10, 2017</field>
	<field name="rating">TV-MA</field>
	<field name="duration">100 min</field>
	<field name="listed_in">Comedies, Dramas, International Movies</field>
	<field name="description">When a recently single psychologist moves to a new neighborhood, she finds friendship with women starting to rebel against years of domestic abuse.</field>
</item><item>
	<field name="show_id">80134434</field>
	<field name="title">Sen Kimsin?</field>
	<field name="director">Ozan Açıktan</field>
	<field name="cast">Tolga Çevik, Köksal Engür, Pelin Körmükçü, Toprak Sergen, Zeynep Özder</field>
	<field name="country">Turkey</field>
	<field name="date_added">March 10, 2017</field>
	<field name="rating">TV-14</field>
	<field name="duration">102 min</field>
	<field name="listed_in">Comedies, International Movies</field>
	<field name="description">Desperate for cash, klutzy private investigator Tekin searches for a wealthy woman's missing girl but faces one surprise and mishap after another.</field>
</item><item>
	<field name="show_id">70236016</field>
	<field name="title">Radio Rebel</field>
	<field name="director">Peter Howitt</field>
	<field name="cast">Debby Ryan, Sarena Parmar, Adam DiMarco, Merritt Patterson, Nancy Robertson</field>
	<field name="country">United States</field>
	<field name="date_added">March 1, 2019</field>
	<field name="rating">TV-G</field>
	<field name="duration">90 min</field>
	<field name="listed_in">Children & Family Movies, Comedies</field>
	<field name="description">Shy student Tara has a secret identity: She is smooth-talking Radio Rebel, a DJ who lends her voice to all kids, popular and unpopular alike.</field>
</item><item>
	<field name="show_id">70229921</field>
	<field name="title">Ai Weiwei: Never Sorry</field>
	<field name="director">Alison Klayman</field>
	<field name="cast">Ai Weiwei, Lao Ai</field>
	<field name="country">United States</field>
	<field name="date_added">March 1, 2018</field>
	<field name="rating">R</field>
	<field name="duration">91 min</field>
	<field name="listed_in">Documentaries</field>
	<field name="description">Chinese artist and activist Ai Weiwei uses social media and art to inspire protests and suffers government persecution for his actions.</field>
</item><item>
	<field name="show_id">70250369</field>
	<field name="title">Monster High: Ghouls Rule</field>
	<field name="director">Mike Fetterly, Steve Sacks</field>
	<field name="cast">Laura Bailey, Hank Banks, Cam Clarke, Erin Fitzgerald, Dee Dee Green, Kate Higgins, Andrew Duncan</field>
	<field name="country">United States</field>
	<field name="date_added">March 1, 2018</field>
	<field name="rating">TV-Y7</field>
	<field name="duration">71 min</field>
	<field name="listed_in">Children & Family Movies</field>
	<field name="description">After learning that monsters and "Normies" used to spend Halloween together, Frankie Stein and her pals rally both groups for a frightfully good time.</field>
</item><item>
	<field name="show_id">70244982</field>
	<field name="title">Shanghai</field>
	<field name="director">Dibakar Banerjee</field>
	<field name="cast">Emraan Hashmi, Abhay Deol, Prasenjit Chatterjee, Kalki Koechlin, Supriya Pathak, Tillotama Shome, Anant Jog, Pitobash, Farooq Shaikh, Arvind Goswami</field>
	<field name="country">India</field>
	<field name="date_added">March 1, 2018</field>
	<field name="rating">TV-14</field>
	<field name="duration">109 min</field>
	<field name="listed_in">Dramas, Independent Movies, International Movies</field>
	<field name="description">Three disparate characters uncover government corruption as a small Indian town receives an influx of foreign money to turn it into the next Shanghai.</field>
</item><item>
	<field name="show_id">81035863</field>
	<field name="title">Ms. Mammy</field>
	<field name="director">Wael Ihsan</field>
	<field name="cast">Yasmin Abdulaziz, Hassan El Raddad, Ahmed Fouad Selim, Entessar, Hesham Ismail, Badria Tolba, Ghassan Mattar, Eman El-Sayed, Saad El Soghayar, Soleiman Eid, Youssef Eid, Hassan Abdulfattah, Mohamed Lotfy, Hala Fakher</field>
	<field name="country">Egypt</field>
	<field name="date_added">June 6, 2019</field>
	<field name="rating">TV-14</field>
	<field name="duration">90 min</field>
	<field name="listed_in">Comedies, International Movies</field>
	<field name="description">A successful advertising agency executive falls asleep on an airplane and wakes up in an alternate universe as a stay-at-home mom with three kids.</field>
</item><item>
	<field name="show_id">70245034</field>
	<field name="title">Bill Burr: You People Are All the Same</field>
	<field name="director">Jay Karas</field>
	<field name="cast">Bill Burr</field>
	<field name="country">United States</field>
	<field name="date_added">June 30, 2018</field>
	<field name="rating">NR</field>
	<field name="duration">69 min</field>
	<field name="listed_in">Stand-Up Comedy</field>
	<field name="description">Funnyman Bill Burr takes the stage to uncork a profanity-laced, incisive routine that pokes fun at plastic surgery, reality TV, gold diggers and more.</field>
</item><item>
	<field name="show_id">70236020</field>
	<field name="title">Kahaani</field>
	<field name="director">Sujoy Ghosh</field>
	<field name="cast">Vidya Balan, Parambrata Chatterjee, Dhritiman Chatterjee, Saswata Chatterjee, Indraneil Sengupta, Nawazuddin Siddiqui, Darshan Jariwala, Masood Akhtar, Riddhi Sen</field>
	<field name="country">India</field>
	<field name="date_added">June 26, 2019</field>
	<field name="rating">TV-14</field>
	<field name="duration">122 min</field>
	<field name="listed_in">International Movies, Music & Musicals, Thrillers</field>
	<field name="description">Pregnant and alone in the city of Kolkata, a woman begins a relentless search for her missing husband, only to find that nothing is what it seems.</field>
</item><item>
	<field name="show_id">81035870</field>
	<field name="title">Good Luck</field>
	<field name="director">Tarek Abdel Moaty</field>
	<field name="cast">Ahmed Eid, May Kassab, Diaa El Merghany, Samy Maghawry, Badria Tolba, Hassan Abdulfattah, Ahmed Safwat, Sayed Sadek, Laila Gamal</field>
	<field name="country">Egypt</field>
	<field name="date_added">June 21, 2019</field>
	<field name="rating">TV-MA</field>
	<field name="duration">99 min</field>
	<field name="listed_in">Dramas, International Movies</field>
	<field name="description">Seeking an apartment to share with his wife, an apolitical man starts to question his own modest goals as revolution swirls around him.</field>
</item><item>
	<field name="show_id">81035866</field>
	<field name="title">The Player</field>
	<field name="director">Ahmad El-Badri</field>
	<field name="cast">Ramez Galal, Emy Samir Ghanim, Edward Fouad, Hassan Hosny, Yousef Fawzy, Samar Gaber, Ragaa Al-Geddawy, Maha Abou Ouf, Mai El-Kady</field>
	<field name="country">nan</field>
	<field name="date_added">June 20, 2019</field>
	<field name="rating">TV-MA</field>
	<field name="duration">110 min</field>
	<field name="listed_in">Comedies, International Movies</field>
	<field name="description">To save his father’s company from bankruptcy, a rich, spoiled playboy is forced to wed a no-nonsense woman, who's just as unhappy to be marrying him.</field>
</item><item>
	<field name="show_id">70261178</field>
	<field name="title">Reincarnated</field>
	<field name="director">Andy Capper</field>
	<field name="cast">Snoop Dogg, Dr. Dre, Bunny Wailer</field>
	<field name="country">United States</field>
	<field name="date_added">June 13, 2016</field>
	<field name="rating">R</field>
	<field name="duration">96 min</field>
	<field name="listed_in">Documentaries, Music & Musicals</field>
	<field name="description">Vice magazine's Andy Capper follows rapper Snoop Dogg on a pilgrimage to Jamaica, where he rechristens himself Snoop Lion, a reggae artist.</field>
</item><item>
	<field name="show_id">70224969</field>
	<field name="title">Felipe Esparza: They're Not Going to Laugh at You</field>
	<field name="director">Scott L. Montoya</field>
	<field name="cast">Felipe Esparza</field>
	<field name="country">United States</field>
	<field name="date_added">July 3, 2018</field>
	<field name="rating">NR</field>
	<field name="duration">58 min</field>
	<field name="listed_in">Stand-Up Comedy</field>
	<field name="description">"Last Comic Standing" winner Felipe Esparza runs riot in his first comedy special with his wry comments on life as a wild man from East Los Angeles.</field>
</item><item>
	<field name="show_id">70261273</field>
	<field name="title">Joan Rivers: Don't Start with Me</field>
	<field name="director">Scott L. Montoya</field>
	<field name="cast">Joan Rivers</field>
	<field name="country">United States</field>
	<field name="date_added">July 3, 2018</field>
	<field name="rating">TV-MA</field>
	<field name="duration">69 min</field>
	<field name="listed_in">Stand-Up Comedy</field>
	<field name="description">At 78, Joan Rivers has no interest in slowing down, and no one's immune from her caustic barbs in this stand-up special.</field>
</item><item>
	<field name="show_id">70250364</field>
	<field name="title">Katt Williams: Kattpacalypse</field>
	<field name="director">Marcus Raboy</field>
	<field name="cast">Katt Williams</field>
	<field name="country">United States</field>
	<field name="date_added">July 3, 2018</field>
	<field name="rating">NR</field>
	<field name="duration">61 min</field>
	<field name="listed_in">Stand-Up Comedy</field>
	<field name="description">Urban comic Katt Williams ushers in Kattpacalypse, exploding with more energy than an atomic bomb and riffing on everything from Doomsday to Obama.</field>
</item><item>
	<field name="show_id">81015524</field>
	<field name="title">Kath & Kimderella</field>
	<field name="director">Ted Emery</field>
	<field name="cast">Jane Turner, Gina Riley, Magda Szubanski, Glenn Robbins, Peter Rowsthorn, Rob Sitch, Richard E. Grant, Barry Humphries, Erin Mullally, Jessica De Gouw</field>
	<field name="country">Australia</field>
	<field name="date_added">July 28, 2018</field>
	<field name="rating">TV-14</field>
	<field name="duration">86 min</field>
	<field name="listed_in">Comedies</field>
	<field name="description">Chipper baby boomer Kath, diva daughter Kim and hapless pal Sharon visit Papilloma, Italy, where a royal romance and knockoff fashions await.</field>
</item><item>
	<field name="show_id">80999987</field>
	<field name="title">My True Friend</field>
	<field name="director">Atsajun Sattakovit</field>
	<field name="cast">Mario Maurer, Natcha Juntapan, Monchanok Saengchaipiangpen, Nawapaiboon Wuthinanon, Kamolned Ruengsri, Sirapop Daongern, Rakchawan Maroukasonti, Poom Rungsrithananon, Patsomtat Sudprasert, Ranee Campen</field>
	<field name="country">Thailand</field>
	<field name="date_added">July 25, 2018</field>
	<field name="rating">TV-MA</field>
	<field name="duration">108 min</field>
	<field name="listed_in">Action & Adventure, Dramas, International Movies</field>
	<field name="description">A bullied student forms a bond with the leader of a youth gang and discovers the power and meaning of true friendship.</field>
</item><item>
	<field name="show_id">70259259</field>
	<field name="title">Unfinished Song</field>
	<field name="director">Paul Andrew Williams</field>
	<field name="cast">Terence Stamp, Gemma Arterton, Christopher Eccleston, Vanessa Redgrave, Anne Reid, Elizabeth Counsell, Ram John Holder, Bill Thomas, Orla Hill</field>
	<field name="country">United Kingdom, Germany</field>
	<field name="date_added">July 22, 2019</field>
	<field name="rating">PG-13</field>
	<field name="duration">94 min</field>
	<field name="listed_in">Comedies, Dramas, Independent Movies</field>
	<field name="description">With his wife terminally ill, Arthur's future seems grim. But he learns to find joy in life again when he joins an unconventional church choir.</field>
</item><item>
	<field name="show_id">70262783</field>
	<field name="title">A Glimpse Inside the Mind of Charles Swan III</field>
	<field name="director">Roman Coppola</field>
	<field name="cast">Charlie Sheen, Jason Schwartzman, Bill Murray, Katheryn Winnick, Patricia Arquette, Aubrey Plaza, Mary Elizabeth Winstead, Dermot Mulroney</field>
	<field name="country">United States</field>
	<field name="date_added">July 15, 2018</field>
	<field name="rating">R</field>
	<field name="duration">86 min</field>
	<field name="listed_in">Comedies, Independent Movies</field>
	<field name="description">When his girlfriend walks out and leaves him a wreck, a graphic designer – who seemed to have it all – sets out to discover where he went wrong.</field>
</item><item>
	<field name="show_id">70257413</field>
	<field name="title">Ginger & Rosa</field>
	<field name="director">Sally Potter</field>
	<field name="cast">Elle Fanning, Alessandro Nivola, Christina Hendricks, Alice Englert, Timothy Spall, Oliver Platt, Annette Bening, Jodhi May, Oliver Milburn, Andrew Hawley</field>
	<field name="country">United Kingdom, Denmark, Canada, Croatia</field>
	<field name="date_added">July 15, 2018</field>
	<field name="rating">PG-13</field>
	<field name="duration">90 min</field>
	<field name="listed_in">Dramas, Independent Movies</field>
	<field name="description">With the Cold War looming over them, teen best pals Ginger and Rosa share everything in early 1960s London – until betrayal drives them apart.</field>
</item><item>
	<field name="show_id">70257860</field>
	<field name="title">Spring Breakers</field>
	<field name="director">Harmony Korine</field>
	<field name="cast">James Franco, Vanessa Hudgens, Selena Gomez, Ashley Benson, Rachel Korine, Jeff Jarrett, Gucci Mane, Heather Morris, Ash Lendzion, Emma Holzer</field>
	<field name="country">United States, France</field>
	<field name="date_added">July 15, 2018</field>
	<field name="rating">R</field>
	<field name="duration">94 min</field>
	<field name="listed_in">Comedies, Cult Movies, Dramas</field>
	<field name="description">After four college girls rob a restaurant to fund their spring break in Florida, they get entangled with a weird dude with his own criminal agenda.</field>
</item><item>
	<field name="show_id">70265211</field>
	<field name="title">Nova: Ultimate Mars Challenge</field>
	<field name="director">Gail Willumsen</field>
	<field name="cast">Lance Lewman</field>
	<field name="country">United States</field>
	<field name="date_added">July 1, 2019</field>
	<field name="rating">TV-G</field>
	<field name="duration">53 min</field>
	<field name="listed_in">Movies</field>
	<field name="description">With access to the scientists and engineers responsible for the Curiosity rover's on-the-ground experiments, NOVA captures its landing on Mars.</field>
</item><item>
	<field name="show_id">80005738</field>
	<field name="title">Room on the Broom</field>
	<field name="director">Max Lang, Jani Lachauer</field>
	<field name="cast">Simon Pegg, Gillian Anderson, Rob Brydon, Martin Clunes, Sally Hawkins, David Walliams, Timothy Spall</field>
	<field name="country">United Kingdom</field>
	<field name="date_added">July 1, 2019</field>
	<field name="rating">G</field>
	<field name="duration">26 min</field>
	<field name="listed_in">Children & Family Movies, Independent Movies</field>
	<field name="description">A gentle witch with a ginger braid offers rides to a variety of animals on her increasingly crowded broom, much to her grumpy cat's chagrin.</field>
</item><item>
	<field name="show_id">80178940</field>
	<field name="title">10 jours en or</field>
	<field name="director">Nicolas Brossette</field>
	<field name="cast">Franck Dubosc, Claude Rich, Marie Kremer, Mathis Touré, Rufus, Olivier Claverie</field>
	<field name="country">France</field>
	<field name="date_added">July 1, 2017</field>
	<field name="rating">TV-PG</field>
	<field name="duration">97 min</field>
	<field name="listed_in">Comedies, Dramas, International Movies</field>
	<field name="description">When a carefree bachelor is unexpectedly left in charge of a young boy, the two embark on a road trip that will change both of their lives.</field>
</item><item>
	<field name="show_id">70229498</field>
	<field name="title">Players</field>
	<field name="director">Abbas Alibhai Burmawalla, Mastan Alibhai Burmawalla</field>
	<field name="cast">Vinod Khanna, Abhishek Bachchan, Bobby Deol, Sonam Kapoor, Bipasha Basu, Neil Nitin Mukesh, Sikander Kher, Omi Vaidya, Johnny Lever, Shweta Bhardwaj</field>
	<field name="country">India</field>
	<field name="date_added">July 1, 2017</field>
	<field name="rating">TV-14</field>
	<field name="duration">162 min</field>
	<field name="listed_in">Action & Adventure, International Movies</field>
	<field name="description">Learning of a fortune in gold being secretly shipped to Romania, master thieves Charlie and Riya assemble a crack team to steal it.</field>
</item><item>
	<field name="show_id">81047898</field>
	<field name="title">Habibie & Ainun</field>
	<field name="director">Faozan Rizal</field>
	<field name="cast">Reza Rahadian, Bunga Citra Lestari, Tio Pakusadewo, Ratna Riantiarno, Mike Lucock, Vitta Mariana Barrazza, Christoffer Nelwan</field>
	<field name="country">Indonesia, Singapore</field>
	<field name="date_added">January 28, 2019</field>
	<field name="rating">TV-14</field>
	<field name="duration">125 min</field>
	<field name="listed_in">Dramas, International Movies, Romantic Movies</field>
	<field name="description">This companion to 2016's "Rudy Habibie" traces the relationship between Indonesia’s third president and his wife behind the scenes of their public lives.</field>
</item><item>
	<field name="show_id">70244163</field>
	<field name="title">The Master</field>
	<field name="director">Paul Thomas Anderson</field>
	<field name="cast">Joaquin Phoenix, Philip Seymour Hoffman, Amy Adams, Laura Dern, Kevin J. O'Connor, Jesse Plemons, Rami Malek, Christopher Evan Welch, Madisen Beaty, Ambyr Childers, Price Carson</field>
	<field name="country">United States</field>
	<field name="date_added">January 14, 2020</field>
	<field name="rating">R</field>
	<field name="duration">137 min</field>
	<field name="listed_in">Dramas, Independent Movies</field>
	<field name="description">A heavy-drinking loner finds some semblance of a family when he stumbles onto the ship of Lancaster Dodd, the charismatic leader of a new "religion."</field>
</item><item>
	<field name="show_id">70260512</field>
	<field name="title">Seal Team Six: The Raid on Osama Bin Laden</field>
	<field name="director">John Stockwell</field>
	<field name="cast">Cam Gigandet, Anson Mount, Freddy Rodríguez, Xzibit, Kathleen Robertson, Robert Knepper, Eddie Kaye Thomas, Kenneth Miller, William Fichtner, Jenny Gabrielle, Mo Gallini</field>
	<field name="country">United States</field>
	<field name="date_added">January 1, 2020</field>
	<field name="rating">TV-MA</field>
	<field name="duration">90 min</field>
	<field name="listed_in">Action & Adventure</field>
	<field name="description">In this dramatic recreation, U.S. Navy SEAL Team 6 trains for a critical mission, then executes a tough nighttime raid on Osama Bin Laden's compound.</field>
</item><item>
	<field name="show_id">70209245</field>
	<field name="title">A Perfect Ending</field>
	<field name="director">Nicole Conn</field>
	<field name="cast">Barbara Niven, Jessica Clark, John Heard, Morgan Fairchild, Kerry Knuppe, Imelda Corcoran, Mary Jane Wells, Rebecca Staab, Michael Adam Hamilton, Bryan Jackson, Bryan Mordechai Jackson</field>
	<field name="country">United States</field>
	<field name="date_added">January 1, 2019</field>
	<field name="rating">TV-MA</field>
	<field name="duration">110 min</field>
	<field name="listed_in">Dramas, Independent Movies, LGBTQ Movies</field>
	<field name="description">After confessing an unusual secret, a repressed wife – prompted by her friends – decides to explore her sexuality with a high-priced call girl.</field>
</item><item>
	<field name="show_id">70256512</field>
	<field name="title">Moshe Kasher: Live in Oakland</field>
	<field name="director">Jay Chapman</field>
	<field name="cast">Moshe Kasher</field>
	<field name="country">United States</field>
	<field name="date_added">January 1, 2019</field>
	<field name="rating">TV-MA</field>
	<field name="duration">61 min</field>
	<field name="listed_in">Stand-Up Comedy</field>
	<field name="description">Comic Moshe Kasher returns to his home turf of Oakland for this stand-up special that has him sharing uproarious stories about the people he's met.</field>
</item><item>
	<field name="show_id">80084756</field>
	<field name="title">Chittagong</field>
	<field name="director">Bedabrata Pain</field>
	<field name="cast">Manoj Bajpayee, Barry John, Delzad Hiwale, Vega Tamotia, Nawazuddin Siddiqui, Rajkummar Rao, Jaideep Ahlawat, Vijay Varma, Dibyendu Bhattacharya</field>
	<field name="country">United States, India, Bangladesh</field>
	<field name="date_added">January 1, 2018</field>
	<field name="rating">NR</field>
	<field name="duration">105 min</field>
	<field name="listed_in">Dramas, Independent Movies, International Movies</field>
	<field name="description">In the turbulent 1930s of British colonial India, a teenager joins a ragtag army of schoolboys determined to overthrow their foreign conquerors.</field>
</item><item>
	<field name="show_id">80202905</field>
	<field name="title">Hridaynath</field>
	<field name="director">Amar Gupte</field>
	<field name="cast">Jackie Shroff, Aditya Pancholi, Swarangi Maharte, Ameya Hunaswadkar, Urmila Matondkar</field>
	<field name="country">India</field>
	<field name="date_added">January 1, 2018</field>
	<field name="rating">TV-14</field>
	<field name="duration">103 min</field>
	<field name="listed_in">Dramas, International Movies</field>
	<field name="description">A schoolteacher known for his good deeds and benevolence takes a walk on the dark side after undergoing a heart transplant.</field>
</item><item>
	<field name="show_id">80020131</field>
	<field name="title">Monster High: Escape from Skull Shores</field>
	<field name="director">Steve Ball, Andrew Duncan</field>
	<field name="cast">Kate Higgins, Debi Derryberry, Salli Saffioti, Evan Smith, Laura Bailey, Audu Paden, Erin Fitzgerald, Cindy Robinson, Ogie Banks, Cam Clarke</field>
	<field name="country">United States</field>
	<field name="date_added">January 1, 2018</field>
	<field name="rating">TV-Y7</field>
	<field name="duration">46 min</field>
	<field name="listed_in">Children & Family Movies</field>
	<field name="description">A swanky cruise veers off course for Lagoona and her friends when they're left stranded on Skull Shores, an island with a notorious beast.</field>
</item><item>
	<field name="show_id">70242898</field>
	<field name="title">Power Rangers Super Samurai: Stuck on Christmas</field>
	<field name="director">nan</field>
	<field name="cast">Alex Heartman, Najee De-Tiege, Hector David Jr., Erika Fong, Brittany Anne Pirtle, Steven Skyler, Paul Schrier, Felix Ryan, Jeff Szusterman, Stig Alred, Kate Elliot</field>
	<field name="country">United States</field>
	<field name="date_added">January 1, 2016</field>
	<field name="rating">TV-Y7-FV</field>
	<field name="duration">24 min</field>
	<field name="listed_in">Children & Family Movies, Sci-Fi & Fantasy</field>
	<field name="description">The Samurai Rangers get stuck in the Megazord's cockpit on Christmas Eve when it breaks down. Can the Rangers get out in time for Christmas?</field>
</item><item>
	<field name="show_id">70242897</field>
	<field name="title">Power Rangers Super Samurai: Trickster Treat</field>
	<field name="director">nan</field>
	<field name="cast">Alex Heartman, Najee De-Tiege, Hector David Jr., Erika Fong, Brittany Anne Pirtle, Steven Skyler, Rene Naufahu, Paul Schrier, Felix Ryan, Jeff Szusterman, Stig Alred, Kate Elliot</field>
	<field name="country">United States</field>
	<field name="date_added">January 1, 2016</field>
	<field name="rating">TV-Y7-FV</field>
	<field name="duration">23 min</field>
	<field name="listed_in">Movies</field>
	<field name="description">When a Nighlok invades the Samurai Rangers' dreams and turns them into nightmares, the Rangers must figure out what is reality and what is illusion.</field>
</item><item>
	<field name="show_id">70252885</field>
	<field name="title">El último testigo</field>
	<field name="director">Philipp Stölzl</field>
	<field name="cast">Aaron Eckhart, Liana Liberato, Olga Kurylenko, Garrick Hagon, Eric Godon, Yassine Fadel, Neil Napier, David Bark-Jones, Alexander Fehling, Nick Alachiotis, Jade Hassouné</field>
	<field name="country">United States, Canada, Belgium, United Kingdom</field>
	<field name="date_added">February 4, 2018</field>
	<field name="rating">R</field>
	<field name="duration">105 min</field>
	<field name="listed_in">Action & Adventure</field>
	<field name="description">A security expert and ex-CIA agent living in Belgium must go on the run with his estranged teen daughter when they're both marked for assassination.</field>
</item><item>
	<field name="show_id">81010872</field>
	<field name="title">The Mistress</field>
	<field name="director">Olivia M. Lamasan</field>
	<field name="cast">John Lloyd Cruz, Bea Alonzo, Hilda Koronel, Ronaldo Valdez, Anita Linda, Carmi Martin</field>
	<field name="country">Philippines</field>
	<field name="date_added">February 27, 2019</field>
	<field name="rating">TV-14</field>
	<field name="duration">132 min</field>
	<field name="listed_in">Dramas, International Movies, Romantic Movies</field>
	<field name="description">The mistress of a wealthy businessman is torn between her loyalty to him and her love for a young architect connected to her in unexpected ways.</field>
</item><item>
	<field name="show_id">70251896</field>
	<field name="title">Lincoln</field>
	<field name="director">Steven Spielberg</field>
	<field name="cast">Daniel Day-Lewis, Sally Field, David Strathairn, Joseph Gordon-Levitt, James Spader, Hal Holbrook, Tommy Lee Jones, Jackie Earle Haley, John Hawkes, Jared Harris, Joseph Cross, Tim Blake Nelson, David Oyelowo, Bruce McGill</field>
	<field name="country">United States, India</field>
	<field name="date_added">February 21, 2018</field>
	<field name="rating">PG-13</field>
	<field name="duration">150 min</field>
	<field name="listed_in">Dramas</field>
	<field name="description">Director Steven Spielberg takes on the towering legacy of Abraham Lincoln, focusing on his stewardship of the Union during the Civil War years.</field>
</item><item>
	<field name="show_id">70307570</field>
	<field name="title">Abominable Christmas</field>
	<field name="director">Chad Van De Keere</field>
	<field name="cast">Isabella Acres, Drake Bell, Emilio Estevez, Nolan Gould, Matthew Lillard, Ray Liotta, Jane Lynch, Ariel Winter</field>
	<field name="country">United States</field>
	<field name="date_added">February 18, 2016</field>
	<field name="rating">TV-Y7</field>
	<field name="duration">44 min</field>
	<field name="listed_in">Children & Family Movies, Comedies</field>
	<field name="description">Two small abominable snowmen flee their mountain to escape a scientist who's trying to capture them and end up spending Christmas with a human family.</field>
</item><item>
	<field name="show_id">80081337</field>
	<field name="title">Dear Dracula</field>
	<field name="director">Chad Van De Keere</field>
	<field name="cast">Nathan Gamble, Ray Liotta, Emilio Estevez, Ariel Winter, Matthew Lillard, Yuri Lowenthal, Marion Ross, Tara Strong</field>
	<field name="country">United States</field>
	<field name="date_added">February 18, 2016</field>
	<field name="rating">TV-Y7-FV</field>
	<field name="duration">43 min</field>
	<field name="listed_in">Children & Family Movies, Comedies</field>
	<field name="description">When he gets a fan letter from a young monster movie buff, Dracula visits him and soon has a new friend helping him to get his confidence back.</field>
</item><item>
	<field name="show_id">80095232</field>
	<field name="title">Buddies</field>
	<field name="director">Marcelo Galvão</field>
	<field name="cast">Ariel Goldenberg, Rita Pokk, Breno Viola, Lima Duarte, Marco Luque, Daniel Torres, Monaliza Marchi, Amélia Bittencourt, Giulia de Souza Merigo, Deto Montenegro, Rui Unas</field>
	<field name="country">Brazil</field>
	<field name="date_added">February 15, 2019</field>
	<field name="rating">TV-MA</field>
	<field name="duration">103 min</field>
	<field name="listed_in">Comedies, Dramas, Independent Movies</field>
	<field name="description">Inspired by the movie "Thelma & Louise," three young people with Down syndrome leave the institution where they live to take a road trip together.</field>
</item><item>
	<field name="show_id">81067759</field>
	<field name="title">Fatso</field>
	<field name="director">Rajat Kapoor</field>
	<field name="cast">Ranvir Shorey, Gul Panag, Purab Kohli, Neil Bhoopalam, Gunjan Bakshi, Saurabh Shukla, Atul Kumar, Brijendra Kala, Bharati Achrekar, Rahul Vohra</field>
	<field name="country">India</field>
	<field name="date_added">February 15, 2019</field>
	<field name="rating">TV-14</field>
	<field name="duration">97 min</field>
	<field name="listed_in">Comedies, Dramas, International Movies</field>
	<field name="description">Killed too soon due to a clerical error in heaven, a man is sent back to earth with a new lease on life, this time in the body of his portly friend.</field>
</item><item>
	<field name="show_id">80201622</field>
	<field name="title">Tukaram</field>
	<field name="director">Chandrakant Kulkarni</field>
	<field name="cast">Jitendra Joshi, Prateeksha Lonkar, Sharad Ponkshe, Radhika Apte, Veena Jamkar, Yatin Karyekar, Smita Tambe, Vrishasen Dabholkar</field>
	<field name="country">India</field>
	<field name="date_added">February 15, 2018</field>
	<field name="rating">TV-PG</field>
	<field name="duration">162 min</field>
	<field name="listed_in">Dramas, Faith & Spirituality, International Movies</field>
	<field name="description">A child whose innocence and devotion set him apart from the other children of his village grows up to be one of the foremost saints of India.</field>
</item><item>
	<field name="show_id">81045511</field>
	<field name="title">Todd Glass: Stand-Up Special</field>
	<field name="director">Jay Chapman</field>
	<field name="cast">Todd Glass</field>
	<field name="country">United States</field>
	<field name="date_added">December 31, 2018</field>
	<field name="rating">TV-MA</field>
	<field name="duration">46 min</field>
	<field name="listed_in">Stand-Up Comedy</field>
	<field name="description">Standup comedian Todd Glass gets right down to it, with sly observations on accepting directions, denying compliments and being afraid of the dark.</field>
</item><item>
	<field name="show_id">80208084</field>
	<field name="title">Numbered</field>
	<field name="director">Dana Doron, Uriel Sinai</field>
	<field name="cast">nan</field>
	<field name="country">Israel</field>
	<field name="date_added">December 31, 2017</field>
	<field name="rating">TV-PG</field>
	<field name="duration">55 min</field>
	<field name="listed_in">Documentaries, International Movies</field>
	<field name="description">Guided by survivors' testimonies, this documentary explores the history and meaning of the numbers tattooed on the bodies of Auschwitz prisoners.</field>
</item><item>
	<field name="show_id">70301620</field>
	<field name="title">Rezeta</field>
	<field name="director">Fernando Frías De La Parra</field>
	<field name="cast">Rezeta Veliu, Roger Mendoza, Emiliano Becerríl, Sebastián Cordova, Paulina Dávila</field>
	<field name="country">Mexico</field>
	<field name="date_added">December 3, 2016</field>
	<field name="rating">NR</field>
	<field name="duration">84 min</field>
	<field name="listed_in">Dramas, Independent Movies, International Movies</field>
	<field name="description">Gorgeous and free-spirited Albanian model Rezeta arrives in Mexico City, and soon uses her charms to take up a carefree new life in the metropolis.</field>
</item><item>
	<field name="show_id">70213471</field>
	<field name="title">Lawless</field>
	<field name="director">John Hillcoat</field>
	<field name="cast">Shia LaBeouf, Jessica Chastain, Jason Clarke, Guy Pearce, Lew Temple, Gary Oldman, Tim Tolin, Dane DeHaan, Mia Wasikowska, Chris McGarry, Tom Hardy</field>
	<field name="country">United States</field>
	<field name="date_added">December 29, 2019</field>
	<field name="rating">R</field>
	<field name="duration">116 min</field>
	<field name="listed_in">Dramas</field>
	<field name="description">This true-to-life action saga profiles Virginia's bootlegging Bondurant brothers, whose exploits during the Prohibition era made them outlaw heroes.</field>
</item><item>
	<field name="show_id">81024730</field>
	<field name="title">Life Ki Toh Lag Gayi</field>
	<field name="director">Rakesh Mehta</field>
	<field name="cast">Kay Kay Menon, Ranvir Shorey, Manu Rishi Chadha, Pradhuman Singh, Neha Bhasin, Jackie Shroff, Asrani, Neeraj Vora, Sharat Saxena, Tom Alter</field>
	<field name="country">India</field>
	<field name="date_added">December 28, 2018</field>
	<field name="rating">TV-14</field>
	<field name="duration">109 min</field>
	<field name="listed_in">Action & Adventure, Comedies, Dramas</field>
	<field name="description">A vengeful son, a cop on a mission, a wannabe actress and a jilted lover find their lives intermingling in unexpected ways over 24 hours in Mumbai.</field>
</item><item>
	<field name="show_id">81024717</field>
	<field name="title">Rehmataan</field>
	<field name="director">nan</field>
	<field name="cast">Sukhjinder Shera, Guggu Gill, Deep Dhillon, Raj Virk, Surinder Shinda</field>
	<field name="country">India</field>
	<field name="date_added">December 28, 2018</field>
	<field name="rating">TV-14</field>
	<field name="duration">116 min</field>
	<field name="listed_in">Dramas, International Movies, Romantic Movies</field>
	<field name="description">As unemployment, drug addiction and corruption plague a society, this drama depicts the people who believe there’s still good in the world.</field>
</item><item>
	<field name="show_id">70253590</field>
	<field name="title">Pusher</field>
	<field name="director">Luis Prieto</field>
	<field name="cast">Richard Coyle, Bronson Webb, Agyness Deyn, Mem Ferda, Zlatko Buric, Paul Kaye, Bill Thomas, Neil Maskell, Daisy Lewis</field>
	<field name="country">United Kingdom</field>
	<field name="date_added">December 27, 2017</field>
	<field name="rating">R</field>
	<field name="duration">89 min</field>
	<field name="listed_in">Action & Adventure</field>
	<field name="description">In this remake of a 1996 Danish thriller, a drug pusher incurs his suppliers' wrath when he gets busted and is left without the money he owes.</field>
</item><item>
	<field name="show_id">81036532</field>
	<field name="title">Imperfect</field>
	<field name="director">Steve Cheng</field>
	<field name="cast">Edwin Goh, Ian Fang Weijie, Phua Yida, Kimberly Chia</field>
	<field name="country">Singapore</field>
	<field name="date_added">December 20, 2018</field>
	<field name="rating">TV-MA</field>
	<field name="duration">95 min</field>
	<field name="listed_in">Action & Adventure, International Movies</field>
	<field name="description">After a brawl lands him in a Boys’ Home, a teen seems to be on a promising path until loyalty to his gangster buddy leads to even bigger trouble.</field>
</item><item>
	<field name="show_id">70262614</field>
	<field name="title">Talaash</field>
	<field name="director">Reema Kagti</field>
	<field name="cast">Aamir Khan, Rani Mukerji, Kareena Kapoor, Nawazuddin Siddiqui, Shernaz Patel, Sheeba Chaddha</field>
	<field name="country">India</field>
	<field name="date_added">December 15, 2019</field>
	<field name="rating">TV-MA</field>
	<field name="duration">140 min</field>
	<field name="listed_in">Dramas, International Movies, Thrillers</field>
	<field name="description">Set in the jumbled landscape of Mumbai, this mystery drama centers on a police inspector who's trying to cope with the collapse of his marriage.</field>
</item><item>
	<field name="show_id">70243446</field>
	<field name="title">Silent Hill: Revelation</field>
	<field name="director">M.J. Bassett</field>
	<field name="cast">Deborah Kara Unger, Adelaide Clemens, Sean Bean, Malcolm McDowell, Carrie-Anne Moss, Radha Mitchell, Martin Donovan, Kit Harington</field>
	<field name="country">Canada, France, United States</field>
	<field name="date_added">December 13, 2019</field>
	<field name="rating">R</field>
	<field name="duration">94 min</field>
	<field name="listed_in">Horror Movies</field>
	<field name="description">Haunted by nightmares and her father's disappearance, Heather goes on the hunt for him – and discovers a disturbing truth about her own identity.</field>
</item><item>
	<field name="show_id">70229213</field>
	<field name="title">Searching for Sugar Man</field>
	<field name="director">Malik Bendjelloul</field>
	<field name="cast">Rodriguez</field>
	<field name="country">Sweden, United Kingdom, Finland</field>
	<field name="date_added">December 1, 2019</field>
	<field name="rating">PG-13</field>
	<field name="duration">86 min</field>
	<field name="listed_in">Documentaries, International Movies, Music & Musicals</field>
	<field name="description">Decades after Detroit singer-songwriter Rodriguez disappeared following the commercial failure of his albums, two fans try to track down their idol.</field>
</item><item>
	<field name="show_id">70236586</field>
	<field name="title">Tezz</field>
	<field name="director">Priyadarshan</field>
	<field name="cast">Anil Kapoor, Ajay Devgn, Boman Irani, Kangna Ranaut, Zayed Khan, Mallika Sherawat, Avika Gor, Dominic Power, Sameera Reddy, Mohanlal</field>
	<field name="country">United Kingdom, India</field>
	<field name="date_added">December 1, 2017</field>
	<field name="rating">TV-MA</field>
	<field name="duration">121 min</field>
	<field name="listed_in">Action & Adventure, International Movies, Music & Musicals</field>
	<field name="description">This high-octane thriller tells the story of a man on a mission to reclaim what was taken from him and the agent who's determined to stop him.</field>
</item><item>
	<field name="show_id">70304914</field>
	<field name="title">Maria Bamford: The Special Special Special</field>
	<field name="director">Jordan Brady</field>
	<field name="cast">Maria Bamford, Wayne Federman, Jackie Kashian</field>
	<field name="country">United States</field>
	<field name="date_added">August 25, 2018</field>
	<field name="rating">TV-MA</field>
	<field name="duration">50 min</field>
	<field name="listed_in">Stand-Up Comedy</field>
	<field name="description">Spend an evening with gleeful, oh-so-awkward Maria Bamford via her cozy, shot-at-home comedy special, which has a two-person audience: her parents.</field>
</item><item>
	<field name="show_id">70242938</field>
	<field name="title">For Greater Glory</field>
	<field name="director">Dean Wright</field>
	<field name="cast">Rubén Blades, Bruce Greenwood, Bruce McGill, Peter O'Toole, Andy Garcia, Nestor Carbonell, Eduardo Verástegui, Catalina Sandino Moreno, Eva Longoria, Santiago Cabrera, Adrian Alonso, Oscar Isaac, Mauricio Kuri</field>
	<field name="country">Mexico</field>
	<field name="date_added">August 2, 2019</field>
	<field name="rating">R</field>
	<field name="duration">145 min</field>
	<field name="listed_in">Dramas, International Movies</field>
	<field name="description">When a vicious war against Catholics is waged in Mexico in the 1920s, a retired general joins the militia fighting to preserve religious freedom.</field>
</item><item>
	<field name="show_id">70219529</field>
	<field name="title">Joker</field>
	<field name="director">Shirish Kunder</field>
	<field name="cast">Akshay Kumar, Sonakshi Sinha, Shreyas Talpade, Minissha Lamba, Pitobash, Darshan Jariwala, Alexx O'Nell, Asrani, Sanjay Mishra, Vrijesh Hirjee</field>
	<field name="country">India</field>
	<field name="date_added">August 2, 2018</field>
	<field name="rating">TV-PG</field>
	<field name="duration">98 min</field>
	<field name="listed_in">Comedies, International Movies, Music & Musicals</field>
	<field name="description">A remote village situated neither in India or Pakistan becomes its own republic after inmates at the local mental asylum bust loose and take over.</field>
</item><item>
	<field name="show_id">70229043</field>
	<field name="title">Rowdy Rathore</field>
	<field name="director">Prabhu Deva</field>
	<field name="cast">Akshay Kumar, Sonakshi Sinha, Nasser, Yashpal Sharma, Paresh Ganatra, Gurdip Kohli, Mushtaq Khan, Amit Kumar Tiwari</field>
	<field name="country">India</field>
	<field name="date_added">August 2, 2018</field>
	<field name="rating">TV-MA</field>
	<field name="duration">137 min</field>
	<field name="listed_in">Action & Adventure, Comedies, International Movies</field>
	<field name="description">A con man uncovers a deadly secret and must save his lady love, the little girl who insists she's his daughter and the small-town locals from the mob.</field>
</item><item>
	<field name="show_id">70229041</field>
	<field name="title">Tere Naal Love Ho Gaya</field>
	<field name="director">Mandeep Kumar</field>
	<field name="cast">Riteish Deshmukh, Genelia D'Souza, Tinnu Anand, Om Puri, Smita Jaykar, Chitrashi Rawat, Navin Prabhakar, Kartar Cheema</field>
	<field name="country">India</field>
	<field name="date_added">August 2, 2018</field>
	<field name="rating">TV-PG</field>
	<field name="duration">127 min</field>
	<field name="listed_in">Comedies, International Movies, Romantic Movies</field>
	<field name="description">Mini isn't eager to wed the rich suitor who's been chosen for her, so she stages her own kidnapping and runs off with a man who works for her father.</field>
</item><item>
	<field name="show_id">80999983</field>
	<field name="title">Oh My Ghost 3</field>
	<field name="director">Poj Arnon</field>
	<field name="cast">Kohtee Aramboy, Yingsak Chonglertjetsadawong, Jaturong Mokjok, Waraphat Phatsathit, Wiradit Srimalai, Ekkachai Srivichai, Varuth Waratham, Butsarin Yokpraipan</field>
	<field name="country">Thailand</field>
	<field name="date_added">August 16, 2018</field>
	<field name="rating">TV-MA</field>
	<field name="duration">103 min</field>
	<field name="listed_in">Comedies, Horror Movies, International Movies</field>
	<field name="description">After a body is discovered in their building, a vengeful, paranormal presence begins to affect Taew, Mod Dum and Cartoon's business.</field>
</item><item>
	<field name="show_id">70237054</field>
	<field name="title">Jim Gaffigan: Mr. Universe</field>
	<field name="director">Jay Karas</field>
	<field name="cast">Jim Gaffigan</field>
	<field name="country">United States</field>
	<field name="date_added">August 11, 2016</field>
	<field name="rating">TV-14</field>
	<field name="duration">77 min</field>
	<field name="listed_in">Stand-Up Comedy</field>
	<field name="description">Funnyman Jim Gaffigan offers up his unique take on everything from Disney World to overweight whales in this live show from Washington, D.C.</field>
</item><item>
	<field name="show_id">70236587</field>
	<field name="title">Ferrari Ki Sawaari</field>
	<field name="director">Rajesh Mapuskar</field>
	<field name="cast">Sharman Joshi, Boman Irani, Ritwik Sahore, Paresh Rawal, Deepak Shirke, Satyadeep Misra, Aakash Dabhade, Nilesh Diwekar, Vidya Balan</field>
	<field name="country">India</field>
	<field name="date_added">August 1, 2019</field>
	<field name="rating">TV-PG</field>
	<field name="duration">133 min</field>
	<field name="listed_in">Comedies, International Movies, Sports Movies</field>
	<field name="description">A father winds up involved with a stolen Ferrari as he tries to acquire the money to send his son to the leading cricket academy.</field>
</item><item>
	<field name="show_id">70233317</field>
	<field name="title">Chernobyl Diaries</field>
	<field name="director">Bradley Parker</field>
	<field name="cast">Ingrid Bolsø Berdal, Dimitri Diatchenko, Olivia Taylor Dudley, Devin Kelley, Jesse McCartney, Nathan Phillips, Jonathan Sadowski, Alex Feldman, Kristof Konrad, Pasha D. Lychnikoff</field>
	<field name="country">United States</field>
	<field name="date_added">August 1, 2018</field>
	<field name="rating">R</field>
	<field name="duration">88 min</field>
	<field name="listed_in">Horror Movies, Thrillers</field>
	<field name="description">A group of kids takes an illegal tour through an abandoned city near Chernobyl, where mysterious humanoid forms begin to haunt their steps...</field>
</item><item>
	<field name="show_id">70248183</field>
	<field name="title">Cloud Atlas</field>
	<field name="director">Lilly Wachowski, Lana Wachowski, Tom Tykwer</field>
	<field name="cast">Tom Hanks, Halle Berry, Jim Broadbent, Hugo Weaving, Jim Sturgess, Doona Bae, Ben Whishaw, Keith David, James D'Arcy, Zhou Xun</field>
	<field name="country">Germany, United States, Hong Kong, Singapore</field>
	<field name="date_added">August 1, 2017</field>
	<field name="rating">R</field>
	<field name="duration">172 min</field>
	<field name="listed_in">Action & Adventure, Cult Movies, Dramas</field>
	<field name="description">In this star-studded drama, six seemingly disparate stories explore the complicated links that humanity shares through the generations.</field>
</item><item>
	<field name="show_id">81035865</field>
	<field name="title">An Hour and a Half</field>
	<field name="director">Wael Ehsan</field>
	<field name="cast">Eyad Nassar, Ahmed Bedir, Fathy Abdel Wahab, Sawsan Badr, Maged El Kedwany, Tarek Abdel Aziz, Karima Mokhtar, Yousra El Lozy, Somaya El Khashab, Mohamed Emam</field>
	<field name="country">Egypt</field>
	<field name="date_added">April 26, 2019</field>
	<field name="rating">TV-14</field>
	<field name="duration">87 min</field>
	<field name="listed_in">Dramas, International Movies</field>
	<field name="description">Based on the 2002 El Ayyat train accident, this drama begins 90 minutes before the explosion, following the lives of riders in the third-class cars.</field>
</item><item>
	<field name="show_id">70260989</field>
	<field name="title">Kon-Tiki</field>
	<field name="director">Joachim Rønning, Espen Sandberg</field>
	<field name="cast">Pål Sverre Hagen, Anders Baasmo Christiansen, Tobias Santelmann, Gustaf Skarsgård, Odd Magnus Williamson, Jakob Oftebro, Agnes Kittelsen, Peter Wight, Amund Hellum Noraker, Eilif Hellum Noraker</field>
	<field name="country">United Kingdom, Norway, Denmark, Germany, Sweden</field>
	<field name="date_added">April 26, 2019</field>
	<field name="rating">PG-13</field>
	<field name="duration">96 min</field>
	<field name="listed_in">Action & Adventure, Dramas, International Movies</field>
	<field name="description">With five loyal friends in tow, explorer Thor Heyerdahl sails a fragile balsa wood raft along an ancient path some 4,300 miles across the Pacific.</field>
</item><item>
	<field name="show_id">70242568</field>
	<field name="title">The Sapphires</field>
	<field name="director">Wayne Blair</field>
	<field name="cast">Chris O'Dowd, Deborah Mailman, Jessica Mauboy, Shari Sebbens, Miranda Tapsell, Tory Kittles, Eka Darville, Tammy Anderson, Lynette Narkle, Kylie Belling</field>
	<field name="country">Australia</field>
	<field name="date_added">April 26, 2019</field>
	<field name="rating">PG-13</field>
	<field name="duration">99 min</field>
	<field name="listed_in">Comedies, Dramas, Independent Movies</field>
	<field name="description">Sisters Gail, Cynthia and Julie have talent, but their career takes off when promoter Dave convinces them to tour for U.S. troops in Vietnam.</field>
</item><item>
	<field name="show_id">81035869</field>
	<field name="title">A Mission in an Old Movie</field>
	<field name="director">Ahmad El-Badri</field>
	<field name="cast">Edward, Fifi Abdo, Lotfy Labib, Madeleine Matar, Nahla Zaki, Ahmed Fathy, Said Tarabeek, Badriya Tolba, Eman El-Sayed</field>
	<field name="country">nan</field>
	<field name="date_added">April 25, 2019</field>
	<field name="rating">TV-MA</field>
	<field name="duration">98 min</field>
	<field name="listed_in">Comedies, International Movies</field>
	<field name="description">A young man struggles with his overbearing mother while looking for romance and a way to kick-start his show business career.</field>
</item><item>
	<field name="show_id">81035862</field>
	<field name="title">Omar and Salma 3</field>
	<field name="director">Mohamed Samy</field>
	<field name="cast">Tamer Hosny, Mai Ezzidine, Ezzat Abou Aouf, Lamitta Frangieh</field>
	<field name="country">Egypt</field>
	<field name="date_added">April 25, 2019</field>
	<field name="rating">TV-MA</field>
	<field name="duration">97 min</field>
	<field name="listed_in">Comedies, International Movies, Romantic Movies</field>
	<field name="description">In this second sequel of the trilogy, marital strife brews as Omar pursues a music career despite Salma’s wishes that he opt for a more stable job.</field>
</item><item>
	<field name="show_id">70241596</field>
	<field name="title">Mac & Devin Go to High School</field>
	<field name="director">Dylan C. Brown</field>
	<field name="cast">Snoop Dogg, Wiz Khalifa, Mike Epps, Teairra Mari, Derek Kane, Luenell, Teni Panosian, Paul Iacono, Andy Milonakis, Mystikal</field>
	<field name="country">United States</field>
	<field name="date_added">April 20, 2016</field>
	<field name="rating">R</field>
	<field name="duration">76 min</field>
	<field name="listed_in">Comedies</field>
	<field name="description">Devin Overstreet may be the class valedictorian, but he hasn't had much life experience. Enter Mac Johnson, a 10th-year senior and weed dealer.</field>
</item><item>
	<field name="show_id">81035861</field>
	<field name="title">Abdo Mota</field>
	<field name="director">nan</field>
	<field name="cast">Mohamed Ramadan</field>
	<field name="country">Egypt</field>
	<field name="date_added">April 19, 2019</field>
	<field name="rating">TV-MA</field>
	<field name="duration">100 min</field>
	<field name="listed_in">Action & Adventure, Dramas, International Movies</field>
	<field name="description">Following the mysterious death of his parents, a young man finds himself enmeshed in the dark world of drugs and crime.</field>
</item><item>
	<field name="show_id">70298251</field>
	<field name="title">John Mulaney: New in Town</field>
	<field name="director">Ryan Polito</field>
	<field name="cast">John Mulaney</field>
	<field name="country">United States</field>
	<field name="date_added">April 1, 2018</field>
	<field name="rating">NR</field>
	<field name="duration">60 min</field>
	<field name="listed_in">Stand-Up Comedy</field>
	<field name="description">Stand-up comedian John Mulaney tackles such red-hot topics as quicksand, Motown singers and an elderly man he once met in a bathroom.</field>
</item><item>
	<field name="show_id">80170612</field>
	<field name="title">Celluloid Man</field>
	<field name="director">Shivendra Singh Dungarpur</field>
	<field name="cast">P.K. Nair</field>
	<field name="country">India</field>
	<field name="date_added">April 1, 2017</field>
	<field name="rating">TV-PG</field>
	<field name="duration">156 min</field>
	<field name="listed_in">Documentaries, International Movies</field>
	<field name="description">This documentary chronicles the philosophy and life's work of archivist P.K. Nair, who made a mission of preserving Indian cinema’s rich history.</field>
</item>