<item>
	<field name="show_id">80135278</field>
	<field name="title">The Beat</field>
	<field name="director">nan</field>
	<field name="cast">Henley Hii, Yise Loo, Aric Ho, Tiffany Leong, Issac Dang, Christy Yow</field>
	<field name="country">nan</field>
	<field name="date_added">September 18, 2017</field>
	<field name="rating">TV-PG</field>
	<field name="duration">1 Season</field>
	<field name="listed_in">International TV Shows, TV Dramas</field>
	<field name="description">The artistic pursuits of two childhood friends, an aspiring singer and a talented dancer, lead them to four other 20-somethings in a drumming group.</field>
</item><item>
	<field name="show_id">81025309</field>
	<field name="title">Ghost Town Gold</field>
	<field name="director">nan</field>
	<field name="cast">Brit Eaton, Scott Glaves</field>
	<field name="country">United States</field>
	<field name="date_added">October 2, 2019</field>
	<field name="rating">TV-14</field>
	<field name="duration">1 Season</field>
	<field name="listed_in">Reality TV</field>
	<field name="description">Two history buffs with an eye for valuables traverse through forgotten mines and abandoned landmarks in the wild, wild West to score collectibles.</field>
</item><item>
	<field name="show_id">80136454</field>
	<field name="title">Laws of Attraction</field>
	<field name="director">nan</field>
	<field name="cast">Wayne Chua, Frederick Lee, Steve Yap, Tiffany Leong, Aenie Wong, Kyo Chen, Angie Seow</field>
	<field name="country">nan</field>
	<field name="date_added">October 16, 2017</field>
	<field name="rating">TV-14</field>
	<field name="duration">1 Season</field>
	<field name="listed_in">International TV Shows, Romantic TV Shows, TV Comedies</field>
	<field name="description">Four couples – a speed-dating pair, a husband and wife, a man living with an older woman and co-workers with opposite views – weather ups and downs.</field>
</item><item>
	<field name="show_id">80156995</field>
	<field name="title">Justice in the City</field>
	<field name="director">nan</field>
	<field name="cast">Chris Tong, Shaun Chen, Emily Lim, Remus Kam, Zhang Shui Fa</field>
	<field name="country">nan</field>
	<field name="date_added">October 1, 2017</field>
	<field name="rating">TV-14</field>
	<field name="duration">1 Season</field>
	<field name="listed_in">International TV Shows, TV Dramas</field>
	<field name="description">Repeatedly on opposite sides of civil cases, two lawyers fall in love outside the courtroom, but circumstances hinder their romance from blossoming.</field>
</item><item>
	<field name="show_id">80097248</field>
	<field name="title">Masha's Spooky Stories</field>
	<field name="director">nan</field>
	<field name="cast">nan</field>
	<field name="country">United States, Russia</field>
	<field name="date_added">October 1, 2016</field>
	<field name="rating">TV-Y</field>
	<field name="duration">1 Season</field>
	<field name="listed_in">Kids' TV</field>
	<field name="description">Masha explains why there's no need to be scared of things like monsters, the dark, going to a new school, thunder and other common childhood fears.</field>
</item><item>
	<field name="show_id">81014239</field>
	<field name="title">The Great British Baking Show: The Beginnings</field>
	<field name="director">nan</field>
	<field name="cast">Paul Hollywood, Mary Berry, Mel Giedroyc, Sue Perkins</field>
	<field name="country">nan</field>
	<field name="date_added">November 1, 2018</field>
	<field name="rating">TV-PG</field>
	<field name="duration">1 Season</field>
	<field name="listed_in">British TV Shows, Reality TV</field>
	<field name="description">A dozen amateur bakers amiably compete for the coveted title of Britain's best as they whip up tasty treats for judges Mary Berry and Paul Hollywood.</field>
</item><item>
	<field name="show_id">80112075</field>
	<field name="title">Love Me or Leave Me</field>
	<field name="director">nan</field>
	<field name="cast">Ann Hsu, Chris Wang, Alan Kuo, K'ang-i Lee, Albee Huang</field>
	<field name="country">Taiwan</field>
	<field name="date_added">November 1, 2016</field>
	<field name="rating">TV-14</field>
	<field name="duration">1 Season</field>
	<field name="listed_in">International TV Shows, Romantic TV Shows, TV Comedies</field>
	<field name="description">When a marriage-phobic woman hires a seductress to test how faithful her eager-to-wed boyfriend is, her plan takes an unexpected turn.</field>
</item><item>
	<field name="show_id">70303291</field>
	<field name="title">Love Now</field>
	<field name="director">nan</field>
	<field name="cast">Annie Chen, George Hu, Bobby Dou, Vivi Lee, Harry Chang, Esther Yang, Mandy Wei</field>
	<field name="country">Taiwan</field>
	<field name="date_added">November 1, 2016</field>
	<field name="rating">TV-14</field>
	<field name="duration">1 Season</field>
	<field name="listed_in">International TV Shows, Romantic TV Shows, TV Comedies</field>
	<field name="description">When her loved ones cook up a morbid plan to make her take time off from work, Yang Yiru goes on a vacation, truly believing she has terminal cancer.</field>
</item><item>
	<field name="show_id">80091783</field>
	<field name="title">Can We Get Married?</field>
	<field name="director">nan</field>
	<field name="cast">Sung Jun, So-min Jung, Sung-min Kim, Ae-yeon Jeong, Mi-sook Lee, Eun-sook Sunwoo, Seok-woo Kang, Young-kwang Kim, Han Groo, Jin-soo Kim</field>
	<field name="country">South Korea</field>
	<field name="date_added">May 22, 2017</field>
	<field name="rating">TV-14</field>
	<field name="duration">1 Season</field>
	<field name="listed_in">International TV Shows, Korean TV Shows, Romantic TV Shows</field>
	<field name="description">On the cusp of marriage or divorce, four couples consider the meaning of love, sharing a life, meddling families and the weight of their commitment.</field>
</item><item>
	<field name="show_id">80122237</field>
	<field name="title">Classic Legends</field>
	<field name="director">nan</field>
	<field name="cast">Javed Akhtar</field>
	<field name="country">India</field>
	<field name="date_added">May 15, 2017</field>
	<field name="rating">TV-PG</field>
	<field name="duration">1 Season</field>
	<field name="listed_in">Docuseries, International TV Shows</field>
	<field name="description">This documentary series explores the glamour of Bollywood through the stories of the men and women who have illuminated its screens.</field>
</item><item>
	<field name="show_id">80066146</field>
	<field name="title">Love Rain</field>
	<field name="director">nan</field>
	<field name="cast">Keun-suk Jang, Yoon-ah Im, Shi-hoo Kim, Eun-seo Son, In-guk Seo, Bo-ra Hwang, Jin-young Jung, Mi-sook Lee</field>
	<field name="country">South Korea</field>
	<field name="date_added">May 1, 2018</field>
	<field name="rating">TV-PG</field>
	<field name="duration">1 Season</field>
	<field name="listed_in">International TV Shows, Korean TV Shows, Romantic TV Shows</field>
	<field name="description">A story of two couples' journey of new love, loss and unexpected reunion spans decades, from the 1970s through present day.</field>
</item><item>
	<field name="show_id">80179831</field>
	<field name="title">JoJo's Bizarre Adventure</field>
	<field name="director">nan</field>
	<field name="cast">Kazuyuki Okitsu, Takehito Koyasu, Yoku Shioya, Yoji Ueda, Ayako Kawasumi, Tomokazu Sugita, Takuya Sato, Atsuko Tanaka, Atsushi Imaruoka, Daisuke Ono, Unsho Ishizuka, Kenta Miyake, Daisuke Hirakawa, Fuminori Komatsu, Yuki Ono, Yuki Kaji, Wataru Takagi, Takahiro Sakurai, Kensho Ono, Yuichi Nakamura, Junichi Suwabe, Kohsuke Toriumi, Daiki Yamashita, Junya Enoki</field>
	<field name="country">Japan</field>
	<field name="date_added">March 8, 2019</field>
	<field name="rating">TV-MA</field>
	<field name="duration">1 Season</field>
	<field name="listed_in">Anime Series, International TV Shows</field>
	<field name="description">Multiple generations of the Joestar family – all with the same nickname – confront supernatural villains through a series of time periods.</field>
</item><item>
	<field name="show_id">70281026</field>
	<field name="title">The Fear</field>
	<field name="director">Michael Samuels</field>
	<field name="cast">Peter Mullan, Anastasia Hille, Harry Lloyd, Paul Nicholls, Demosthenes Chrysan, Dragos Bucur, Shaban Arifi, Julia Ragnarsson, Danny Sapani, Nigel Lindsay, Osy Ikhile, Sidney Kean, Lisa McAllister, Catherine Winter, Amarildo Kola, Julius Peter Wells</field>
	<field name="country">United Kingdom</field>
	<field name="date_added">March 31, 2017</field>
	<field name="rating">TV-MA</field>
	<field name="duration">1 Season</field>
	<field name="listed_in">British TV Shows, Crime TV Shows, TV Dramas</field>
	<field name="description">Richie Beckett is an aging Brighton crime boss who's struggling with the onset of dementia, just as a rival gang is trying to take over his territory.</field>
</item><item>
	<field name="show_id">80035684</field>
	<field name="title">Pablo Escobar, el patrón del mal</field>
	<field name="director">nan</field>
	<field name="cast">Andrés Parra, Angie Cepeda, Cecilia Navia, Vicky Hernández, Christian Tappán, Rodolfo Silva, Tommy Vasquez, Toto Vega, Nicolás Montero, Marcela Gallego</field>
	<field name="country">Colombia</field>
	<field name="date_added">June 1, 2017</field>
	<field name="rating">TV-MA</field>
	<field name="duration">1 Season</field>
	<field name="listed_in">Crime TV Shows, International TV Shows, Spanish-Language TV Shows</field>
	<field name="description">From his days as a petty thief to becoming head of a drug-trafficking empire, this riveting series charts the life of the infamous Pablo Escobar.</field>
</item><item>
	<field name="show_id">80121871</field>
	<field name="title">Rab Se Sohna Isshq</field>
	<field name="director">nan</field>
	<field name="cast">Ekta Kaul, Ashish Sharma, Kanan Malhotra, Sukirti Kandpal</field>
	<field name="country">nan</field>
	<field name="date_added">June 1, 2017</field>
	<field name="rating">TV-14</field>
	<field name="duration">1 Season</field>
	<field name="listed_in">International TV Shows, Romantic TV Shows, TV Dramas</field>
	<field name="description">A complex love triangle goes horribly wrong in this epic, multigenerational saga involving romance, revenge, mistaken identity and amnesia.</field>
</item><item>
	<field name="show_id">80160391</field>
	<field name="title">King’s War</field>
	<field name="director">nan</field>
	<field name="cast">Chen Daoming, Peter Ho, Duan Yihong, Qin Lan, Li Yixiao, Yang Lixin, You Yong, Yu Hewei</field>
	<field name="country">nan</field>
	<field name="date_added">July 7, 2017</field>
	<field name="rating">TV-14</field>
	<field name="duration">1 Season</field>
	<field name="listed_in">International TV Shows, TV Dramas</field>
	<field name="description">In 210 B.C., during the upheaval following the death of Emperor Qin, insurgent warriors Xiang Yu and Liu Bang fight for control of the Chinese empire.</field>
</item><item>
	<field name="show_id">80160597</field>
	<field name="title">Qin Empire: Alliance</field>
	<field name="director">nan</field>
	<field name="cast">Fu Dalong, Ning Jing, Yu Entai, Zhou Bo, Fu Miao, Feihu Sun, Lu Ying, Qiu Yongli</field>
	<field name="country">China</field>
	<field name="date_added">July 7, 2017</field>
	<field name="rating">TV-14</field>
	<field name="duration">1 Season</field>
	<field name="listed_in">International TV Shows, TV Dramas</field>
	<field name="description">During the Warring States period, Qin state ruler Duke Xiao recruits statesman Shang Yang to help enact bold reforms that transform western China.</field>
</item><item>
	<field name="show_id">80224184</field>
	<field name="title">MegaTruckers</field>
	<field name="director">nan</field>
	<field name="cast">nan</field>
	<field name="country">Australia</field>
	<field name="date_added">July 12, 2019</field>
	<field name="rating">TV-PG</field>
	<field name="duration">1 Season</field>
	<field name="listed_in">Reality TV</field>
	<field name="description">This reality ride-along offers a glimpse into the can-do, high-stakes world of big rig drivers who haul massive loads of cargo across Australia.</field>
</item><item>
	<field name="show_id">70294800</field>
	<field name="title">Barbie Life in the Dreamhouse</field>
	<field name="director">nan</field>
	<field name="cast">Kate Higgins, Sean Hankinson, Haviland Stillwell, Paula Rhodes, Charlie Bodin, Laura Gerow, Katie Crown, Nakia Burrise, Tara Sands, Ashlyn Selich</field>
	<field name="country">United States</field>
	<field name="date_added">July 1, 2017</field>
	<field name="rating">TV-G</field>
	<field name="duration">1 Season</field>
	<field name="listed_in">Kids' TV, TV Comedies</field>
	<field name="description">Join blond icon Barbie and her fabulous friends as their behind-the-scenes adventures are revealed in this animated Web series.</field>
</item><item>
	<field name="show_id">80157717</field>
	<field name="title">Yours Fatefully</field>
	<field name="director">nan</field>
	<field name="cast">Kingone Wang, Jesseca Liu, Xiang Yun, Chen Shucheng, Eelyn Kok, Cavin Soh, Sora Ma</field>
	<field name="country">Singapore</field>
	<field name="date_added">July 1, 2017</field>
	<field name="rating">TV-PG</field>
	<field name="duration">1 Season</field>
	<field name="listed_in">International TV Shows, Romantic TV Shows, TV Comedies</field>
	<field name="description">Two lonely singles meet on a blind date and slowly get to know each other, unaware that their parents are friends and may be falling in love.</field>
</item><item>
	<field name="show_id">70251160</field>
	<field name="title">Operation Proposal</field>
	<field name="director">nan</field>
	<field name="cast">Seung-ho Yoo, Eun-bin Park, Kyung-pyo Go, Ye-won Kim, Hyun Jin Lee, Jin-joo Park</field>
	<field name="country">South Korea</field>
	<field name="date_added">July 1, 2016</field>
	<field name="rating">TV-PG</field>
	<field name="duration">1 Season</field>
	<field name="listed_in">International TV Shows, Korean TV Shows, Romantic TV Shows</field>
	<field name="description">On Yi-seul's wedding day, her friend Baek-ho wishes he could turn back time to tell her he loves her. Soon he gets a chance to change everything.</field>
</item><item>
	<field name="show_id">80048250</field>
	<field name="title">The Making of Frozen Planet</field>
	<field name="director">nan</field>
	<field name="cast">David Attenborough</field>
	<field name="country">United Kingdom, United States, Spain, Germany, Greece, Canada</field>
	<field name="date_added">January 28, 2016</field>
	<field name="rating">TV-PG</field>
	<field name="duration">1 Season</field>
	<field name="listed_in">British TV Shows, Docuseries, Science & Nature TV</field>
	<field name="description">Documentary crew members brave Earth's most frigid regions to capture the majesty and mystery found in the chillier side of the animal kingdom.</field>
</item><item>
	<field name="show_id">80140617</field>
	<field name="title">An Innocent Mistake</field>
	<field name="director">nan</field>
	<field name="cast">Jason Wang, Mathilde Lin, Mo Tzu Yi, Xi Man-Ning, Lin Mei-hsiu, Kelly Huang, Joy Pan</field>
	<field name="country">Taiwan</field>
	<field name="date_added">January 1, 2017</field>
	<field name="rating">TV-14</field>
	<field name="duration">1 Season</field>
	<field name="listed_in">International TV Shows, Romantic TV Shows, TV Dramas</field>
	<field name="description">Raised by three mothers, a self-assured teen in turmoil meets the father figure she never had. But she also stands to drive the man and his son apart.</field>
</item><item>
	<field name="show_id">80140938</field>
	<field name="title">In Between</field>
	<field name="director">nan</field>
	<field name="cast">Janel Tsai, Johnny Lu, Darren Chiu, Vivi Lee, Patrick Lee, Fan Kuang-yao</field>
	<field name="country">Taiwan</field>
	<field name="date_added">January 1, 2017</field>
	<field name="rating">TV-14</field>
	<field name="duration">1 Season</field>
	<field name="listed_in">International TV Shows, Romantic TV Shows, TV Comedies</field>
	<field name="description">An author having trouble finishing his new romance novel because he's lost faith in love regains his romantic soul after meeting a flight attendant.</field>
</item><item>
	<field name="show_id">80141033</field>
	<field name="title">What Is Love?</field>
	<field name="director">nan</field>
	<field name="cast">Chris Wu, Jade Chou, Duncan Lai, King Chin, Kimi Hsia, Gina Lim</field>
	<field name="country">Taiwan</field>
	<field name="date_added">January 1, 2017</field>
	<field name="rating">TV-14</field>
	<field name="duration">1 Season</field>
	<field name="listed_in">International TV Shows, Romantic TV Shows, TV Comedies</field>
	<field name="description">A 32-year-old romantic looking for a long-term, monogamous relationship meets a handsome bad boy who only believes in one-night stands.</field>
</item><item>
	<field name="show_id">70259568</field>
	<field name="title">Power Rangers Super Samurai</field>
	<field name="director">nan</field>
	<field name="cast">Alex Heartman, Erika Fong, Hector David Jr., Najee De-Tiege, Brittany Anne Pirtle, Steven Skyler, Rene Naufahu, Felix Ryan, Paul Schrier, Jeff Szusterman, Kate Elliott, Ricardo Medina Jr., Derek Judge, Stig Alred</field>
	<field name="country">United States</field>
	<field name="date_added">January 1, 2016</field>
	<field name="rating">TV-Y7-FV</field>
	<field name="duration">1 Season</field>
	<field name="listed_in">Kids' TV</field>
	<field name="description">The Samurai Power Rangers continue their battle against the evil Master Xandred, who has now joined forces with the malevolent Serrator.</field>
</item><item>
	<field name="show_id">80093829</field>
	<field name="title">Masha's Tales</field>
	<field name="director">nan</field>
	<field name="cast">nan</field>
	<field name="country">nan</field>
	<field name="date_added">February 1, 2016</field>
	<field name="rating">TV-Y</field>
	<field name="duration">1 Season</field>
	<field name="listed_in">Kids' TV</field>
	<field name="description">Fairy tales get a funny twist when Masha retells them, because she tends to get the details just a little jumbled up in this animated kids' series.</field>
</item><item>
	<field name="show_id">80205232</field>
	<field name="title">Girls und Panzer</field>
	<field name="director">Tsutomu Mizushima</field>
	<field name="cast">Mai Fuchigami, Ai Kayano, Mami Ozaki, Ikumi Nakagami, Yuka Iguchi, Misato Fukuen, Mikako Takahashi, Kana Ueda</field>
	<field name="country">Japan</field>
	<field name="date_added">December 15, 2019</field>
	<field name="rating">TV-14</field>
	<field name="duration">1 Season</field>
	<field name="listed_in">Anime Series, International TV Shows</field>
	<field name="description">Miho Nishizumi tries to escape her family's tradition of tankery by enrolling at a new high school. Instead she gets back into the sport with friends.</field>
</item><item>
	<field name="show_id">80126211</field>
	<field name="title">Color of Woman</field>
	<field name="director">nan</field>
	<field name="cast">Jae Hee, Soo-kyung Lee, So-yi Yoon, Ji-ho Shim, Sang-Myeon Park, Joo-young Kim</field>
	<field name="country">South Korea</field>
	<field name="date_added">December 15, 2016</field>
	<field name="rating">TV-14</field>
	<field name="duration">1 Season</field>
	<field name="listed_in">International TV Shows, Korean TV Shows, Romantic TV Shows</field>
	<field name="description">Two women at a cosmetics company compete for love and success. One uses her brain and diligence, while the other works her beauty and charm.</field>
</item><item>
	<field name="show_id">80126185</field>
	<field name="title">Goodbye My Wife</field>
	<field name="director">nan</field>
	<field name="cast">Soo-hyun Hong, Si Won Ryu, Ji-yoon Park, Min-soo Kim, Julien Kang, Joo-eun Oh, Seong-mo Jeong</field>
	<field name="country">South Korea</field>
	<field name="date_added">December 15, 2016</field>
	<field name="rating">TV-14</field>
	<field name="duration">1 Season</field>
	<field name="listed_in">International TV Shows, Korean TV Shows, Romantic TV Shows</field>
	<field name="description">A couple’s five-year marriage is put on the line when each of their first loves comes back hoping for another shot at romance.</field>
</item><item>
	<field name="show_id">80126212</field>
	<field name="title">Happy And</field>
	<field name="director">nan</field>
	<field name="cast">Hee-Jin Lee, Hae-seong Kwon, Paul Stafford, Mi-ji Lee, Ik-tae Kim, Ki-hyeon Kim</field>
	<field name="country">nan</field>
	<field name="date_added">December 15, 2016</field>
	<field name="rating">TV-14</field>
	<field name="duration">1 Season</field>
	<field name="listed_in">International TV Shows, Korean TV Shows, TV Dramas</field>
	<field name="description">This relatable relationship drama explores the real-life trials and joys of married life through the lens of 11 different wives.</field>
</item><item>
	<field name="show_id">80066800</field>
	<field name="title">Immortal Classic</field>
	<field name="director">nan</field>
	<field name="cast">Jae-suk Han, Sun-Young Park, Du-shim Ko, Ye-jin Lim, Jong-hwan Choi, Ha-Nui Lee, Yun-Hoo Ko, Byeong-Ki Kim, Sun-kyung Kim, Yoon-Sik Baek</field>
	<field name="country">South Korea</field>
	<field name="date_added">December 15, 2016</field>
	<field name="rating">TV-14</field>
	<field name="duration">1 Season</field>
	<field name="listed_in">International TV Shows, Korean TV Shows, TV Dramas</field>
	<field name="description">Two renowned culinary families led by legendary food icons battle for the position of greatest chef, while protecting their secret kimchee recipes.</field>
</item><item>
	<field name="show_id">80031595</field>
	<field name="title">K-POP Extreme Survival</field>
	<field name="director">nan</field>
	<field name="cast">Jung Eun Kim, Yu-hwan Park, Eun-ah Go, Yong Hwan Kwak, Jin Hyuk</field>
	<field name="country">South Korea</field>
	<field name="date_added">December 15, 2016</field>
	<field name="rating">TV-14</field>
	<field name="duration">1 Season</field>
	<field name="listed_in">International TV Shows, Korean TV Shows, Romantic TV Shows</field>
	<field name="description">Seung Yeon decides to chase her dream of becoming a K-pop star and audition for a popular group. There's only one catch: It's a boy band.</field>
</item><item>
	<field name="show_id">80126214</field>
	<field name="title">Miss Panda & Mr. Hedgehog</field>
	<field name="director">nan</field>
	<field name="cast">Dong-hae Lee, Seung-ah Yoon, Jin-hyuk Choi, So-young Yoo, Yeo-jin Hong, Min-jin Jung</field>
	<field name="country">South Korea</field>
	<field name="date_added">December 15, 2016</field>
	<field name="rating">TV-14</field>
	<field name="duration">1 Season</field>
	<field name="listed_in">International TV Shows, Korean TV Shows, Romantic TV Shows</field>
	<field name="description">When a gifted patissier with a gloomy past meets a bright and easygoing café owner, he begins to shed his thorns and learns to love again.</field>
</item><item>
	<field name="show_id">80087078</field>
	<field name="title">Zindagi Gulzar Hai</field>
	<field name="director">nan</field>
	<field name="cast">Sanam Saeed, Fawad Khan, Ayesha Omer, Mehreen Raheel, Sheheryar Munawar, Samina Peerzada, Waseem Abbas, Javed Sheikh, Hina Khawaja Bayat</field>
	<field name="country">Pakistan</field>
	<field name="date_added">December 15, 2016</field>
	<field name="rating">TV-PG</field>
	<field name="duration">1 Season</field>
	<field name="listed_in">International TV Shows, Romantic TV Shows, TV Dramas</field>
	<field name="description">Strong-willed, middle-class Kashaf and carefree, wealthy Zaroon meet in college, but before love can take root, they each have some growing up to do.</field>
</item><item>
	<field name="show_id">80040118</field>
	<field name="title">K</field>
	<field name="director">nan</field>
	<field name="cast">Daisuke Namikawa, Daisuke Ono, Mikako Komatsu, Kenjiro Tsuda, Tomokazu Sugita, Yui Horie, Takahiro Sakurai, Jun Fukuyama, Yuichi Nakamura, Miyuki Sawashiro, Mamoru Miyano, Satomi Sato, Yuki Kaji, Tetsuya Kakihara, Shozo Iizuka</field>
	<field name="country">Japan</field>
	<field name="date_added">December 1, 2016</field>
	<field name="rating">TV-MA</field>
	<field name="duration">1 Season</field>
	<field name="listed_in">Anime Series, Crime TV Shows, International TV Shows</field>
	<field name="description">A young boy is wanted for a crime he has no recollection of committing and must go on the run, hunted by two powerful kings and their forces.</field>
</item><item>
	<field name="show_id">70297144</field>
	<field name="title">Reply 1997</field>
	<field name="director">Shin Won-ho</field>
	<field name="cast">Jung Eun-ji, Seo In-guk, Shin So-yul, Ji-won Eun, Lee Ho-won, Lee Si-eon, Sung Dong-il, Lee Il-hwa, Song Jong-ho</field>
	<field name="country">South Korea</field>
	<field name="date_added">August 8, 2019</field>
	<field name="rating">TV-14</field>
	<field name="duration">1 Season</field>
	<field name="listed_in">International TV Shows, Korean TV Shows, Romantic TV Shows</field>
	<field name="description">As a teen, Shi Won was obsessed with a boy band. Now 33 years old, Shi Won and her friends are reviving their memories as their school reunion nears.</field>
</item><item>
	<field name="show_id">70287604</field>
	<field name="title">Care Bears: Welcome to Care-a-Lot</field>
	<field name="director">nan</field>
	<field name="cast">David Lodge, Patty Mattson, Doug Erholtz, Stephanie Sheh, Nayo Wallace, Michael Sinterniklaas, Michaela Dean</field>
	<field name="country">United States</field>
	<field name="date_added">August 2, 2019</field>
	<field name="rating">TV-Y</field>
	<field name="duration">1 Season</field>
	<field name="listed_in">Kids' TV</field>
	<field name="description">Nestled in a faraway cloud is a rainbow-colored world called Care-a-Lot, home to the magical Care Bears who each have a special talent.</field>
</item><item>
	<field name="show_id">80035685</field>
	<field name="title">Los tiempos de Pablo Escobar</field>
	<field name="director">Alessandro Angulo</field>
	<field name="cast">nan</field>
	<field name="country">Colombia</field>
	<field name="date_added">August 1, 2018</field>
	<field name="rating">TV-MA</field>
	<field name="duration">1 Season</field>
	<field name="listed_in">Crime TV Shows, Docuseries, International TV Shows</field>
	<field name="description">Featuring never-before-seen images, personal testimonies and more, this is the story of one of the most notorious drug smugglers of all time.</field>
</item><item>
	<field name="show_id">81072919</field>
	<field name="title">KO One Return</field>
	<field name="director">nan</field>
	<field name="cast">Jiro Wang, Pets Tseng, Sam Lin, Xu Ming-jie, Sylvia Wang, Monkey Shao, Zhang Hao Ming, Na Wei-hsun</field>
	<field name="country">Taiwan</field>
	<field name="date_added">April 30, 2019</field>
	<field name="rating">TV-14</field>
	<field name="duration">1 Season</field>
	<field name="listed_in">International TV Shows, TV Comedies, TV Dramas</field>
	<field name="description">A time quake propels Wang Dadong into the future, where he encounters a classmate named King who presides over the KO One.</field>
</item><item>
	<field name="show_id">80122233</field>
	<field name="title">Ramayan</field>
	<field name="director">nan</field>
	<field name="cast">Gagan Malik, Neha Sargam, Neil Bhatt</field>
	<field name="country">India</field>
	<field name="date_added">April 1, 2018</field>
	<field name="rating">TV-14</field>
	<field name="duration">1 Season</field>
	<field name="listed_in">International TV Shows, TV Dramas</field>
	<field name="description">A prince's divine destiny to rule as a king is thwarted by his stepmother's scheme to put her own child on the throne in this legendary epic.</field>
</item><item>
	<field name="show_id">70143811</field>
	<field name="title">Gossip Girl</field>
	<field name="director">nan</field>
	<field name="cast">Blake Lively, Leighton Meester, Penn Badgley, Chace Crawford, Ed Westwick, Kelly Rutherford, Matthew Settle, Taylor Momsen, Jessica Szohr, Zuzanna Szadkowski, Connor Paolo</field>
	<field name="country">United States</field>
	<field name="date_added"> October 8, 2013</field>
	<field name="rating">TV-14</field>
	<field name="duration">6 Seasons</field>
	<field name="listed_in">TV Dramas, Teen TV Shows</field>
	<field name="description">A group of hyperprivileged Manhattan private-school kids seem to get away with everything. Except an anonymous blogger is watching their every move.</field>
</item><item>
	<field name="show_id">70235760</field>
	<field name="title">My Babysitter's a Vampire</field>
	<field name="director">nan</field>
	<field name="cast">Matthew Knight, Vanessa Morgan, Atticus Mitchell, Cameron Kennedy, Kate Todd, Ari Cohen</field>
	<field name="country">Canada</field>
	<field name="date_added"> October 17, 2018</field>
	<field name="rating">TV-PG</field>
	<field name="duration">2 Seasons</field>
	<field name="listed_in">Kids' TV, TV Comedies</field>
	<field name="description">Ethan, Benny and fledgling vampire Sarah battle zombies, demons and the other supernatural beasties that regularly threaten their school.</field>
</item><item>
	<field name="show_id">80083261</field>
	<field name="title">Burnistoun</field>
	<field name="director">nan</field>
	<field name="cast">Iain Connell, Robert Florence, Kirsty Strain, Richard Rankin, Allan Miller, Louise Stewart</field>
	<field name="country">United Kingdom</field>
	<field name="date_added"> October 1, 2019</field>
	<field name="rating">TV-MA</field>
	<field name="duration">2 Seasons</field>
	<field name="listed_in">British TV Shows, TV Comedies</field>
	<field name="description">This sketch series focuses on the eccentric characters in a small Scottish town, including bumbling cops, "DJ Jesus" and a disgruntled serial killer.</field>
</item><item>
	<field name="show_id">80083330</field>
	<field name="title">Limmy's Show!</field>
	<field name="director">nan</field>
	<field name="cast">Brian Limond, Debbie Welsh, Tom Brogan, Raymond Mearns, Kirstin McLean</field>
	<field name="country">United Kingdom</field>
	<field name="date_added"> October 1, 2019</field>
	<field name="rating">TV-MA</field>
	<field name="duration">2 Seasons</field>
	<field name="listed_in">British TV Shows, TV Comedies</field>
	<field name="description">Scottish comic Brian "Limmy" Limond headlines this sketch series featuring him in various roles from a TV psychic to costumed adventurer "Falconhoof."</field>
</item><item>
	<field name="show_id">70304256</field>
	<field name="title">Fate/Zero</field>
	<field name="director">nan</field>
	<field name="cast">Rikiya Koyama, Ayako Kawasumi, Sayaka Ohara, Sho Hayami, Tomokazu Seki, Jouji Nakata, Akina Abe, Takumi Yamasaki, Hikaru Midorikawa, Daisuke Namikawa</field>
	<field name="country">Japan</field>
	<field name="date_added"> June 15, 2019</field>
	<field name="rating">TV-MA</field>
	<field name="duration">2 Seasons</field>
	<field name="listed_in">Anime Series, International TV Shows</field>
	<field name="description">After three unsettled battles for the mystical Holy Grail, an artifact that grants a miracle to those who hold it, a fourth war begins.</field>
</item><item>
	<field name="show_id">80157645</field>
	<field name="title">Unriddle</field>
	<field name="director">nan</field>
	<field name="cast">Rui En, Chen Liping, Tay Ping Hui, Andie Chen, Xiang Yun, Joshua Ang, Zhou Ying</field>
	<field name="country">Singapore</field>
	<field name="date_added"> July 1, 2017</field>
	<field name="rating">TV-14</field>
	<field name="duration">2 Seasons</field>
	<field name="listed_in">Crime TV Shows, International TV Shows, TV Dramas</field>
	<field name="description">When a hard-nosed detective reluctantly partners with an informant to solve complex cases, she uncovers links to a particularly puzzling cold case.</field>
</item><item>
	<field name="show_id">70136120</field>
	<field name="title">The Office (U.S.)</field>
	<field name="director">nan</field>
	<field name="cast">Steve Carell, John Krasinski, Jenna Fischer, Rainn Wilson, B.J. Novak, Ed Helms, Brian Baumgartner, David Denman, Creed Bratton, Kate Flannery, Mindy Kaling, Angela Kinsey, Paul Lieberstein, Oscar Nuñez, Phyllis Smith</field>
	<field name="country">United States</field>
	<field name="date_added"> January 1, 2016</field>
	<field name="rating">TV-14</field>
	<field name="duration">9 Seasons</field>
	<field name="listed_in">TV Comedies</field>
	<field name="description">This hit comedy chronicles the foibles of disgruntled office workers – led by deluded boss Michael Scott – at the Dunder Mifflin paper company.</field>
</item><item>
	<field name="show_id">81059779</field>
	<field name="title">Dangerous Roads</field>
	<field name="director">nan</field>
	<field name="cast">Adrian Dunbar, Sue Perkins, Charley Boorman, Rhod Gilbert, Greg Davies, Ben Fogle, Hugh Dennis, Ed Byrne, Andy Parsons, Liza Tarbuck, David Baddiel</field>
	<field name="country">United Kingdom</field>
	<field name="date_added"> February 1, 2019</field>
	<field name="rating">TV-MA</field>
	<field name="duration">2 Seasons</field>
	<field name="listed_in">British TV Shows, Docuseries</field>
	<field name="description">Using various 4x4 vehicles, celebrities steer their way across some of the most infamous roads and trickiest terrains on earth.</field>
</item><item>
	<field name="show_id">80990464</field>
	<field name="title">忍者ハットリくん</field>
	<field name="director">nan</field>
	<field name="cast">nan</field>
	<field name="country">Japan</field>
	<field name="date_added"> December 23, 2018</field>
	<field name="rating">TV-Y7</field>
	<field name="duration">2 Seasons</field>
	<field name="listed_in">Anime Series, Kids' TV</field>
	<field name="description">Hailing from the mountains of Iga, Kanzo Hattori moves in with elementary school student Kenichi Mitsuba and his family to hone his skills as a ninja.</field>
</item><item>
	<field name="show_id">70157294</field>
	<field name="title">Private Practice</field>
	<field name="director">nan</field>
	<field name="cast">Kate Walsh, Tim Daly, Audra McDonald, Paul Adelstein, Taye Diggs, Amy Brenneman, KaDee Strickland, Chris Lowell, Brian Benben</field>
	<field name="country">United States</field>
	<field name="date_added"> December 22, 2019</field>
	<field name="rating">TV-14</field>
	<field name="duration">6 Seasons</field>
	<field name="listed_in">TV Comedies, TV Dramas</field>
	<field name="description">At Oceanside Wellness Center, Dr. Addison Montgomery deals with competing personalities in the new world of holistic medicine.</field>
</item><item>
	<field name="show_id">70171947</field>
	<field name="title">Scooby-Doo!: Mystery Incorporated</field>
	<field name="director">nan</field>
	<field name="cast">Frank Welker, Mindy Cohn, Grey DeLisle, Matthew Lillard, Patrick Warburton, Gary Cole, Frances Conroy, Vivica A. Fox</field>
	<field name="country">nan</field>
	<field name="date_added"> December 15, 2019</field>
	<field name="rating">TV-Y7-FV</field>
	<field name="duration">2 Seasons</field>
	<field name="listed_in">Kids' TV</field>
	<field name="description">In this animated update of the cartoon classic, Scooby-Doo, Shaggy and their pals solve spooky mysteries in a hamlet bedeviled by supernatural bedlam.</field>
</item><item>
	<field name="show_id">70142436</field>
	<field name="title">Merlin</field>
	<field name="director">James Hawes</field>
	<field name="cast">Colin Morgan, Bradley James, Katie McGrath, Angel Coulby, Richard Wilson, Anthony Head, John Hurt, Nathaniel Parker</field>
	<field name="country">United Kingdom</field>
	<field name="date_added"> December 15, 2016</field>
	<field name="rating">TV-PG</field>
	<field name="duration">5 Seasons</field>
	<field name="listed_in">British TV Shows, International TV Shows, TV Action & Adventure</field>
	<field name="description">This family-oriented retelling of the King Arthur legend finds Merlin arriving in Camelot, where he hones his magic skills with the help of his uncle.</field>
</item><item>
	<field name="show_id">70250398</field>
	<field name="title">Vexed</field>
	<field name="director">nan</field>
	<field name="cast">Toby Stephens, Miranda Raison, Lucy Punch, Nick Dunning, Rory Kinnear, Ronny Jhutti, Roger Griffiths, Patrick Baladi</field>
	<field name="country">United Kingdom</field>
	<field name="date_added"> August 1, 2017</field>
	<field name="rating">TV-MA</field>
	<field name="duration">2 Seasons</field>
	<field name="listed_in">British TV Shows, Crime TV Shows, International TV Shows</field>
	<field name="description">Charming slacker DI Jack Armstrong and driven professional DI Kate Bishop try to solve crimes together without driving each other crazy.</field>
</item><item>
	<field name="show_id">80231523</field>
	<field name="title">The Minimighty Kids</field>
	<field name="director">nan</field>
	<field name="cast">nan</field>
	<field name="country">France</field>
	<field name="date_added"> April 15, 2018</field>
	<field name="rating">TV-G</field>
	<field name="duration">2 Seasons</field>
	<field name="listed_in">Kids' TV, TV Comedies</field>
	<field name="description">Some have big feet or a sniffly nose, others are clumsy or too sweaty – but these kids soon discover their mini problems can become superpowers.</field>
</item><item>
	<field name="show_id">70272742</field>
	<field name="title">Justin Time</field>
	<field name="director">nan</field>
	<field name="cast">Gage Munroe, Scott McCord, Jenna Warren</field>
	<field name="country">Canada</field>
	<field name="date_added"> April 1, 2016</field>
	<field name="rating">TV-Y</field>
	<field name="duration">2 Seasons</field>
	<field name="listed_in">Kids' TV</field>
	<field name="description">In Justin's dreams, he and his imaginary friends Olive and Squidgy travel around the world learning about nature and other cultures.</field>
</item><item>
	<field name="show_id">70136122</field>
	<field name="title">Weeds</field>
	<field name="director">nan</field>
	<field name="cast">Mary-Louise Parker, Hunter Parrish, Alexander Gould, Kevin Nealon, Justin Kirk, Elizabeth Perkins, Allie Grant, Andy Milder, Tonye Patano, Romany Malco</field>
	<field name="country">United States</field>
	<field name="date_added"> April 1, 2014</field>
	<field name="rating">TV-MA</field>
	<field name="duration">8 Seasons</field>
	<field name="listed_in">TV Comedies, TV Dramas</field>
	<field name="description">A suburban mother starts selling marijuana to her affluent neighbors so she can maintain her comfortable lifestyle after her husband's sudden death.</field>
</item><item>
	<field name="show_id">70243132</field>
	<field name="title">La Familia P. Luche</field>
	<field name="director">nan</field>
	<field name="cast">Eugenio Derbez, Consuelo Duval, Luis Manuel Ávila, Regina Blandón, Miguel Perez, Barbara Torres, Dalilah Polanco, Pierre Angelo</field>
	<field name="country">United States</field>
	<field name="date_added">nan</field>
	<field name="rating">TV-14</field>
	<field name="duration">3 Seasons</field>
	<field name="listed_in">International TV Shows, Spanish-Language TV Shows, TV Comedies</field>
	<field name="description">This irreverent sitcom featues Ludovico, Federica and their three children Bibi, Junior and Ludoviquito, living in Ciudad P. Luche.</field>
</item>