<item>
	<field name="show_id">70031792</field>
	<field name="title">Rebel Without a Cause</field>
	<field name="director">Nicholas Ray</field>
	<field name="cast">James Dean, Natalie Wood, Sal Mineo, Jim Backus, Ann Doran, Corey Allen, William Hopper, Rochelle Hudson, Dennis Hopper, Edward Platt</field>
	<field name="country">United States</field>
	<field name="date_added">November 1, 2019</field>
	<field name="rating">PG-13</field>
	<field name="duration">111 min</field>
	<field name="listed_in">Classic Movies, Dramas</field>
	<field name="description">When Jim Stark arrives in a new town with his troubled past firmly in tow, he quickly falls for the girl next door and befriends the vulnerable Plato.</field>
</item>