<item>
	<field name="show_id">60027945</field>
	<field name="title">Prelude to War</field>
	<field name="director">Frank Capra</field>
	<field name="cast">nan</field>
	<field name="country">United States</field>
	<field name="date_added">March 31, 2017</field>
	<field name="rating">TV-PG</field>
	<field name="duration">52 min</field>
	<field name="listed_in">Classic Movies, Documentaries</field>
	<field name="description">Frank Capra's documentary chronicles the rise of authoritarianism in Germany, Italy and Japan as America prepares for a defense of liberty.</field>
</item><item>
	<field name="show_id">60027942</field>
	<field name="title">The Battle of Midway</field>
	<field name="director">John Ford</field>
	<field name="cast">Henry Fonda, Jane Darwell</field>
	<field name="country">United States</field>
	<field name="date_added">March 31, 2017</field>
	<field name="rating">TV-G</field>
	<field name="duration">18 min</field>
	<field name="listed_in">Classic Movies, Documentaries</field>
	<field name="description">Director John Ford captures combat footage of the Battle of Midway, an air and sea campaign that was a turning point in the war in the Pacific.</field>
</item>