<item>
	<field name="show_id">1151375</field>
	<field name="title">Dante's Peak</field>
	<field name="director">Roger Donaldson</field>
	<field name="cast">Pierce Brosnan, Linda Hamilton, Elizabeth Hoffman, Jamie Renée Smith, Jeremy Foley, Charles Hallahan, Grant Heslov, Kirk Trutner, Arabella Field, Tzi Ma</field>
	<field name="country">United States</field>
	<field name="date_added">September 1, 2019</field>
	<field name="rating">PG-13</field>
	<field name="duration">108 min</field>
	<field name="listed_in">Action & Adventure</field>
	<field name="description">When a volcanologist comes to investigate the recent rumblings of a dormant volcano, a massive eruption has everyone in town fighting for their lives.</field>
</item><item>
	<field name="show_id">1153194</field>
	<field name="title">The Saint</field>
	<field name="director">Phillip Noyce</field>
	<field name="cast">Val Kilmer, Elisabeth Shue, Rade Serbedzija, Valeriy Nikolaev, Henry Goodman, Alun Armstrong, Michael Byrne, Evgeniy Lazarev, Irina Apeksimova, Lev Prygunov</field>
	<field name="country">United States</field>
	<field name="date_added">September 1, 2019</field>
	<field name="rating">PG-13</field>
	<field name="duration">116 min</field>
	<field name="listed_in">Action & Adventure, Romantic Movies</field>
	<field name="description">Hired by a Russian politician to steal the formula for cold fusion, master thief Simon Templar falls for the scientist who has unlocked the secret.</field>
</item><item>
	<field name="show_id">60001650</field>
	<field name="title">Men in Black</field>
	<field name="director">Barry Sonnenfeld</field>
	<field name="cast">Tommy Lee Jones, Will Smith, Linda Fiorentino, Vincent D'Onofrio, Rip Torn, Tony Shalhoub, Siobhan Fallon Hogan, Mike Nussbaum, Jon Gries, Sergio Calderón</field>
	<field name="country">United States</field>
	<field name="date_added">October 19, 2019</field>
	<field name="rating">PG-13</field>
	<field name="duration">98 min</field>
	<field name="listed_in">Action & Adventure, Comedies, Sci-Fi & Fantasy</field>
	<field name="description">A streetwise cop teams with a veteran government agent to work for a super-secret, extremely dapper team that monitors extraterrestrials on Earth.</field>
</item><item>
	<field name="show_id">60028097</field>
	<field name="title">Good Burger</field>
	<field name="director">Brian Robbins</field>
	<field name="cast">Kenan Thompson, Kel Mitchell, Abe Vigoda, Dan Schneider, Shar Jackson, Jan Schweiterman, Linda Cardellini, Sinbad, Ron Lester, Josh Server, Ginny Schreiber</field>
	<field name="country">United States</field>
	<field name="date_added">October 1, 2019</field>
	<field name="rating">PG</field>
	<field name="duration">96 min</field>
	<field name="listed_in">Children & Family Movies, Comedies</field>
	<field name="description">Two L.A. teens with summer jobs at Good Burger try to save their small restaurant when a corporate giant burger franchise moves in across the street.</field>
</item><item>
	<field name="show_id">1181550</field>
	<field name="title">Scream 2</field>
	<field name="director">Wes Craven</field>
	<field name="cast">Neve Campbell, David Arquette, Courteney Cox, Sarah Michelle Gellar, Jamie Kennedy, Laurie Metcalf, Elise Neal, Jerry O'Connell, Timothy Olyphant, Jada Pinkett Smith, Liev Schreiber, Lewis Arquette, Duane Martin, Rebecca Gayheart, Portia de Rossi, Omar Epps, Tori Spelling, Heather Graham, Joshua Jackson, Luke Wilson</field>
	<field name="country">United States</field>
	<field name="date_added">October 1, 2019</field>
	<field name="rating">R</field>
	<field name="duration">121 min</field>
	<field name="listed_in">Horror Movies</field>
	<field name="description">Gale has written a best-seller which has been turned into a film. As the movie premiere looms closer, the mysterious deaths begin again.</field>
</item><item>
	<field name="show_id">1181661</field>
	<field name="title">The Rainmaker</field>
	<field name="director">Francis Ford Coppola</field>
	<field name="cast">Matt Damon, Danny DeVito, Claire Danes, Jon Voight, Mary Kay Place, Dean Stockwell, Teresa Wright, Virginia Madsen, Mickey Rourke, Andrew Shue</field>
	<field name="country">United States, Germany</field>
	<field name="date_added">November 20, 2019</field>
	<field name="rating">PG-13</field>
	<field name="duration">136 min</field>
	<field name="listed_in">Dramas, Thrillers</field>
	<field name="description">A young attorney and a scrappy paralegal work to help the parents of a terminally ill boy in their suit against an insurance company.</field>
</item><item>
	<field name="show_id">26597413</field>
	<field name="title">187</field>
	<field name="director">Kevin Reynolds</field>
	<field name="cast">Samuel L. Jackson, John Heard, Kelly Rowan, Clifton Collins Jr., Tony Plana</field>
	<field name="country">United States</field>
	<field name="date_added">November 1, 2019</field>
	<field name="rating">R</field>
	<field name="duration">119 min</field>
	<field name="listed_in">Dramas</field>
	<field name="description">After one of his high school students attacks him, dedicated teacher Trevor Garfield grows weary of the gang warfare in the New York City school system and moves to California to teach there, thinking it must be a less hostile environment.</field>
</item><item>
	<field name="show_id">1179333</field>
	<field name="title">How to Be a Player</field>
	<field name="director">Lionel C. Martin</field>
	<field name="cast">Bill Bellamy, Natalie Desselle, Lark Voorhies, Mari Morrow, Pierre Edwards, Jermaine 'Huggy' Hopkins, Anthony Johnson, Max Julien, Beverly Johnson, Gilbert Gottfried, Bernie Mac</field>
	<field name="country">United States</field>
	<field name="date_added">November 1, 2019</field>
	<field name="rating">R</field>
	<field name="duration">94 min</field>
	<field name="listed_in">Comedies</field>
	<field name="description">Dray lives life one woman at a time and is the envy of all his friends, until his sister decides to show him the error of his philandering ways.</field>
</item><item>
	<field name="show_id">1150871</field>
	<field name="title">Love Jones</field>
	<field name="director">Theodore Witcher</field>
	<field name="cast">Larenz Tate, Nia Long, Isaiah Washington, Lisa Nicole Carson, Bill Bellamy, Leonard Roberts, Bernadette L. Clarke, Khalil Kain</field>
	<field name="country">United States</field>
	<field name="date_added">November 1, 2019</field>
	<field name="rating">R</field>
	<field name="duration">109 min</field>
	<field name="listed_in">Comedies, Dramas, Independent Movies</field>
	<field name="description">In this urban romantic comedy set in Chicago, the ups and downs of courtship play out between a young black poet and a pretty shutterbug.</field>
</item><item>
	<field name="show_id">1179583</field>
	<field name="title">Money Talks</field>
	<field name="director">Brett Ratner</field>
	<field name="cast">Charlie Sheen, Chris Tucker, Heather Locklear, Paul Sorvino, Gérard Ismaël, Damian Chapa, Elise Neal, Michael Wright, Veronica Cartwright</field>
	<field name="country">United States</field>
	<field name="date_added">November 1, 2019</field>
	<field name="rating">R</field>
	<field name="duration">96 min</field>
	<field name="listed_in">Action & Adventure, Comedies</field>
	<field name="description">TV news reporter James Russell helps put small-time criminal Franklin Hatchett in jail, but turns to protecting Hatchett when he escapes from prison.</field>
</item><item>
	<field name="show_id">1178866</field>
	<field name="title">The Game</field>
	<field name="director">David Fincher</field>
	<field name="cast">Michael Douglas, Sean Penn, Deborah Kara Unger, James Rebhorn, Peter Donat, Carroll Baker, Anna Katarina, Armin Mueller-Stahl</field>
	<field name="country">United States</field>
	<field name="date_added">November 1, 2019</field>
	<field name="rating">R</field>
	<field name="duration">129 min</field>
	<field name="listed_in">Thrillers</field>
	<field name="description">Nicholas receives an unusual birthday present from his brother, Conrad – a gift certificate to play a unique kind of game formulated by "CRS."</field>
</item><item>
	<field name="show_id">80059049</field>
	<field name="title">Pardes</field>
	<field name="director">Subhash Ghai</field>
	<field name="cast">Shah Rukh Khan, Amrish Puri, Mahima Chaudhry, Apoorva Agnihotri, Alok Nath, Himani Shivpuri, Padmavati Rao, Madhuri Bhatia, Dina Pathak, Benu Kalsi, Anand Balraj, Ajay Nagrath, Deepak Qazir, Shashi Sharma, Smita Jaykar, Pavan Malhotra, Aditya Narayan, Subhash Ghai</field>
	<field name="country">India</field>
	<field name="date_added">March 1, 2018</field>
	<field name="rating">TV-14</field>
	<field name="duration">187 min</field>
	<field name="listed_in">Dramas, International Movies, Romantic Movies</field>
	<field name="description">Prompted by loyalty, Arjun plays matchmaker between his philandering foster brother and a conservative girl but winds up falling in love himself.</field>
</item><item>
	<field name="show_id">60024788</field>
	<field name="title">The End of Evangelion</field>
	<field name="director">Hideaki Anno, Kazuya Tsurumaki</field>
	<field name="cast">Megumi Ogata, Kotono Mitsuishi, Megumi Hayashibara, Yuko Miyamura, Yuriko Yamaguchi, Fumihiko Tachiki, Motomu Kiyokawa, Koichi Yamadera, Takehito Koyasu, Hiro Yuki, Miki Nagasawa, Maria Kawamura, Mugihito, Akira Ishida</field>
	<field name="country">Japan</field>
	<field name="date_added">June 21, 2019</field>
	<field name="rating">TV-14</field>
	<field name="duration">87 min</field>
	<field name="listed_in">Action & Adventure, Anime Features, International Movies</field>
	<field name="description">Seele orders an all-out attack on NERV, aiming to destroy the Evas before Gendo can trigger Third Impact and Instrumentality under his control.</field>
</item><item>
	<field name="show_id">1181488</field>
	<field name="title">As Good as It Gets</field>
	<field name="director">James L. Brooks</field>
	<field name="cast">Jack Nicholson, Helen Hunt, Greg Kinnear, Cuba Gooding Jr., Skeet Ulrich, Shirley Knight, Yeardley Smith, Lupe Ontiveros</field>
	<field name="country">United States</field>
	<field name="date_added">January 1, 2020</field>
	<field name="rating">PG-13</field>
	<field name="duration">139 min</field>
	<field name="listed_in">Comedies, Romantic Movies</field>
	<field name="description">The structured world of a sour, obsessive-compulsive author crumbles when he's drawn into the lives of a stressed-out single mom and his gay neighbor.</field>
</item><item>
	<field name="show_id">1151188</field>
	<field name="title">Chasing Amy</field>
	<field name="director">Kevin Smith</field>
	<field name="cast">Ben Affleck, Joey Lauren Adams, Jason Lee, Dwight Ewell, Jason Mewes, Kevin Smith</field>
	<field name="country">United States</field>
	<field name="date_added">January 1, 2020</field>
	<field name="rating">R</field>
	<field name="duration">113 min</field>
	<field name="listed_in">Comedies, Cult Movies, Dramas</field>
	<field name="description">Comic book artist Holden meets the perfect woman, only to learn that she's a lesbian. But that doesn't stop him from falling in love with her.</field>
</item><item>
	<field name="show_id">1151721</field>
	<field name="title">Donnie Brasco</field>
	<field name="director">Mike Newell</field>
	<field name="cast">Al Pacino, Johnny Depp, Michael Madsen, Bruno Kirby, James Russo, Anne Heche, Zeljko Ivanek, Gerry Becker, Robert Miano, Zach Grenier</field>
	<field name="country">United States</field>
	<field name="date_added">January 1, 2020</field>
	<field name="rating">R</field>
	<field name="duration">127 min</field>
	<field name="listed_in">Dramas, Thrillers</field>
	<field name="description">When FBI agent Joe Pistone goes undercover to infiltrate the mob, he starts to identify with the made men he's charged with taking down.</field>
</item><item>
	<field name="show_id">1179574</field>
	<field name="title">Event Horizon</field>
	<field name="director">Paul W.S. Anderson</field>
	<field name="cast">Laurence Fishburne, Sam Neill, Kathleen Quinlan, Joely Richardson, Richard T. Jones, Jack Noseworthy, Jason Isaacs, Sean Pertwee</field>
	<field name="country">United Kingdom, United States</field>
	<field name="date_added">January 1, 2020</field>
	<field name="rating">R</field>
	<field name="duration">96 min</field>
	<field name="listed_in">Horror Movies, Sci-Fi & Fantasy</field>
	<field name="description">After a signal is received from a long-missing spaceship, a rescue ship investigates, but the crew soon realizes something unimaginable has happened.</field>
</item><item>
	<field name="show_id">1180086</field>
	<field name="title">Kiss the Girls</field>
	<field name="director">Gary Fleder</field>
	<field name="cast">Morgan Freeman, Ashley Judd, Cary Elwes, Alex McArthur, Tony Goldwyn, Jay O. Sanders, Bill Nunn, Brian Cox</field>
	<field name="country">United States</field>
	<field name="date_added">January 1, 2020</field>
	<field name="rating">R</field>
	<field name="duration">116 min</field>
	<field name="listed_in">Thrillers</field>
	<field name="description">A forensic psychologist teams up with an escaped kidnapping victim to hunt down a serial killer who abducts and dominates strong-willed women.</field>
</item><item>
	<field name="show_id">20159719</field>
	<field name="title">The Peacemaker</field>
	<field name="director">Mimi Leder</field>
	<field name="cast">George Clooney, Nicole Kidman, Marcel Iures, Aleksandr Baluev, Rene Medvesek, Gary Werntz, Randall Batinkoff, Jim Haynie, Alexander Strobele, Holt McCallany</field>
	<field name="country">United States</field>
	<field name="date_added">January 1, 2020</field>
	<field name="rating">R</field>
	<field name="duration">124 min</field>
	<field name="listed_in">Action & Adventure</field>
	<field name="description">After terrorists trigger a nuclear blast in Russia, a U.S. Special Forces intelligence agent and a nuclear weapons expert come to the rescue.</field>
</item><item>
	<field name="show_id">20705133</field>
	<field name="title">Ghulam-E-Musthafa</field>
	<field name="director">Partho Ghosh</field>
	<field name="cast">Nana Patekar, Raveena Tandon, Paresh Rawal, Aruna Irani, Mohan Joshi, Mohnish Bahl, Shivaji Satham, Vishwajeet Pradhan, Ashwin Kaushal, Satish Shah</field>
	<field name="country">India</field>
	<field name="date_added">December 31, 2019</field>
	<field name="rating">TV-MA</field>
	<field name="duration">161 min</field>
	<field name="listed_in">Action & Adventure, Dramas, International Movies</field>
	<field name="description">Giving up his life of crime for love, a gangster struggles with a moral dilemma when tragic events and enduring enemies take him back to the underworld.</field>
</item><item>
	<field name="show_id">17457622</field>
	<field name="title">Judwaa</field>
	<field name="director">David Dhawan</field>
	<field name="cast">Salman Khan, Karisma Kapoor, Rambha, Kader Khan, Anupam Kher, Shakti Kapoor, Bindu, Reema Lagoo, Satish Shah, Mukesh Rishi</field>
	<field name="country">India</field>
	<field name="date_added">December 31, 2019</field>
	<field name="rating">TV-14</field>
	<field name="duration">133 min</field>
	<field name="listed_in">Comedies, International Movies, Romantic Movies</field>
	<field name="description">Separated at birth, a pair of identical twins unexpectedly reunite as adults and embark on a madcap mission to take down a common enemy from their past.</field>
</item><item>
	<field name="show_id">17016471</field>
	<field name="title">Tomorrow Never Dies</field>
	<field name="director">Roger Spottiswoode</field>
	<field name="cast">Pierce Brosnan, Jonathan Pryce, Michelle Yeoh, Teri Hatcher, Joe Don Baker, Judi Dench, Ricky Jay, Götz Otto, Desmond Llewelyn, Vincent Schiavelli</field>
	<field name="country">United Kingdom, United States</field>
	<field name="date_added">December 31, 2019</field>
	<field name="rating">PG-13</field>
	<field name="duration">119 min</field>
	<field name="listed_in">Action & Adventure</field>
	<field name="description">Pierce Brosnan stars in this 007 installment, which teams the secret agent and a sexy Chinese superspy against a megalomaniacal media mogul.</field>
</item><item>
	<field name="show_id">1153656</field>
	<field name="title">Austin Powers: International Man of Mystery</field>
	<field name="director">Jay Roach</field>
	<field name="cast">Mike Myers, Elizabeth Hurley, Michael York, Mimi Rogers, Robert Wagner, Seth Green, Fabiana Udenio, Mindy Sterling, Paul Dillon, Charles Napier, Will Ferrell</field>
	<field name="country">United States</field>
	<field name="date_added">December 1, 2019</field>
	<field name="rating">PG-13</field>
	<field name="duration">90 min</field>
	<field name="listed_in">Comedies</field>
	<field name="description">A swingin' fashion photographer by day and a groovy British secret agent by night, superspy Austin Powers must foil the sinister schemes of Dr. Evil.</field>
</item><item>
	<field name="show_id">11546798</field>
	<field name="title">Lifeline</field>
	<field name="director">Johnnie To</field>
	<field name="cast">Lau Ching Wan, Alex Fong, Carman Lee, Ruby Wong, Raymond Wong Ho-Yin, Damian Lau, Lam Suet, Kenneth Chan</field>
	<field name="country">Hong Kong</field>
	<field name="date_added">August 16, 2018</field>
	<field name="rating">TV-14</field>
	<field name="duration">104 min</field>
	<field name="listed_in">Action & Adventure, International Movies</field>
	<field name="description">Johnnie To's character-centered drama follows a Hong Kong firefighting crew as they take on harrowing rescue missions and navigate personal dilemmas.</field>
</item><item>
	<field name="show_id">60010514</field>
	<field name="title">Jackie Brown</field>
	<field name="director">Quentin Tarantino</field>
	<field name="cast">Pam Grier, Samuel L. Jackson, Robert Forster, Bridget Fonda, Michael Keaton, Robert De Niro, Michael Bowen, Chris Tucker, LisaGay Hamilton, Tommy 'Tiny' Lister, Hattie Winston, Sid Haig</field>
	<field name="country">United States</field>
	<field name="date_added">August 1, 2019</field>
	<field name="rating">R</field>
	<field name="duration">154 min</field>
	<field name="listed_in">Dramas, Thrillers</field>
	<field name="description">When an aging flight attendant's caught smuggling cash and forced to help with an investigation, she hatches a clever plan to make off with the dough.</field>
</item><item>
	<field name="show_id">1171655</field>
	<field name="title">Bean: The Ultimate Disaster Movie</field>
	<field name="director">Mel Smith</field>
	<field name="cast">Rowan Atkinson, Peter MacNicol, John Mills, Pamela Reed, Harris Yulin, Burt Reynolds, Larry Drake, Danny Goldring, Johnny Galecki, Chris Ellis, Andrew Lawrence, Peter Egan, Peter Capaldi, June Brown, Peter James, Sandra Oh</field>
	<field name="country">United Kingdom, United States</field>
	<field name="date_added">August 1, 2018</field>
	<field name="rating">PG-13</field>
	<field name="duration">89 min</field>
	<field name="listed_in">Comedies, International Movies</field>
	<field name="description">Disaster-prone Mr. Bean is sent to Los Angeles to guard a famous painting, but as he's unfit for any physical task, everything goes hilariously wrong.</field>
</item><item>
	<field name="show_id">80039485</field>
	<field name="title">Hero</field>
	<field name="director">Corey Yuen</field>
	<field name="cast">Takeshi Kaneshiro, Yuen Biao, Valerie Chow, Jessica Hester Hsuan, Tak Yuen, Wah Yuen, Corey Yuen</field>
	<field name="country">Hong Kong, China</field>
	<field name="date_added">August 1, 2018</field>
	<field name="rating">TV-MA</field>
	<field name="duration">89 min</field>
	<field name="listed_in">Action & Adventure, International Movies</field>
	<field name="description">A pugilist from Shantung struggles to rise to the top of the Shanghai triad ladder, where his stellar martial arts talents can shine.</field>
</item>