<item>
	<field name="show_id">70221672</field>
	<field name="title">Ninja Turtles: The Next Mutation</field>
	<field name="director">nan</field>
	<field name="cast">Jarred Blancard, Mitchell A. Lee Yuen, Dean Choe, Richard Yee, Gabe Khouth, Nicole Parker, Kirby Morrow, Matt Hill, Jason Gray-Stanford, Michael Dobson, Lalainia Lindbjerg, Shishir Inocalla, Fiona Scott, Stephen Mendel, Larry Lam, Geoff Wong</field>
	<field name="country">Canada, United States</field>
	<field name="date_added">January 1, 2016</field>
	<field name="rating">TV-Y7-FV</field>
	<field name="duration">1 Season</field>
	<field name="listed_in">Kids' TV, TV Comedies</field>
	<field name="description">Everyone's favorite teenage mutants are back in live action to fight crime with help from a new ninja turtle – a female named Venus De Milo.</field>
</item><item>
	<field name="show_id">70213074</field>
	<field name="title">Power Rangers Turbo</field>
	<field name="director">nan</field>
	<field name="cast">Johnny Yong Bosch, Nakia Burrise, Blake Foster, Jason David Frank, Catherine Sutherland, Carol Hoyt, Jason Narvy, Paul Schrier, Gregg Bullock, Hilary Shepard, Tracy Lynn Cruz, Patricia Ja Lee, Roger Velasco, Selwyn Ward, Donene Kistler</field>
	<field name="country">United States, France, Japan</field>
	<field name="date_added">January 1, 2016</field>
	<field name="rating">TV-Y7-FV</field>
	<field name="duration">1 Season</field>
	<field name="listed_in">Kids' TV</field>
	<field name="description">The Rangers use high-tech battle cars to take on Queen Divatox and her Divazords, who mount an attack on the Rangers' beloved Angel Grove.</field>
</item><item>
	<field name="show_id">70264612</field>
	<field name="title">The Magic School Bus</field>
	<field name="director">nan</field>
	<field name="cast">Lily Tomlin, Daniel DeSanto, Erica Luttrell, Maia Filar, Lisa Yamanaka, Tara Meyer, Stuart Stone, Malcolm-Jamal Warner, Danny Tamberelli</field>
	<field name="country">Canada, United States</field>
	<field name="date_added"> November 19, 2014</field>
	<field name="rating">TV-Y</field>
	<field name="duration">4 Seasons</field>
	<field name="listed_in">Kids' TV</field>
	<field name="description">Join Ms. Frizzle as the Magic School Bus travels to outer space, under the sea, through an anthill – and even inside the human body!</field>
</item><item>
	<field name="show_id">70184127</field>
	<field name="title">Big Bad Beetleborgs</field>
	<field name="director">nan</field>
	<field name="cast">Wesley Barker, Herbie Baez, Elisabeth Lund, Shannon Chandler, Billy Forester, Frank Addela, Kyle Jordan, Dave 'Foots' Footman, Derek Stephen Prince, Vivian Smallwood</field>
	<field name="country">United States, France, Japan</field>
	<field name="date_added"> January 1, 2016</field>
	<field name="rating">TV-Y7-FV</field>
	<field name="duration">2 Seasons</field>
	<field name="listed_in">Kids' TV, TV Comedies</field>
	<field name="description">When three teens free a spirit that offers to grant each a wish, they choose to become their favorite superheroes, launching a series of adventures.</field>
</item>