<item>
	<field name="show_id">70062814</field>
	<field name="title">Shutter</field>
	<field name="director">Banjong Pisanthanakun, Parkpoom Wongpoom</field>
	<field name="cast">Ananda Everingham, Natthaweeranuch Thongmee, Achita Sikamana, Unnop Chanpaibool, Titikarn Tongprasearth, Sivagorn Muttamara, Chachchaya Chalemphol, Kachormsak Naruepatr</field>
	<field name="country">Thailand</field>
	<field name="date_added">September 5, 2018</field>
	<field name="rating">TV-MA</field>
	<field name="duration">96 min</field>
	<field name="listed_in">Horror Movies, International Movies</field>
	<field name="description">After killing a young girl in a hit-and-run accident, a couple is haunted by more than just the memory of their deadly choice.</field>
</item><item>
	<field name="show_id">81141689</field>
	<field name="title">Spookley the Square Pumpkin</field>
	<field name="director">Bernie Denk</field>
	<field name="cast">Sonja Ball, Craig Francis, Rick Jones, Michel Perron, Holly Gauthier-Frankel, Norman Groulx, Terrence Scammell, Bruce Dinsmore, Jennifer Seguin</field>
	<field name="country">United States</field>
	<field name="date_added">September 1, 2019</field>
	<field name="rating">G</field>
	<field name="duration">47 min</field>
	<field name="listed_in">Children & Family Movies</field>
	<field name="description">When a storm terrorizes his patch, a pumpkin cast out for his shape must step up to use his smarts to save the day – and to prove himself.</field>
</item><item>
	<field name="show_id">70052492</field>
	<field name="title">Inuyasha the Movie - L'isola del fuoco scarlatto</field>
	<field name="director">Toshiya Shinohara</field>
	<field name="cast">Kappei Yamaguchi, Satsuki Yukino, Koji Tsujitani, Houko Kuwashima, Kumiko Watanabe, Noriko Hidaka, Ken Narita, Cho, Mamiko Noto, Nobutoshi Canna, Fumiko Orikasa, Richard Ian Cox, Moneca Stori</field>
	<field name="country">Japan</field>
	<field name="date_added">September 1, 2017</field>
	<field name="rating">NR</field>
	<field name="duration">88 min</field>
	<field name="listed_in">Action & Adventure, Anime Features, International Movies</field>
	<field name="description">Ai, a young half-demon who has escaped from Horai Island to try to help his people, returns with potential saviors InuYasha, Sesshomaru and Kikyo.</field>
</item><item>
	<field name="show_id">70074559</field>
	<field name="title">Naruto the Movie: Ninja Clash in the Land of Snow</field>
	<field name="director">Tensai Okamura</field>
	<field name="cast">Yuri Lowenthal, Maile Flanagan, Sam Regal, Cam Clarke, Lex Lang, Kari Wahlgren, Crispin Freeman</field>
	<field name="country">Japan</field>
	<field name="date_added">September 1, 2017</field>
	<field name="rating">NR</field>
	<field name="duration">83 min</field>
	<field name="listed_in">Action & Adventure, Anime Features, International Movies</field>
	<field name="description">Naruto, Sasuke and Sakura learn they'll be protecting an actress from being hurt while making her next film, but it turns out she's a princess.</field>
</item><item>
	<field name="show_id">70023961</field>
	<field name="title">Crash</field>
	<field name="director">Paul Haggis</field>
	<field name="cast">Sandra Bullock, Don Cheadle, Matt Dillon, Jennifer Esposito, William Fichtner, Brendan Fraser, Terrence Howard, Ludacris, Thandie Newton, Ryan Phillippe, Larenz Tate, Nona Gaye, Michael Peña</field>
	<field name="country">United States, Germany</field>
	<field name="date_added">October 1, 2019</field>
	<field name="rating">R</field>
	<field name="duration">112 min</field>
	<field name="listed_in">Dramas, Independent Movies</field>
	<field name="description">In post-Sept. 11 Los Angeles, tensions erupt when the lives of people from all walks of life converge during a 36-hour period.</field>
</item><item>
	<field name="show_id">70011211</field>
	<field name="title">Ocean's Twelve</field>
	<field name="director">Steven Soderbergh</field>
	<field name="cast">George Clooney, Brad Pitt, Matt Damon, Catherine Zeta-Jones, Andy Garcia, Don Cheadle, Bernie Mac, Julia Roberts, Casey Affleck, Scott Caan</field>
	<field name="country">United States</field>
	<field name="date_added">October 1, 2019</field>
	<field name="rating">PG-13</field>
	<field name="duration">125 min</field>
	<field name="listed_in">Action & Adventure, Comedies</field>
	<field name="description">Danny Ocean reunites with his old flame and the rest of his merry band of thieves in a caper covering three huge heists in Rome, Paris and Amsterdam.</field>
</item><item>
	<field name="show_id">60034571</field>
	<field name="title">Troy</field>
	<field name="director">Wolfgang Petersen</field>
	<field name="cast">Brad Pitt, Eric Bana, Orlando Bloom, Diane Kruger, Peter O'Toole, Rose Byrne, Sean Bean, Brian Cox, Julie Christie, Saffron Burrows</field>
	<field name="country">United States, Malta, United Kingdom</field>
	<field name="date_added">October 1, 2019</field>
	<field name="rating">R</field>
	<field name="duration">163 min</field>
	<field name="listed_in">Action & Adventure, Dramas</field>
	<field name="description">The love-struck Prince Paris of Troy kidnaps beauty Helen from her husband, setting the two nations on a collision course for war.</field>
</item><item>
	<field name="show_id">80198687</field>
	<field name="title">The President's Barber</field>
	<field name="director">Chan-sang Lim</field>
	<field name="cast">Kang-ho Song, So-ri Moon, Jae-eung Lee, Yeong-jin Jo, Byung-ho Son, Yong-soo park, Seung-soo Ryu, Ju-sang Yun, Gyu-su Jeong, Dal-su Oh</field>
	<field name="country">South Korea</field>
	<field name="date_added">October 1, 2017</field>
	<field name="rating">TV-MA</field>
	<field name="duration">116 min</field>
	<field name="listed_in">Comedies, Dramas, International Movies</field>
	<field name="description">The personal barber to the president, as well as his wife and only son, get tangled in the political chaos that gripped South Korea in the late 1900s.</field>
</item><item>
	<field name="show_id">70025612</field>
	<field name="title">Krishna Cottage</field>
	<field name="director">Santram Varma</field>
	<field name="cast">Sohail Khan, Isha Koppikar, Natasha, Rati Agnihotri</field>
	<field name="country">India</field>
	<field name="date_added">May 31, 2019</field>
	<field name="rating">TV-MA</field>
	<field name="duration">124 min</field>
	<field name="listed_in">Action & Adventure, Horror Movies, International Movies</field>
	<field name="description">True love is put to the test when another woman comes between a pair of star-crossed young lovers in this thriller.</field>
</item><item>
	<field name="show_id">60037606</field>
	<field name="title">Benji: Off the Leash</field>
	<field name="director">Joe Camp</field>
	<field name="cast">Nick Whitaker, Chris Kendrick, Randall Newsome, Duane Stephens, Lincoln Hoppe, Christy Summerhays, Scott Wilkinson</field>
	<field name="country">United States</field>
	<field name="date_added">March 6, 2018</field>
	<field name="rating">PG</field>
	<field name="duration">100 min</field>
	<field name="listed_in">Children & Family Movies, Dramas</field>
	<field name="description">Benji is back in this charming story that's told from the pooch's point of view, tracking his early days as a pup to his current life in showbiz.</field>
</item><item>
	<field name="show_id">70020728</field>
	<field name="title">Kung Fu Hustle</field>
	<field name="director">Stephen Chow</field>
	<field name="cast">Stephen Chow, Yuen Wah, Yuen Qiu, Lam Chi Chung, Dong Zhi Hua, Chiu Chi-Ling, Xing Yu, Danny Chan, Leung Siu Lung, Wah Yuen, Kwok Kuen Chan, Qiu Yuen</field>
	<field name="country">Hong Kong, China</field>
	<field name="date_added">March 15, 2019</field>
	<field name="rating">R</field>
	<field name="duration">99 min</field>
	<field name="listed_in">Action & Adventure, Comedies, Cult Movies</field>
	<field name="description">Sing, a mobster in 1940s China, longs to be as cool as the formally clad Axe Gang, a band of killers who rule Hong Kong, but can only pretend.</field>
</item><item>
	<field name="show_id">80038440</field>
	<field name="title">G.O.R.A</field>
	<field name="director">Ömer Faruk Sorak</field>
	<field name="cast">Cem Yılmaz, Rasim Öztekin, Özkan Uğur, İdil Fırat, Şafak Sezer, Özge Özberk, Erdal Tosun, Cezmi Baskın, Ozan Güven, Engin Günaydın</field>
	<field name="country">Turkey</field>
	<field name="date_added">March 10, 2017</field>
	<field name="rating">TV-MA</field>
	<field name="duration">123 min</field>
	<field name="listed_in">Action & Adventure, Comedies, International Movies</field>
	<field name="description">Carpet dealer and UFO photo forger Arif is abducted by aliens. On the planet Gora, he helps friends escape from a meteorite strike and find freedom.</field>
</item><item>
	<field name="show_id">80038445</field>
	<field name="title">Vizontele Tuuba</field>
	<field name="director">Yılmaz Erdoğan</field>
	<field name="cast">Yılmaz Erdoğan, Tarık Akan, Altan Erkekli, Cezmi Baskın, İclal Aydın, Demet Akbağ, Tuba Ünsal, Tolga Çevik</field>
	<field name="country">Turkey</field>
	<field name="date_added">March 10, 2017</field>
	<field name="rating">NR</field>
	<field name="duration">106 min</field>
	<field name="listed_in">Comedies, Dramas, International Movies</field>
	<field name="description">With civil war looming, a TV-obsessed Turkish town is bemused when a bureaucrat and his daughter arrive to modernize their library.</field>
</item><item>
	<field name="show_id">70020730</field>
	<field name="title">Layer Cake</field>
	<field name="director">Matthew Vaughn</field>
	<field name="cast">Daniel Craig, Colm Meaney, Kenneth Cranham, Sienna Miller, Tom Hardy, Michael Gambon, George Harris, Jamie Foreman, Marcel Iures, Ben Whishaw, Tamer Hassan</field>
	<field name="country">United Kingdom</field>
	<field name="date_added">March 1, 2019</field>
	<field name="rating">R</field>
	<field name="duration">105 min</field>
	<field name="listed_in">Independent Movies, International Movies, Thrillers</field>
	<field name="description">A seasoned British drug dealer longs to ditch his illegal trade. But he can't do that without wrapping up just one more job.</field>
</item><item>
	<field name="show_id">70021551</field>
	<field name="title">Aitraaz</field>
	<field name="director">Abbas Alibhai Burmawalla, Mastan Alibhai Burmawalla</field>
	<field name="cast">Akshay Kumar, Kareena Kapoor, Priyanka Chopra, Amrish Puri, Paresh Rawal, Annu Kapoor</field>
	<field name="country">India</field>
	<field name="date_added">March 1, 2018</field>
	<field name="rating">TV-14</field>
	<field name="duration">153 min</field>
	<field name="listed_in">International Movies, Music & Musicals, Romantic Movies</field>
	<field name="description">A happily married business executive is forced to deal with an episode from his past that he had long thought was put behind him.</field>
</item><item>
	<field name="show_id">70012334</field>
	<field name="title">Kyun! Ho Gaya Na</field>
	<field name="director">Samir Karnik</field>
	<field name="cast">Aishwarya Rai Bachchan, Vivek Oberoi, Amitabh Bachchan, Om Puri, Rati Agnihotri, Sunil Shetty, Tinnu Anand, Rahul Singh</field>
	<field name="country">India</field>
	<field name="date_added">March 1, 2018</field>
	<field name="rating">TV-PG</field>
	<field name="duration">165 min</field>
	<field name="listed_in">International Movies, Romantic Movies</field>
	<field name="description">Cinematic lovebirds Aishwarya Rai and Vivek Oberoi star in this love story about a sweet young girl, Diya, brought up by her widowed father on a coffee plantation in the village of Coorg.</field>
</item><item>
	<field name="show_id">70001082</field>
	<field name="title">Run</field>
	<field name="director">Jeeva</field>
	<field name="cast">Abhishek Bachchan, Bhoomika Chawla, Mahesh Manjrekar, Vijay Raaz, Mukesh Rishi, Ayesha Jhulka, Anjan Srivastav, Goga Kapoor, Mukul Agarwal, Shweta Menon</field>
	<field name="country">India</field>
	<field name="date_added">March 1, 2018</field>
	<field name="rating">TV-14</field>
	<field name="duration">134 min</field>
	<field name="listed_in">Action & Adventure, International Movies, Music & Musicals</field>
	<field name="description">Siddharth falls in love with beautiful Jhanvi. But Jhanvi's brother Ganpat is overly possessive – and determined to destroy their relationship.</field>
</item><item>
	<field name="show_id">70019491</field>
	<field name="title">Swades</field>
	<field name="director">Ashutosh Gowariker</field>
	<field name="cast">Shah Rukh Khan, Gayatri Joshi, Kishori Balal, Smith Seth, Lekh Tandon, Rajesh Vivek, Daya Shankar Pandey, Farrukh Jaffar</field>
	<field name="country">India</field>
	<field name="date_added">March 1, 2018</field>
	<field name="rating">TV-PG</field>
	<field name="duration">185 min</field>
	<field name="listed_in">Dramas, International Movies</field>
	<field name="description">An Americanized NASA scientist returns to his native India on a business trip and searches for the nanny who helped raise him.</field>
</item><item>
	<field name="show_id">70143440</field>
	<field name="title">Trailer Park Boys: Xmas Special</field>
	<field name="director">Mike Clattenburg</field>
	<field name="cast">John Paul Tremblay, Robb Wells, John Dunsworth, Patrick Roach, Lucy Decoutere, Sarah Dunsworth, Cory Bowles, Barrie Dunn, Michael Jackson, Shelley Thompson</field>
	<field name="country">Canada</field>
	<field name="date_added">March 1, 2018</field>
	<field name="rating">TV-MA</field>
	<field name="duration">46 min</field>
	<field name="listed_in">Movies</field>
	<field name="description">See what Sunnyvale Trailer Park was like back in the day, featuring Randy as a prostitute, J-Roc before he rapped and Barb and Lahey still together.</field>
</item><item>
	<field name="show_id">70001564</field>
	<field name="title">Yuva</field>
	<field name="director">Mani Ratnam</field>
	<field name="cast">Ajay Devgn, Abhishek Bachchan, Vivek Oberoi, Esha Deol, Kareena Kapoor, Rani Mukerji, Loveleen Mishra, Anant Nag, Om Puri, Vijay Raaz, Sonu Sood</field>
	<field name="country">India</field>
	<field name="date_added">March 1, 2018</field>
	<field name="rating">TV-MA</field>
	<field name="duration">160 min</field>
	<field name="listed_in">Dramas, International Movies</field>
	<field name="description">An accident on a bridge ties together three young men from different social classes, sparking a course of events that will forever alter their lives.</field>
</item><item>
	<field name="show_id">70011219</field>
	<field name="title">The Phantom of the Opera</field>
	<field name="director">Joel Schumacher</field>
	<field name="cast">Gerard Butler, Emmy Rossum, Patrick Wilson, Miranda Richardson, Minnie Driver, Ciarán Hinds, Simon Callow, Victor McGuire, Jennifer Ellison</field>
	<field name="country">United Kingdom, United States</field>
	<field name="date_added">June 1, 2019</field>
	<field name="rating">PG-13</field>
	<field name="duration">141 min</field>
	<field name="listed_in">Dramas, Music & Musicals, Romantic Movies</field>
	<field name="description">In 1870, a disfigured recluse roams beneath a Parisian opera house and takes under his wing a young soprano, with whom a love triangle develops.</field>
</item><item>
	<field name="show_id">60033300</field>
	<field name="title">Miracle</field>
	<field name="director">Gavin O'Connor</field>
	<field name="cast">Kurt Russell, Patricia Clarkson, Noah Emmerich, Sean McCann, Kenneth Welsh, Eddie Cahill, Patrick O'Brien Demsey, Michael Mantenuto, Nathan West, Kenneth Mitchell, Sam Skoryna, Billy Schneider, Michael Kopsa, Beverley Breuer, Lisa Marie Caruk, Ryan Walter, Nate Miller, Joseph Cure, Scott Johnson, Eric Peter-Kaiser, Bobby Hanson</field>
	<field name="country">Canada, United States</field>
	<field name="date_added">June 1, 2018</field>
	<field name="rating">PG</field>
	<field name="duration">136 min</field>
	<field name="listed_in">Children & Family Movies, Dramas, Sports Movies</field>
	<field name="description">U.S. hockey coach Herb Brooks unites a motley crew of college athletes and turns them into a force to be reckoned with at the 1980 Winter Olympics.</field>
</item><item>
	<field name="show_id">70011206</field>
	<field name="title">National Treasure</field>
	<field name="director">Jon Turteltaub</field>
	<field name="cast">Nicolas Cage, Diane Kruger, Justin Bartha, Sean Bean, Jon Voight, Harvey Keitel, Christopher Plummer</field>
	<field name="country">United States</field>
	<field name="date_added">June 1, 2018</field>
	<field name="rating">PG</field>
	<field name="duration">131 min</field>
	<field name="listed_in">Action & Adventure, Children & Family Movies</field>
	<field name="description">Modern treasure hunters search for a chest of riches rumored to have been stashed away by George Washington, Thomas Jefferson and Benjamin Franklin.</field>
</item><item>
	<field name="show_id">70025372</field>
	<field name="title">The Twins Effect II</field>
	<field name="director">Corey Yuen, Patrick Leung</field>
	<field name="cast">Donnie Yen, Jaycee Chan, Charlene Choi, Gillian Chung, Wilson Chen Bo-Lin, Tony Leung Ka Fai, Qu Ying, Fan Bingbing, Xie Jing-jing, Daniel Wu, Edison Chen, Jackie Chan</field>
	<field name="country">Hong Kong, China</field>
	<field name="date_added">July 21, 2019</field>
	<field name="rating">TV-14</field>
	<field name="duration">106 min</field>
	<field name="listed_in">Action & Adventure, Comedies, International Movies</field>
	<field name="description">An empress rules over a land where men are subservient to women. But a prophecy reveals that a boy will become king and restore the male regime.</field>
</item><item>
	<field name="show_id">60033320</field>
	<field name="title">Starsky & Hutch</field>
	<field name="director">Todd Phillips</field>
	<field name="cast">Ben Stiller, Owen Wilson, Vince Vaughn, Juliette Lewis, Snoop Dogg, Fred Williamson, Jason Bateman, Amy Smart, Carmen Electra, George Cheung</field>
	<field name="country">United States</field>
	<field name="date_added">July 1, 2019</field>
	<field name="rating">PG-13</field>
	<field name="duration">101 min</field>
	<field name="listed_in">Action & Adventure, Comedies</field>
	<field name="description">New undercover cop partners Starsky and Hutch must overcome their differences to solve an important case with help from street informant Huggy Bear.</field>
</item><item>
	<field name="show_id">60036237</field>
	<field name="title">A Cinderella Story</field>
	<field name="director">Mark Rosman</field>
	<field name="cast">Hilary Duff, Chad Michael Murray, Jennifer Coolidge, Dan Byrd, Regina King, Julie Gonzalo, Lin Shaye, Madeline Zima, Andrea Avery, Mary Pat Gleason, Paul Rodriguez, Whip Hubley, Kevin Kilner, Erica Hubbard, Simon Helberg</field>
	<field name="country">United States, Canada</field>
	<field name="date_added">January 1, 2020</field>
	<field name="rating">PG</field>
	<field name="duration">95 min</field>
	<field name="listed_in">Children & Family Movies, Comedies</field>
	<field name="description">Teen Sam meets the boy of her dreams at a dance before returning to toil in her stepmother's diner. Can her lost cell phone bring them together?</field>
</item><item>
	<field name="show_id">70000091</field>
	<field name="title">Harold & Kumar Go to White Castle</field>
	<field name="director">Danny Leiner</field>
	<field name="cast">John Cho, Kal Penn, Paula Garcés, Neil Patrick Harris, David Krumholtz, Eddie Kaye Thomas, Christopher Meloni, Ryan Reynolds, Fred Willard</field>
	<field name="country">United States, Canada, Germany</field>
	<field name="date_added">January 1, 2020</field>
	<field name="rating">R</field>
	<field name="duration">88 min</field>
	<field name="listed_in">Comedies, Cult Movies</field>
	<field name="description">Buddies Harold and Kumar set out to satisfy a stoner craving for hamburgers but end up on an epic journey when they can't find White Castle.</field>
</item><item>
	<field name="show_id">60032563</field>
	<field name="title">Kill Bill: Vol. 2</field>
	<field name="director">Quentin Tarantino</field>
	<field name="cast">Uma Thurman, David Carradine, Michael Madsen, Daryl Hannah, Gordon Liu, Michael Parks, Perla Haney-Jardine, Helen Kim, Claire Smithies, Clark Middleton</field>
	<field name="country">United States</field>
	<field name="date_added">January 1, 2020</field>
	<field name="rating">R</field>
	<field name="duration">137 min</field>
	<field name="listed_in">Action & Adventure</field>
	<field name="description">The Bride has three left on her rampage list: Budd, Elle Driver and Bill himself. But when she arrives at Bill's house, she's in for a surprise.</field>
</item><item>
	<field name="show_id">60034568</field>
	<field name="title">New York Minute</field>
	<field name="director">Dennie Gordon</field>
	<field name="cast">Mary-Kate Olsen, Ashley Olsen, Eugene Levy, Andy Richter, Riley Smith, Jared Padalecki, Drew Pinsky, Darrell Hammond, Andrea Martin, Alannah Ong, Mary Bond Davis, Bob Saget, Jack Osbourne</field>
	<field name="country">United States</field>
	<field name="date_added">January 1, 2020</field>
	<field name="rating">PG</field>
	<field name="duration">91 min</field>
	<field name="listed_in">Children & Family Movies, Comedies</field>
	<field name="description">When bickering teenage twins accidentally land in the middle of a criminal operation, they'll have to work together to get themselves out of trouble.</field>
</item><item>
	<field name="show_id">60033107</field>
	<field name="title">Tremors 4: The Legend Begins</field>
	<field name="director">S.S. Wilson</field>
	<field name="cast">Michael Gross, Sara Botsford, Billy Drago, Brent Roam, August Schellenberg, J.E. Freeman, Ming Lo, Lydia Look, Sam Ly, Neil Kopit</field>
	<field name="country">United States</field>
	<field name="date_added">January 1, 2020</field>
	<field name="rating">PG-13</field>
	<field name="duration">101 min</field>
	<field name="listed_in">Comedies, Horror Movies, Sci-Fi & Fantasy</field>
	<field name="description">Residents of a abandoned mining town attempt to get to the bottom of a series of recent, mysterious deaths before their own fates are sealed.</field>
</item><item>
	<field name="show_id">70011207</field>
	<field name="title">Christmas with the Kranks</field>
	<field name="director">Joe Roth</field>
	<field name="cast">Tim Allen, Jamie Lee Curtis, Dan Aykroyd, Erik Per Sullivan, Cheech Marin, Jake Busey, M. Emmet Walsh, Kevin Chamberlin, Elizabeth Franz, René Lavan</field>
	<field name="country">United States</field>
	<field name="date_added">January 1, 2019</field>
	<field name="rating">PG</field>
	<field name="duration">99 min</field>
	<field name="listed_in">Children & Family Movies, Comedies</field>
	<field name="description">When Luther Krank and his wife opt to skip Christmas – no tree and no rooftop Frosty – can they handle the fallout from their family and neighbors?</field>
</item><item>
	<field name="show_id">70117122</field>
	<field name="title">Devrai</field>
	<field name="director">Sumitra Bhave, Sunil Sukthankar</field>
	<field name="cast">Atul Kulkarni, Sonali Kulkarni, Tushar Dalvi, Devika Daftardar, Amruta Subhash, Mohan Agashe, Ashwin Chitale, Jyoti Subhash</field>
	<field name="country">India</field>
	<field name="date_added">January 1, 2018</field>
	<field name="rating">TV-PG</field>
	<field name="duration">123 min</field>
	<field name="listed_in">Dramas, International Movies</field>
	<field name="description">After science student Shesh Shahi – a shy eccentric with a strange connection to nature – is examined by a team of mental hospital doctors, a gripping portrait of schizophrenia emerges.</field>
</item><item>
	<field name="show_id">70002291</field>
	<field name="title">Chameli</field>
	<field name="director">Sudhir Mishra</field>
	<field name="cast">Kareena Kapoor, Rahul Bose, Rinke Khanna, Yashpal Sharma, Makrand Deshpande, Kabir Sadanand, Pankaj Jha</field>
	<field name="country">India</field>
	<field name="date_added">February 15, 2019</field>
	<field name="rating">TV-14</field>
	<field name="duration">102 min</field>
	<field name="listed_in">Dramas, International Movies</field>
	<field name="description">While taking shelter from a Mumbai monsoon, an investment banker forms an unlikely connection with a naïve prostitute over the course of the night.</field>
</item><item>
	<field name="show_id">70018445</field>
	<field name="title">Mujhse Shaadi Karogi</field>
	<field name="director">David Dhawan</field>
	<field name="cast">Rajpal Yadav, Amrish Puri, Kader Khan, Shashi Kala, Priyanka Chopra, Salman Khan, Akshay Kumar, Satish Shah</field>
	<field name="country">India</field>
	<field name="date_added">December 31, 2019</field>
	<field name="rating">TV-PG</field>
	<field name="duration">158 min</field>
	<field name="listed_in">Comedies, International Movies, Romantic Movies</field>
	<field name="description">Samir must overcome a hostile horoscope, a hot temper and a determined rival to win the heart of Rani, the love of his life.</field>
</item><item>
	<field name="show_id">80229953</field>
	<field name="title">Madness in the Desert</field>
	<field name="director">Satyajit Bhatkal</field>
	<field name="cast">Aamir Khan, Ashutosh Gowariker</field>
	<field name="country">India</field>
	<field name="date_added">December 22, 2017</field>
	<field name="rating">TV-PG</field>
	<field name="duration">141 min</field>
	<field name="listed_in">Documentaries, International Movies</field>
	<field name="description">The story of making "Lagaan," one of the millennium's seminal Indian films, is told from the point of view of production team member Satyajit Bhatkal.</field>
</item><item>
	<field name="show_id">70001237</field>
	<field name="title">Lakshya</field>
	<field name="director">Farhan Akhtar</field>
	<field name="cast">Amitabh Bachchan, Hrithik Roshan, Preity Zinta, Om Puri, Sharad Kapoor, Rajendranath Zutshi, Sushant Singh, Prashant Chainani, Shakeel Khan, Ranvir Shorey</field>
	<field name="country">India</field>
	<field name="date_added">December 15, 2019</field>
	<field name="rating">TV-14</field>
	<field name="duration">185 min</field>
	<field name="listed_in">Action & Adventure, Dramas, International Movies</field>
	<field name="description">After dropping out of the army, a spoiled teenager reenlists and proves his mettle by becoming an officer just as war breaks out.</field>
</item><item>
	<field name="show_id">60034549</field>
	<field name="title">Hellboy</field>
	<field name="director">Guillermo del Toro</field>
	<field name="cast">Ron Perlman, John Hurt, Selma Blair, Rupert Evans, Karel Roden, Jeffrey Tambor, Doug Jones, Brian Steele, Ladislav Beran, Biddy Hodson, Corey Johnson, Kevin Trainor</field>
	<field name="country">United States</field>
	<field name="date_added">December 1, 2018</field>
	<field name="rating">PG-13</field>
	<field name="duration">122 min</field>
	<field name="listed_in">Action & Adventure, Cult Movies, Sci-Fi & Fantasy</field>
	<field name="description">This fast-paced action flick tells the dark story of Hellboy, a charismatic demon who's put on Earth by the Nazis to terrorize the rest of the world.</field>
</item><item>
	<field name="show_id">70006816</field>
	<field name="title">Ek Hasina Thi</field>
	<field name="director">Sriram Raghavan</field>
	<field name="cast">Saif Ali Khan, Urmila Matondkar, Seema Biswas, Pratima Kazmi, Aditya Srivastava, Rasika Joshi, Madan Joshi, Seema Adhikari</field>
	<field name="country">India</field>
	<field name="date_added">August 1, 2019</field>
	<field name="rating">TV-MA</field>
	<field name="duration">134 min</field>
	<field name="listed_in">Dramas, International Movies, Thrillers</field>
	<field name="description">Imprisoned for underworld crimes she didn’t commit, a vengeful woman breaks free and goes scorched earth on the smooth-talking suitor who framed her.</field>
</item><item>
	<field name="show_id">70020048</field>
	<field name="title">Balto 3: Wings of Change</field>
	<field name="director">Phil Weinstein</field>
	<field name="cast">Maurice LaMarche, Sean Astin, Keith Carradine, Charles Fleischer, Jodi Benson, Bill Fagerbakke, Charity James, Kathy Najimy, David Paymer, Jean Smart</field>
	<field name="country">United States</field>
	<field name="date_added">April 1, 2018</field>
	<field name="rating">G</field>
	<field name="duration">78 min</field>
	<field name="listed_in">Children & Family Movies</field>
	<field name="description">A pilot challenges Balto's son Kodi and his sled team to see who can deliver the mail faster, but the dogs race to the rescue when the plane vanishes.</field>
</item><item>
	<field name="show_id">70000196</field>
	<field name="title">Main Hoon Na</field>
	<field name="director">Farah Khan</field>
	<field name="cast">Shah Rukh Khan, Sunil Shetty, Sushmita Sen, Zayed Khan, Amrita Rao, Kiron Kher, Boman Irani, Bindu, Naseeruddin Shah, Kabir Bedi</field>
	<field name="country">India</field>
	<field name="date_added">April 1, 2018</field>
	<field name="rating">TV-14</field>
	<field name="duration">171 min</field>
	<field name="listed_in">Action & Adventure, Comedies, Dramas</field>
	<field name="description">Major Ram Prasad Sharma yearns to see project Mission Milaap come to fruition and usher in an era of peace between two warring countries. But the evil Raghavan will do anything to stop the peace process.</field>
</item>