<item>
	<field name="show_id">81179882</field>
	<field name="title">La Robe De Mariee Des Cieux</field>
	<field name="director">nan</field>
	<field name="cast">Cyndi Wang, Leon Jay Williams, Chu Chung-heng, Michael Tao, Ming Dao, Jacky Chu, Ehlo Huang, Terri Kwan</field>
	<field name="country">Taiwan</field>
	<field name="date_added">November 15, 2019</field>
	<field name="rating">TV-14</field>
	<field name="duration">1 Season</field>
	<field name="listed_in">International TV Shows, Romantic TV Shows</field>
	<field name="description">After a chance encounter that ends on bad terms, two clashing strangers soon cross paths again as their fates become inevitably intertwined.</field>
</item><item>
	<field name="show_id">70202593</field>
	<field name="title">North & South</field>
	<field name="director">nan</field>
	<field name="cast">Daniela Denby-Ashe, Richard Armitage, Tim Pigott-Smith, Sinéad Cusack, Lesley Manville, Brendan Coyle, Anna Maxwell Martin, Jo Joyner, Pauline Quirke, Kay Lyon</field>
	<field name="country">United Kingdom</field>
	<field name="date_added">March 31, 2017</field>
	<field name="rating">NR</field>
	<field name="duration">1 Season</field>
	<field name="listed_in">British TV Shows, Romantic TV Shows, TV Dramas</field>
	<field name="description">When her father moves his family to an industrial mill town, the parson's daughter, Margaret Hale, struggles to adapt to her harsh new surroundings.</field>
</item><item>
	<field name="show_id">70213085</field>
	<field name="title">Power Rangers Dino Thunder</field>
	<field name="director">nan</field>
	<field name="cast">James Napier, Kevin Duhaney, Emma Lahana, Jason David Frank, Jeffrey Parazzo, Katrina Devine, Tom Hern, Miriama Smith, Latham Gaines, James Gaylyn</field>
	<field name="country">United States</field>
	<field name="date_added">January 1, 2016</field>
	<field name="rating">TV-Y7-FV</field>
	<field name="duration">1 Season</field>
	<field name="listed_in">Kids' TV</field>
	<field name="description">Dr. Tommy Oliver returns when his students discover the Dino Gems that morph them into the Dino Power Rangers, enabling them to stop the evil Mesogog.</field>
</item><item>
	<field name="show_id">70205710</field>
	<field name="title">Rebelde</field>
	<field name="director">nan</field>
	<field name="cast">Anahí, Dulce María, Alfonso Herrera, Christopher Von Uckermann, Maite Perroni, Christian Chávez, Juan Ferrara, Ninel Conde, Leticia Perdigón, Enrique Rocha</field>
	<field name="country">Mexico</field>
	<field name="date_added">December 31, 2017</field>
	<field name="rating">TV-14</field>
	<field name="duration">1 Season</field>
	<field name="listed_in">International TV Shows, Romantic TV Shows, Spanish-Language TV Shows</field>
	<field name="description">Six students at an exclusive prep school, some on scholarship, discover that music can close the class divide.</field>
</item><item>
	<field name="show_id">70205714</field>
	<field name="title">Rubi</field>
	<field name="director">nan</field>
	<field name="cast">Bárbara Mori, Eduardo Santamarina, Sebastián Rulli, Jacqueline Bracamontes, Ana Martín, Yadhira Carrillo, Miguel Pizarro, Manuel Landeta, Antonio Medellin, Ana Bertha Espín, José Elías Moreno, Olivia Bucio</field>
	<field name="country">Mexico</field>
	<field name="date_added">December 31, 2017</field>
	<field name="rating">TV-PG</field>
	<field name="duration">1 Season</field>
	<field name="listed_in">International TV Shows, Romantic TV Shows, Spanish-Language TV Shows</field>
	<field name="description">Ruby, jealous of her wealthy best friend Maribel, cooks up a scheme to marry a millionaire. Hector, Maribel's boyfriend, is her target.</field>
</item><item>
	<field name="show_id">81072883</field>
	<field name="title">The Outsiders</field>
	<field name="director">nan</field>
	<field name="cast">Dylan Kuo, Ady An, Lan Cheng-Lung, Michael Chang, Joelle Lu</field>
	<field name="country">Taiwan</field>
	<field name="date_added">April 30, 2019</field>
	<field name="rating">TV-MA</field>
	<field name="duration">1 Season</field>
	<field name="listed_in">Crime TV Shows, International TV Shows, Romantic TV Shows</field>
	<field name="description">A trio of delinquent brothers fends off neighborhood rivals until one joins a gang to gain protection for the upper-class girl he loves.</field>
</item><item>
	<field name="show_id">80136796</field>
	<field name="title">Show Me the Money</field>
	<field name="director">nan</field>
	<field name="cast">Afdlin Shauki, Patrick Teoh, Mano Maniam, Rashid Salleh, Soefira Jaafar, Nell Ng, Juliana Ibrahim, Wandy She</field>
	<field name="country">nan</field>
	<field name="date_added"> September 9, 2018</field>
	<field name="rating">TV-14</field>
	<field name="duration">2 Seasons</field>
	<field name="listed_in">International TV Shows, TV Comedies</field>
	<field name="description">Four ordinary family members find their lives turned upside down when they become overnight millionaires thanks to an unlikely benefactor.</field>
</item><item>
	<field name="show_id">70158332</field>
	<field name="title">Star Trek: Enterprise</field>
	<field name="director">nan</field>
	<field name="cast">Scott Bakula, John Billingsley, Jolene Blalock, Dominic Keating, Anthony Montgomery, Linda Park, Connor Trinneer</field>
	<field name="country">United States</field>
	<field name="date_added"> October 1, 2017</field>
	<field name="rating">TV-PG</field>
	<field name="duration">4 Seasons</field>
	<field name="listed_in">Classic & Cult TV, TV Action & Adventure, TV Sci-Fi & Fantasy</field>
	<field name="description">Capt. Archer and his crew explore space and discover human innovation-expanding technologies as they meet new alien races in this "Star Trek" prequel.</field>
</item><item>
	<field name="show_id">60036794</field>
	<field name="title">Sonic X</field>
	<field name="director">nan</field>
	<field name="cast">Suzanne Goldish, Dan Green, Jason Anthony Griffith, Rebecca Honig, Lisa Ortiz, Amy Palant, Mike Pollock, Jack Quevas</field>
	<field name="country">Japan</field>
	<field name="date_added"> December 1, 2019</field>
	<field name="rating">TV-Y7</field>
	<field name="duration">4 Seasons</field>
	<field name="listed_in">Anime Series, Kids' TV</field>
	<field name="description">While battling the evil Dr. Eggman, Sonic gets caught in an explosion that sends him, his pals and his enemy to the unfamiliar planet Earth. With the help of a young boy, Sonic sets out to find the powerful Chaos Emeralds and defeat Dr. Eggman.</field>
</item>