<item>
	<field name="show_id">70206822</field>
	<field name="title">Strange Voices</field>
	<field name="director">Arthur Allan Seidelman</field>
	<field name="cast">Nancy McKeon, Valerie Harper, Stephen Macht, Tricia Leigh Fisher, Millie Perkins</field>
	<field name="country">United States</field>
	<field name="date_added">October 1, 2011</field>
	<field name="rating">NR</field>
	<field name="duration">96 min</field>
	<field name="listed_in">Dramas</field>
	<field name="description">When their college-age daughter suddenly begins acting erratically and is diagnosed with schizophrenia, a desperate couple seeks treatment for her.</field>
</item><item>
	<field name="show_id">569355</field>
	<field name="title">Hamburger Hill</field>
	<field name="director">John Irvin</field>
	<field name="cast">Anthony Barille, Michael Boatman, Don Cheadle, Michael Dolan, Don James, Dylan McDermott, Michael A. Nickles, Harry O'Reilly, Daniel O'Shea, Tim Quill, Tommy Swerdlow, Courtney B. Vance, Steven Weber, Tegan West</field>
	<field name="country">United States</field>
	<field name="date_added">November 23, 2019</field>
	<field name="rating">R</field>
	<field name="duration">110 min</field>
	<field name="listed_in">Action & Adventure, Dramas</field>
	<field name="description">The Vietnam War's horrors come brutally to life through the eyes of American soldiers trying to take a heavily fortified hill under Vietcong control.</field>
</item><item>
	<field name="show_id">70141644</field>
	<field name="title">Mad Ron's Prevues from Hell</field>
	<field name="director">Jim Monaco</field>
	<field name="cast">Nick Pawlow, Jordu Schell, Jay Kushwara, Michael Townsend Wright, Anthony Kelly, Happy Goldsplatt, Ron Roccia, Fred Pomerleau, Joe Amodei, Nicholas Kitsopoulos</field>
	<field name="country">United States</field>
	<field name="date_added">November 1, 2010</field>
	<field name="rating">NR</field>
	<field name="duration">84 min</field>
	<field name="listed_in">Cult Movies, Horror Movies</field>
	<field name="description">This collection cherry-picks trailers, forgotten scenes and poster art from 47 gory oldies, including Bay of Blood and The Blood Spattered Bride.</field>
</item><item>
	<field name="show_id">281550</field>
	<field name="title">La Bamba</field>
	<field name="director">Luis Valdez</field>
	<field name="cast">Lou Diamond Phillips, Esai Morales, Rosanna DeSoto, Elizabeth Peña, Danielle von Zerneck, Joe Pantoliano, Rick Dees, Marshall Crenshaw, Howard Huntsberry, Brian Setzer</field>
	<field name="country">United States</field>
	<field name="date_added">January 1, 2020</field>
	<field name="rating">PG-13</field>
	<field name="duration">109 min</field>
	<field name="listed_in">Classic Movies, Dramas, Music & Musicals</field>
	<field name="description">The plane crash that killed Buddy Holly also took Ritchie Valens, whose modest upbringing and rise to fame are depicted in this exhilarating biopic.</field>
</item><item>
	<field name="show_id">60004393</field>
	<field name="title">Sam Kinison: Breaking the Rules</field>
	<field name="director">Walter C. Miller</field>
	<field name="cast">Sam Kinison</field>
	<field name="country">United States</field>
	<field name="date_added">December 31, 2018</field>
	<field name="rating">TV-MA</field>
	<field name="duration">50 min</field>
	<field name="listed_in">Stand-Up Comedy</field>
	<field name="description">The one-time preacher shakes and shudders as he tears into subjects including sex, marriage, religion, drugs and famine in this HBO special.</field>
</item>