<item>
	<field name="show_id">81214114</field>
	<field name="title">Bulletproof 2</field>
	<field name="director">Don Michael Paul</field>
	<field name="cast">Faizon Love, Kirk Fox, Tony Todd, Pearl Thusi, Cassie Clare, Fiona Ramsey, Neels Clasen, Roxy Nel</field>
	<field name="country">United States</field>
	<field name="date_added">January 9, 2020</field>
	<field name="rating">TV-MA</field>
	<field name="duration">97 min</field>
	<field name="listed_in">Action & Adventure, Comedies</field>
	<field name="description">A special agent abruptly reunites with a criminal – once a former friend – when he attempts to use his identity to infiltrate and take down a cartel.</field>
</item><item>
	<field name="show_id">80233408</field>
	<field name="title">Live Twice, Love Once</field>
	<field name="director">Maria Ripoll</field>
	<field name="cast">Oscar Martínez, Inma Cuesta, Mafalda Carbonell, Nacho López, Isabel Requena, Aina Clotet, Antonio Valero, María Zamora, Hugo Balaguer, Valeria Schoneveld</field>
	<field name="country">Spain</field>
	<field name="date_added">January 7, 2020</field>
	<field name="rating">TV-MA</field>
	<field name="duration">102 min</field>
	<field name="listed_in">Comedies, Dramas, International Movies</field>
	<field name="description">When Emilio (Oscar Martínez) is diagnosed with Alzheimer's disease, he and his family embark on a quest to reunite him with his childhood crush.</field>
</item><item>
	<field name="show_id">81006825</field>
	<field name="title">All the Freckles in the World</field>
	<field name="director">Yibrán Asuad</field>
	<field name="cast">Hánssel Casillas, Loreto Peralta, Andrea Sutton, Luis De La Rosa, Alejandro Flores, Anajosé Aldrete, Daniel Haddad, Montserrat Marañón, Juan Carlos Viana Prieto, Hernán Del Riego</field>
	<field name="country">Mexico</field>
	<field name="date_added">January 3, 2020</field>
	<field name="rating">TV-14</field>
	<field name="duration">90 min</field>
	<field name="listed_in">Comedies, International Movies, Romantic Movies</field>
	<field name="description">Thirteen-year-old José Miguel is immune to 1994 World Cup fever until he realizes soccer is the only way to win the heart of his crush.</field>
</item><item>
	<field name="show_id">81127902</field>
	<field name="title">A Fall from Grace</field>
	<field name="director">Tyler Perry</field>
	<field name="cast">Crystal Fox, Phylicia Rashad, Cicely Tyson, Bresha Webb, Mehcad Brooks, Adrian Pasdar, Tyler Perry</field>
	<field name="country">nan</field>
	<field name="date_added">January 17, 2020</field>
	<field name="rating">TV-MA</field>
	<field name="duration">121 min</field>
	<field name="listed_in">Dramas, Thrillers</field>
	<field name="description">When gentle, law-abiding Grace confesses to killing her new husband, her skeptical young lawyer sets out to uncover the truth. A film by Tyler Perry.</field>
</item><item>
	<field name="show_id">81060049</field>
	<field name="title">Leslie Jones: Time Machine</field>
	<field name="director">David Benioff, D.B. Weiss</field>
	<field name="cast">Leslie Jones</field>
	<field name="country">United States</field>
	<field name="date_added">January 14, 2020</field>
	<field name="rating">TV-MA</field>
	<field name="duration">66 min</field>
	<field name="listed_in">Stand-Up Comedy</field>
	<field name="description">From trying to seduce Prince to battling sleep apnea, Leslie Jones traces her evolution as an adult in a joyfully raw and outrageous stand-up special.</field>
</item><item>
	<field name="show_id">81088083</field>
	<field name="title">Ghost Stories</field>
	<field name="director">Anurag Kashyap, Dibakar Banerjee, Karan Johar, Zoya Akhtar</field>
	<field name="cast">Janhvi Kapoor, Sobhita Dhulipala, Sukant Goel, Gulshan Devaiah, Mrunal Thakur, Avinash Tiwary, Vijay Varma, Sagar Arya, Surekha Sikri, Pavail Gulati</field>
	<field name="country">India</field>
	<field name="date_added">January 1, 2020</field>
	<field name="rating">TV-MA</field>
	<field name="duration">145 min</field>
	<field name="listed_in">Horror Movies, International Movies, Thrillers</field>
	<field name="description">The directors of Emmy-nominated "Lust Stories" (Zoya Akhtar, Anurag Kashyap, Dibakar Banerjee and Karan Johar) reunite for this quartet of thrillers.</field>
</item>