<item>
	<field name="show_id">81034946</field>
	<field name="title">Maradona in Mexico</field>
	<field name="director">nan</field>
	<field name="cast">Diego Armando Maradona</field>
	<field name="country">Argentina, United States, Mexico</field>
	<field name="date_added">November 13, 2019</field>
	<field name="rating">TV-MA</field>
	<field name="duration">1 Season</field>
	<field name="listed_in">Docuseries, Spanish-Language TV Shows</field>
	<field name="description">In this docuseries, soccer great Diego Maradona comes to Culiacán, the heart of the Sinaloa Cartel, to save the local team, the Dorados, and maybe himself, too.</field>
</item><item>
	<field name="show_id">81039393</field>
	<field name="title">Cheer</field>
	<field name="director">nan</field>
	<field name="cast">nan</field>
	<field name="country">United States</field>
	<field name="date_added">January 8, 2020</field>
	<field name="rating">TV-MA</field>
	<field name="duration">1 Season</field>
	<field name="listed_in">Docuseries, Reality TV, Teen TV Shows</field>
	<field name="description">This gripping docuseries follows the ups and downs of Navarro College's competitive cheer squad as they work to win a coveted national title.</field>
</item><item>
	<field name="show_id">80997687</field>
	<field name="title">Dracula</field>
	<field name="director">nan</field>
	<field name="cast">Claes Bang, Dolly Wells, John Heffernan</field>
	<field name="country">United Kingdom</field>
	<field name="date_added">January 4, 2020</field>
	<field name="rating">TV-14</field>
	<field name="duration">1 Season</field>
	<field name="listed_in">British TV Shows, International TV Shows, TV Dramas</field>
	<field name="description">The Count Dracula legend transforms with new tales that flesh out the vampire's gory crimes – and bring his vulnerability into the light.</field>
</item><item>
	<field name="show_id">80237347</field>
	<field name="title">Go! Go! Cory Carson</field>
	<field name="director">nan</field>
	<field name="cast">Alan C. Lim, Paul Killam, Maisie Benson, Kerry Gudjohnsen, Smith Foreman, Neena-Sinaii Simpo, Eli Morse, Adelaide Hirasaki, Jim Capobianco, Anna Chambers, Pfifer Chastain</field>
	<field name="country">United States</field>
	<field name="date_added">January 4, 2020</field>
	<field name="rating">TV-Y</field>
	<field name="duration">1 Season</field>
	<field name="listed_in">Kids' TV</field>
	<field name="description">Beep, beep – go, go! Buckle up for fun and adventure with adorable kid car Cory Carson as he explores the winding roads of Bumperton Hills.</field>
</item><item>
	<field name="show_id">81160763</field>
	<field name="title">Sex, Explained</field>
	<field name="director">nan</field>
	<field name="cast">Janelle Monáe</field>
	<field name="country">United States</field>
	<field name="date_added">January 2, 2020</field>
	<field name="rating">TV-MA</field>
	<field name="duration">1 Season</field>
	<field name="listed_in">Docuseries, Science & Nature TV</field>
	<field name="description">From the biology of attraction to the history of birth control, explore the ins and outs of sex in this entertaining and enlightening series.</field>
</item><item>
	<field name="show_id">80995039</field>
	<field name="title">Ares</field>
	<field name="director">nan</field>
	<field name="cast">Jade Olieberg, Tobias Kersloot, Lisa Smit, Frieda Barnhard, Hans Kesting, Rifka Lodeizen, Robin Boissevain, Jennifer Welts, Steef de Bot, Jip van den Dool, Janni Goslinga, Dennis Rudge, Ian Bok, Roos Dickmann, Minne Koole, Alexander Brouwer</field>
	<field name="country">nan</field>
	<field name="date_added">January 17, 2020</field>
	<field name="rating">TV-MA</field>
	<field name="duration">1 Season</field>
	<field name="listed_in">International TV Shows, TV Dramas, TV Horror</field>
	<field name="description">Aiming to become part of Amsterdam's elite, an ambitious college student joins an exclusive society, unaware it's hiding a horrifying secret.</field>
</item><item>
	<field name="show_id">81062580</field>
	<field name="title">Nailed It! Germany</field>
	<field name="director">nan</field>
	<field name="cast">Angelina Kirsch, Bernd Siefert</field>
	<field name="country">nan</field>
	<field name="date_added">January 17, 2020</field>
	<field name="rating">TV-14</field>
	<field name="duration">1 Season</field>
	<field name="listed_in">International TV Shows, Reality TV</field>
	<field name="description">Home cooks try – and inevitably fail – to re-create spectacular confections on this comical competition show, all for a sweet 5,000 euros.</field>
</item><item>
	<field name="show_id">80996973</field>
	<field name="title">Handsome Siblings</field>
	<field name="director">nan</field>
	<field name="cast">Hu Yitian, Chen Zheyuan, Liang Jie, Vicky Liang, Tay Ping Hui, Nikita Mao, Gallen Lo, Song Wenzuo, Jin Song, Jason Zheng</field>
	<field name="country">China</field>
	<field name="date_added">January 16, 2020</field>
	<field name="rating">TV-14</field>
	<field name="duration">1 Season</field>
	<field name="listed_in">International TV Shows, TV Dramas, TV Sci-Fi & Fantasy</field>
	<field name="description">Clashing martial arts twins face relentless villains, thorny romance and brotherly rivalry as their troubled pasts catch up to them.</field>
</item><item>
	<field name="show_id">81062828</field>
	<field name="title">Killer Inside: The Mind of Aaron Hernandez</field>
	<field name="director">nan</field>
	<field name="cast">Aaron Hernandez</field>
	<field name="country">United States</field>
	<field name="date_added">January 15, 2020</field>
	<field name="rating">TV-MA</field>
	<field name="duration">1 Season</field>
	<field name="listed_in">Crime TV Shows, Docuseries</field>
	<field name="description">Via interviews with friends, players and insiders, this docuseries examines how Aaron Hernandez went from an NFL star to a convicted killer.</field>
</item><item>
	<field name="show_id">80221553</field>
	<field name="title">Kipo and the Age of Wonderbeasts</field>
	<field name="director">nan</field>
	<field name="cast">Karen Fukuhara, Sydney Mikayla, Deon Cole, Coy Stewart, Dee Bradley Baker, Sterling K. Brown, Dan Stevens, Jake Green, Steve Blum</field>
	<field name="country">United States</field>
	<field name="date_added">January 14, 2020</field>
	<field name="rating">TV-Y7-FV</field>
	<field name="duration">1 Season</field>
	<field name="listed_in">Kids' TV, TV Comedies</field>
	<field name="description">Making her way through a world of mutant animals, a sheltered yet scrappy girl learns how to survive – and get home – with help from her ragtag crew.</field>
</item><item>
	<field name="show_id">80239306</field>
	<field name="title">The Healing Powers of Dude</field>
	<field name="director">nan</field>
	<field name="cast">Jace Chapman, Larisa Oleynik, Tom Everett Scott, Steve Zahn, Mauricio Lara, Sophie Kim, Laurel Emory</field>
	<field name="country">nan</field>
	<field name="date_added">January 13, 2020</field>
	<field name="rating">TV-G</field>
	<field name="duration">1 Season</field>
	<field name="listed_in">Kids' TV, TV Comedies, TV Dramas</field>
	<field name="description">When an 11-year-old boy with social anxiety disorder starts middle school, he finds strength in a scruffy emotional support dog named Dude.</field>
</item><item>
	<field name="show_id">80237329</field>
	<field name="title">AJ and the Queen</field>
	<field name="director">nan</field>
	<field name="cast">RuPaul Charles, Izzy G., Michael-Leon Wooley, Josh Segarra, Katerina Tannenbaum, Tia Carrere</field>
	<field name="country">United States</field>
	<field name="date_added">January 10, 2020</field>
	<field name="rating">TV-14</field>
	<field name="duration">1 Season</field>
	<field name="listed_in">TV Comedies, TV Dramas</field>
	<field name="description">While traveling across the country in a run-down RV, drag queen Ruby Red discovers an unlikely sidekick in AJ: a tough-talking 10-year-old stowaway.</field>
</item><item>
	<field name="show_id">81183491</field>
	<field name="title">Jamtara - Sabka Number Ayega</field>
	<field name="director">Soumendra Padhi</field>
	<field name="cast">Amit Sial, Dibyendu Bhattacharya, Aksha Pardhasany, Sparsh Shrivastava, Monika Panwar, Anshumaan Pushkar</field>
	<field name="country">India</field>
	<field name="date_added">January 10, 2020</field>
	<field name="rating">TV-MA</field>
	<field name="duration">1 Season</field>
	<field name="listed_in">Crime TV Shows, International TV Shows, TV Dramas</field>
	<field name="description">A group of small-town young men run a lucrative phishing operation, until a corrupt politician wants in on their scheme – and a cop wants to fight it.</field>
</item><item>
	<field name="show_id">81011449</field>
	<field name="title">Medical Police</field>
	<field name="director">nan</field>
	<field name="cast">Erinn Hayes, Rob Huebel, Malin Akerman, Rob Corddry, Lake Bell, Sarayu Blue, Ken Marino, Fred Melamed, Tom Wright, Jason Schwartzman, Eric Nenninger, Megan Le, Beth Dover, Zandy Hartig, Brian Huskey, Michael Cera</field>
	<field name="country">United States</field>
	<field name="date_added">January 10, 2020</field>
	<field name="rating">TV-MA</field>
	<field name="duration">1 Season</field>
	<field name="listed_in">Crime TV Shows, TV Action & Adventure, TV Comedies</field>
	<field name="description">Doctors Owen Maestro and Lola Spratt leave Childrens Hospital and join a secret arm of the CDC to investigate and destroy a deadly global virus.</field>
</item><item>
	<field name="show_id">81074060</field>
	<field name="title">Until Dawn</field>
	<field name="director">nan</field>
	<field name="cast">Ahmed Sylla, Alban Ivanov, Ornella Fleury, Natoo, Carlito, Mcfly, Djimo, Lola Dubini, Noom Diawara, Tania Dutel, Hakim Jemili, Jason Brokerss, Bérengère Krief, Thomas Vandenberghe, Monsieur Poulpe, Jhon Rachid, Audrey Pirault, Jeanfi Janssens, Fadily Camara, Laurie Peret, Issa Doumbia, Anne-Sophie Girard, Elhadj Gaye, Guillaume Bats</field>
	<field name="country">France</field>
	<field name="date_added">January 10, 2020</field>
	<field name="rating">TV-MA</field>
	<field name="duration">1 Season</field>
	<field name="listed_in">International TV Shows, Reality TV, TV Comedies</field>
	<field name="description">France’s funniest comics carry out ghastly tasks as they try to outlast – and outwit – one another while overnighting in haunted locations.</field>
</item><item>
	<field name="show_id">80117557</field>
	<field name="title">Messiah</field>
	<field name="director">nan</field>
	<field name="cast">Michelle Monaghan, Mehdi Dehbi, John Ortiz, Tomer Sisley, Melinda Page Hamilton, Stefania LaVie Owen, Sayyid El Alami, Jane Adams, Wil Traval, Fares Landoulsi</field>
	<field name="country">United States</field>
	<field name="date_added">January 1, 2020</field>
	<field name="rating">TV-MA</field>
	<field name="duration">1 Season</field>
	<field name="listed_in">TV Dramas, TV Thrillers</field>
	<field name="description">A wary CIA officer investigates a charismatic man who sparks a spiritual movement and stirs political unrest. A fictional story not based on true events.</field>
</item><item>
	<field name="show_id">80197991</field>
	<field name="title">Nisman: The Prosecutor, the President, and the Spy</field>
	<field name="director">Justin Webster</field>
	<field name="cast">nan</field>
	<field name="country">nan</field>
	<field name="date_added">January 1, 2020</field>
	<field name="rating">TV-MA</field>
	<field name="duration">1 Season</field>
	<field name="listed_in">Crime TV Shows, Docuseries, International TV Shows</field>
	<field name="description">This docuseries details the suspicious death of Alberto Nisman, investigator of the 1994 bombing of the Argentine Israelite Mutual Association building.</field>
</item><item>
	<field name="show_id">80201590</field>
	<field name="title">Spinning Out</field>
	<field name="director">nan</field>
	<field name="cast">Kaya Scodelario, January Jones, Will Kemp, Willow Shields, Evan Roderick, David James Elliott, Sarah Wright Olsen, Svetlana Efremova, Amanda Zhou, Mitchell Edwards, Kaitlyn Leeb, Johnny Weir</field>
	<field name="country">nan</field>
	<field name="date_added">January 1, 2020</field>
	<field name="rating">TV-MA</field>
	<field name="duration">1 Season</field>
	<field name="listed_in">TV Dramas</field>
	<field name="description">A figure skating Olympic hopeful struggles to balance love, family and fragile mental health as her dream of winning takes a dizzying hold.</field>
</item><item>
	<field name="show_id">81044551</field>
	<field name="title">The Circle</field>
	<field name="director">nan</field>
	<field name="cast">Michelle Buteau</field>
	<field name="country">nan</field>
	<field name="date_added">January 1, 2020</field>
	<field name="rating">TV-MA</field>
	<field name="duration">1 Season</field>
	<field name="listed_in">Reality TV</field>
	<field name="description">Status and strategy collide in this social experiment and competition show where online players flirt, befriend and catfish their way toward $100,000.</field>
</item>