<item>
	<field name="show_id">60003082</field>
	<field name="title">White Christmas</field>
	<field name="director">Michael Curtiz</field>
	<field name="cast">Bing Crosby, Danny Kaye, Rosemary Clooney, Vera-Ellen, Dean Jagger, Mary Wickes, John Brascia, Anne Whitfield, George Chakiris</field>
	<field name="country">United States</field>
	<field name="date_added">July 15, 2012</field>
	<field name="rating">TV-G</field>
	<field name="duration">120 min</field>
	<field name="listed_in">Children & Family Movies, Classic Movies, Comedies</field>
	<field name="description">Two war buddies fall for two sisters and follow the girls to a resort owned by their former commanding officer, who is in danger of losing the place.</field>
</item>