<item>
	<field name="show_id">70241607</field>
	<field name="title">Laddaland</field>
	<field name="director">Sopon Sukdapisit</field>
	<field name="cast">Saharat Sangkapreecha, Pok Piyatida Woramusik, Sutatta Udomsilp, Athipich Chutiwatkajornchai, Deuntem Salitul, Sahajak Boonthanakit</field>
	<field name="country">Thailand</field>
	<field name="date_added">September 7, 2018</field>
	<field name="rating">TV-MA</field>
	<field name="duration">112 min</field>
	<field name="listed_in">Horror Movies, International Movies</field>
	<field name="description">When a family moves into an upscale housing development, they encounter a series of paranormal events that drive them to the edge of insanity.</field>
</item><item>
	<field name="show_id">80158839</field>
	<field name="title">Suckseed</field>
	<field name="director">Chayanop Boonprakob</field>
	<field name="cast">Jirayu La-ongmanee, Pachara Chirathivat, Nattasha Nauljam, Thawat Pornrattanaprasert</field>
	<field name="country">Thailand</field>
	<field name="date_added">September 5, 2018</field>
	<field name="rating">TV-MA</field>
	<field name="duration">130 min</field>
	<field name="listed_in">Comedies, International Movies</field>
	<field name="description">When his boyhood crush Ern returns, Ped forms a band with his friend to impress her. Romantic rivalries bloom after the talented Ern joins the group.</field>
</item><item>
	<field name="show_id">81016326</field>
	<field name="title">Arisan 2</field>
	<field name="director">Nia Dinata</field>
	<field name="cast">Surya Saputra, Cut Mini Theo, Tora Sudiro</field>
	<field name="country">Indonesia</field>
	<field name="date_added">September 15, 2018</field>
	<field name="rating">TV-14</field>
	<field name="duration">113 min</field>
	<field name="listed_in">Comedies, Dramas, International Movies</field>
	<field name="description">A group of friends reunites for a vacation amid nature, where they laugh about their shared history and bond over difficult truths.</field>
</item><item>
	<field name="show_id">80152537</field>
	<field name="title">Naruto Shippuden : Blood Prison</field>
	<field name="director">Masahiko Murata</field>
	<field name="cast">Junko Takeuchi, Chie Nakamura, Rikiya Koyama, Kazuhiko Inoue, Masaki Terasoma, Mie Sonozaki, Yuichi Nakamura, Kengo Kawanishi, Kosei Hirota, Masako Katsuki</field>
	<field name="country">Japan</field>
	<field name="date_added">September 1, 2017</field>
	<field name="rating">TV-14</field>
	<field name="duration">102 min</field>
	<field name="listed_in">Action & Adventure, Anime Features, International Movies</field>
	<field name="description">Mistakenly accused of an attack on the Fourth Raikage, ninja Naruto is imprisoned in the impenetrable Hozuki Castle and his powers are sealed.</field>
</item><item>
	<field name="show_id">70185045</field>
	<field name="title">Forks Over Knives</field>
	<field name="director">Lee Fulkerson</field>
	<field name="cast">nan</field>
	<field name="country">United States</field>
	<field name="date_added">October 3, 2019</field>
	<field name="rating">PG</field>
	<field name="duration">96 min</field>
	<field name="listed_in">Documentaries</field>
	<field name="description">According to the research of two food scientists, the popularity of processed foods has led to epidemic rates of obesity, diabetes and other diseases.</field>
</item><item>
	<field name="show_id">70176967</field>
	<field name="title">Patiala House</field>
	<field name="director">Nikhil Advani</field>
	<field name="cast">Rishi Kapoor, Dimple Kapadia, Akshay Kumar, Anushka Sharma, Tinnu Anand, Soni Razdan, Prem Chopra, Masood Akhtar, Jeneva Talwar, Suparna Marwah</field>
	<field name="country">India</field>
	<field name="date_added">October 22, 2017</field>
	<field name="rating">TV-PG</field>
	<field name="duration">140 min</field>
	<field name="listed_in">Dramas, International Movies, Sports Movies</field>
	<field name="description">A talented young Indian cricket player must defy his father's wishes to play for the side of England, a rebellion his siblings quietly cheer.</field>
</item><item>
	<field name="show_id">70198040</field>
	<field name="title">Ready</field>
	<field name="director">Anees Bazmee</field>
	<field name="cast">Salman Khan, Asin, Paresh Rawal, Mahesh Manjrekar, Anuradha Patel, Manoj Pahwa, Manoj Joshi, Puneet Issar, Sharat Saxena, Akhilendra Mishra, Zarine Khan, Arya Babbar</field>
	<field name="country">India</field>
	<field name="date_added">October 22, 2017</field>
	<field name="rating">TV-PG</field>
	<field name="duration">144 min</field>
	<field name="listed_in">Comedies, International Movies, Romantic Movies</field>
	<field name="description">Bollywood superstar Salman Khan plays Prem, an heir to a perfume fortune who falls in love with the wrong woman in this romantic comedy.</field>
</item><item>
	<field name="show_id">70167128</field>
	<field name="title">Miss Representation</field>
	<field name="director">Jennifer Siebel Newsom</field>
	<field name="cast">nan</field>
	<field name="country">United States</field>
	<field name="date_added">October 20, 2017</field>
	<field name="rating">NR</field>
	<field name="duration">90 min</field>
	<field name="listed_in">Documentaries</field>
	<field name="description">Explore how the mainstream media's often disparaging portrayals of women contribute to the under-representation of females in positions of leadership.</field>
</item><item>
	<field name="show_id">70184050</field>
	<field name="title">Honey 2</field>
	<field name="director">Bille Woodruff</field>
	<field name="cast">Kat Graham, Mario Lopez, Audrina Patridge, Seychelle Gabriel, Randy Wayne, Brandon Molale, Melissa Molinaro, Jossara Jinaro, Lonette McKee, Laurieann Gibson, Christopher Shazar</field>
	<field name="country">United States</field>
	<field name="date_added">October 1, 2019</field>
	<field name="rating">PG-13</field>
	<field name="duration">111 min</field>
	<field name="listed_in">Dramas, Romantic Movies</field>
	<field name="description">Determined to prove herself as a street dancer, Maria heads from juvie to a Bronx rec center where she's introduced to her dance idol, Honey Daniels.</field>
</item><item>
	<field name="show_id">70211216</field>
	<field name="title">Kevin Hart: Laugh at My Pain</field>
	<field name="director">Leslie Small, Tim Story</field>
	<field name="cast">Kevin Hart</field>
	<field name="country">United States</field>
	<field name="date_added">October 1, 2018</field>
	<field name="rating">R</field>
	<field name="duration">89 min</field>
	<field name="listed_in">Stand-Up Comedy</field>
	<field name="description">Sometimes edgy and always hilarious, comedian Kevin Hart shines in this theatrical version of his record-breaking 2011 live tour.</field>
</item><item>
	<field name="show_id">70229555</field>
	<field name="title">Muran</field>
	<field name="director">Rajan Madhav</field>
	<field name="cast">Prasanna, Cheran, Haripriya, Nikhita, Suma Bhattacharya, Jayaprakash</field>
	<field name="country">India</field>
	<field name="date_added">October 1, 2018</field>
	<field name="rating">TV-14</field>
	<field name="duration">134 min</field>
	<field name="listed_in">Action & Adventure, International Movies</field>
	<field name="description">When jingle composer Nanda's car breaks down on his way to Chennai, he hitchhikes there with Arjun, who tries to rope Nanda into a shady deal.</field>
</item><item>
	<field name="show_id">70213515</field>
	<field name="title">My Friend Pinto</field>
	<field name="director">Raaghav Dar</field>
	<field name="cast">Prateik, Kalki Koechlin, Arjun Mathur, Shruti Seth, Makrand Deshpande, Divya Dutta, Rajendranath Zutshi, Amin Hajee, Karim Hajee, Shakeel Khan</field>
	<field name="country">India</field>
	<field name="date_added">October 1, 2018</field>
	<field name="rating">TV-PG</field>
	<field name="duration">100 min</field>
	<field name="listed_in">Comedies, International Movies, Sci-Fi & Fantasy</field>
	<field name="description">A bright-eyed villager comes face-to-face with the gritty realities of modern-day Mumbai when he sets out to find his childhood friend.</field>
</item><item>
	<field name="show_id">70197459</field>
	<field name="title">Barbie: Princess Charm School</field>
	<field name="director">Ezekiel Norton</field>
	<field name="cast">Diana Kaarina, Morwenna Banks, Nicole Oliver, Brittney Wilson, Ali Liebert, Shannon Chan-Kent, Madeleine Peters, Cathy Weseluck, Ellen Kennedy, Vincent Tong, Derek Waters, Brian Drummond, Tabitha St. Germain, Bethany Brown, Miranda Nolte, Kelly Metzger, Kazumi Evans, Anna Cummer</field>
	<field name="country">United States, Canada</field>
	<field name="date_added">October 1, 2017</field>
	<field name="rating">TV-Y</field>
	<field name="duration">80 min</field>
	<field name="listed_in">Children & Family Movies</field>
	<field name="description">Blair Willows is excited when she gets to go to Princess Charm School, where she meets princesses Delancy and Hadley, and searches for a magic crown.</field>
</item><item>
	<field name="show_id">70209267</field>
	<field name="title">A Holiday Engagement</field>
	<field name="director">Jim Fall</field>
	<field name="cast">Bonnie Somerville, Shelley Long, Jordan Bridges, Sam McMurray, Haylie Duff, Sam Horrigan, Carrie Wiita, Chris McKenna, Edi Patterson, Jennifer Elise Cox</field>
	<field name="country">United States</field>
	<field name="date_added">November 4, 2019</field>
	<field name="rating">TV-G</field>
	<field name="duration">92 min</field>
	<field name="listed_in">Children & Family Movies, Comedies, Romantic Movies</field>
	<field name="description">Hilary's plan to hire a good-looking guy to act as her boyfriend backfires when she brings him home for the holidays to try and fool her family.</field>
</item><item>
	<field name="show_id">70262831</field>
	<field name="title">Dear Santa</field>
	<field name="director">Jason Priestley</field>
	<field name="cast">Amy Acker, David Haydn-Jones, Patrick Creery, Gina Holden, James Dugan, Margherita Donato, Brooklynn Proulx, James D. Hopkin, Bob Irvine</field>
	<field name="country">Canada</field>
	<field name="date_added">November 4, 2019</field>
	<field name="rating">TV-PG</field>
	<field name="duration">92 min</field>
	<field name="listed_in">Comedies, Romantic Movies</field>
	<field name="description">Finding a letter mailed to Santa by a girl asking for a new wife for her daddy, twentysomething Crystal sets out to make the girl's wishes come true.</field>
</item><item>
	<field name="show_id">81016327</field>
	<field name="title">Garuda in My Heart 2</field>
	<field name="director">Rudy Soedjarwo</field>
	<field name="cast">Emir Mahira, Aldo Tansani, Maudy Koesnaedi, Ramzi, Rio Dewanto, Monica Sayangbati, Rendy Khrisna</field>
	<field name="country">Indonesia</field>
	<field name="date_added">November 30, 2018</field>
	<field name="rating">TV-PG</field>
	<field name="duration">95 min</field>
	<field name="listed_in">Children & Family Movies, Dramas, Sports Movies</field>
	<field name="description">A young soccer player sets out to prove he can lead his team to a championship – but being a winner is about more than just talent.</field>
</item><item>
	<field name="show_id">70117582</field>
	<field name="title">Hoodwinked Too! Hood vs. Evil</field>
	<field name="director">Mike Disa</field>
	<field name="cast">Hayden Panettiere, Glenn Close, Patrick Warburton, Joan Cusack, David Ogden Stiers, Bill Hader, Amy Poehler, Andy Dick, Martin Short, Brad Garrett, Cheech Marin, Tommy Chong, Heidi Klum, Wayne Newton</field>
	<field name="country">United States</field>
	<field name="date_added">November 3, 2018</field>
	<field name="rating">PG</field>
	<field name="duration">86 min</field>
	<field name="listed_in">Children & Family Movies, Comedies</field>
	<field name="description">Fresh off a top-secret training, feisty heroine Little Red teams up with intrepid reporter Wolf to investigate the disappearance of Hansel and Gretel.</field>
</item><item>
	<field name="show_id">70121502</field>
	<field name="title">The Adventures of Tintin</field>
	<field name="director">Steven Spielberg</field>
	<field name="cast">Jamie Bell, Andy Serkis, Daniel Craig, Nick Frost, Simon Pegg, Daniel Mays, Gad Elmaleh, Toby Jones, Joe Starr</field>
	<field name="country">United States, New Zealand, United Kingdom</field>
	<field name="date_added">November 20, 2019</field>
	<field name="rating">PG</field>
	<field name="duration">107 min</field>
	<field name="listed_in">Children & Family Movies</field>
	<field name="description">This 3-D motion capture adapts Georges Remi's classic comic strip about the adventures of fearless young journalist Tintin and his trusty dog, Snowy.</field>
</item><item>
	<field name="show_id">70173046</field>
	<field name="title">Young Adult</field>
	<field name="director">Jason Reitman</field>
	<field name="cast">Charlize Theron, Patton Oswalt, Patrick Wilson, Elizabeth Reaser, Jill Eikenberry, Mary Beth Hurt, Collette Wolfe, Richard Bekins, Kate Nowlin</field>
	<field name="country">United States</field>
	<field name="date_added">November 20, 2019</field>
	<field name="rating">R</field>
	<field name="duration">94 min</field>
	<field name="listed_in">Comedies, Dramas, Independent Movies</field>
	<field name="description">When a divorced writer gets a letter from an old boyfriend announcing his wife's had a baby, she returns to her hometown to reconnect with her ex.</field>
</item><item>
	<field name="show_id">70178618</field>
	<field name="title">Shark Night</field>
	<field name="director">David R. Ellis</field>
	<field name="cast">Sara Paxton, Dustin Milligan, Chris Carmack, Katharine McPhee, Donal Logue, Joshua Leonard, Sinqua Walls, Chris Zylka, Alyssa Diaz, Joel David Moore</field>
	<field name="country">United States</field>
	<field name="date_added">November 2, 2019</field>
	<field name="rating">PG-13</field>
	<field name="duration">91 min</field>
	<field name="listed_in">Horror Movies</field>
	<field name="description">A weekend of beach-house debauchery turns into a nightmare for a group of friends when they discover that the waters are infested with vicious sharks.</field>
</item><item>
	<field name="show_id">70189289</field>
	<field name="title">Drive</field>
	<field name="director">Nicolas Winding Refn</field>
	<field name="cast">Ryan Gosling, Carey Mulligan, Bryan Cranston, Christina Hendricks, Ron Perlman, Oscar Isaac, Albert Brooks, Kaden Leos, Jeff Wolfe, James Biberi</field>
	<field name="country">United States</field>
	<field name="date_added">November 16, 2019</field>
	<field name="rating">R</field>
	<field name="duration">100 min</field>
	<field name="listed_in">Action & Adventure, Dramas, Independent Movies</field>
	<field name="description">A Hollywood stuntman and getaway driver is lured from his isolated life by a lovely neighbor – until her violent husband is released from prison.</field>
</item><item>
	<field name="show_id">80093820</field>
	<field name="title">K-on! the movie</field>
	<field name="director">Naoko Yamada</field>
	<field name="cast">Aki Toyosaki, Yoko Hikasa, Satomi Sato, Minako Kotobuki, Ayana Taketatsu, Asami Sanada, Madoka Yonezawa, Chika Fujito, Yoriko Nagata</field>
	<field name="country">Japan</field>
	<field name="date_added">November 15, 2019</field>
	<field name="rating">TV-PG</field>
	<field name="duration">110 min</field>
	<field name="listed_in">Anime Features</field>
	<field name="description">The seniors in Sakuragaoka High School's music club live out the graduation trip of their dreams when they celebrate by performing in London.</field>
</item><item>
	<field name="show_id">70139073</field>
	<field name="title">Arjun: The Warrior Prince</field>
	<field name="director">Arnab Chaudhuri</field>
	<field name="cast">Yudhveer Bakoliya, Ashok Banthia, Ravi Khanwilkar, Vijay Kashyap, Ila Arun, Sachin Khedekar, Rajeshwari Sachdev, Hemanth Mahaur</field>
	<field name="country">India</field>
	<field name="date_added">November 1, 2018</field>
	<field name="rating">TV-14</field>
	<field name="duration">91 min</field>
	<field name="listed_in">Action & Adventure, Dramas, International Movies</field>
	<field name="description">This animated retelling of the classic Indian tale of Prince Arjun – part of the Sanskrit epic Mahabharata – begins during the prince's youth.</field>
</item><item>
	<field name="show_id">70139076</field>
	<field name="title">No One Killed Jessica</field>
	<field name="director">Raj Kumar Gupta</field>
	<field name="cast">Rani Mukerji, Vidya Balan, Myra Karn, Neil Bhoopalam, Rajesh Sharma, Mohammed Zeeshan Ayyub, Bubbles Sabharwal, Satyadeep Misra, Yogendra Tikku, Geeta Sudan</field>
	<field name="country">India</field>
	<field name="date_added">November 1, 2018</field>
	<field name="rating">TV-MA</field>
	<field name="duration">131 min</field>
	<field name="listed_in">Dramas, International Movies</field>
	<field name="description">This thriller tells the true story of model Jessica Lall – who was shot dead in a restaurant – and the campaign to bring her killer to justice.</field>
</item><item>
	<field name="show_id">70185141</field>
	<field name="title">Zokkomon</field>
	<field name="director">Satyajit Bhatkal</field>
	<field name="cast">Darsheel Safary, Anupam Kher, Manjari Fadnis, Tinnu Anand, Sheeba Chaddha, S.M. Zaheer, Aayam Mehta, Gargi Datar, Jai Vyas</field>
	<field name="country">India</field>
	<field name="date_added">November 1, 2018</field>
	<field name="rating">PG</field>
	<field name="duration">104 min</field>
	<field name="listed_in">Children & Family Movies, Dramas</field>
	<field name="description">When his cruel uncle abandons him, a young orphan learns to access the untapped superpowers that have been waiting within him all along.</field>
</item><item>
	<field name="show_id">80203786</field>
	<field name="title">Rivaaz</field>
	<field name="director">Ashok Nanda</field>
	<field name="cast">Deepti Naval, Vijay Raaz, Meghna Naidu, Saadhika Randhawa, Ritisha Vijayvargya, Manoj Biddvai, Sayaji Shinde, Reema Lagoo</field>
	<field name="country">India</field>
	<field name="date_added">November 1, 2017</field>
	<field name="rating">TV-MA</field>
	<field name="duration">107 min</field>
	<field name="listed_in">Dramas, Independent Movies, International Movies</field>
	<field name="description">In a village where girls are auctioned off rather than married, a man falls in love with a girl who is about to face the bidders.</field>
</item><item>
	<field name="show_id">80211371</field>
	<field name="title">Yaara O Dildaara</field>
	<field name="director">Ksshitij Chaudhary</field>
	<field name="cast">Harbhajan Mann, Tulip Joshi, Kabir Bedi, Gulzar Chahal, Jonita, Gurpreet Ghuggi, Gurpreet Grewal, Neena Cheema, Sunita Dhir</field>
	<field name="country">India</field>
	<field name="date_added">November 1, 2017</field>
	<field name="rating">TV-14</field>
	<field name="duration">132 min</field>
	<field name="listed_in">Dramas, International Movies, Music & Musicals</field>
	<field name="description">The patriarch of a wealthy family with one industrious son and one who's a playboy arranges for the marriage of one to the woman the other loves.</field>
</item><item>
	<field name="show_id">70288423</field>
	<field name="title">A Russell Peters Christmas</field>
	<field name="director">Henry Sarwer-Foner</field>
	<field name="cast">Russell Peters, Pamela Anderson, Michael Bublé, Jon Lovitz, Scott Thompson, Faizon Love, Goapele, Ted Lange</field>
	<field name="country">Canada</field>
	<field name="date_added">November 1, 2013</field>
	<field name="rating">NR</field>
	<field name="duration">44 min</field>
	<field name="listed_in">Stand-Up Comedy</field>
	<field name="description">Inspired by the variety shows of the 1970s, "A Russell Peters Christmas" is a sweet, silly, sentimental and, most of all, funny Christmas special.</field>
</item><item>
	<field name="show_id">70172928</field>
	<field name="title">War Horse</field>
	<field name="director">Steven Spielberg</field>
	<field name="cast">Emily Watson, David Thewlis, Peter Mullan, Niels Arestrup, Tom Hiddleston, Jeremy Irvine, Benedict Cumberbatch, Toby Kebbell, David Kross, Eddie Marsan, Nicolas Bro, Rainer Bock, Patrick Kennedy, Liam Cunningham</field>
	<field name="country">United States, India</field>
	<field name="date_added">May 6, 2019</field>
	<field name="rating">PG-13</field>
	<field name="duration">147 min</field>
	<field name="listed_in">Dramas</field>
	<field name="description">During World War I, the bond between a young Englishman and his loyal horse, Joey, is tested when Joey is sold to the cavalry and sent to France.</field>
</item><item>
	<field name="show_id">80083930</field>
	<field name="title">Ragini MMS</field>
	<field name="director">Pawan Kripalani</field>
	<field name="cast">Kainaz Motivala, Rajkummar Rao, Rajat Kaul, Janice, Shernaza, Mangala Ahire, Vinod Rawat</field>
	<field name="country">India</field>
	<field name="date_added">May 31, 2019</field>
	<field name="rating">TV-MA</field>
	<field name="duration">93 min</field>
	<field name="listed_in">Horror Movies, International Movies</field>
	<field name="description">A couple out to have a sensuous weekend at a house outside of Mumbai finds it rigged with surveillance cameras and occupied by an evil entity.</field>
</item><item>
	<field name="show_id">70185023</field>
	<field name="title">Shor In the City</field>
	<field name="director">Raj Nidimoru, Krishna D.K.</field>
	<field name="cast">Sendhil Ramamurthy, Tusshar Kapoor, Nikhil Dwivedi, Preeti Desai, Sundeep Kishan, Radhika Apte, Pitobash, Girija Oak, Alok Chaturvedi, Sudhir Chowdhary</field>
	<field name="country">India</field>
	<field name="date_added">May 31, 2019</field>
	<field name="rating">TV-MA</field>
	<field name="duration">106 min</field>
	<field name="listed_in">Comedies, Dramas, Independent Movies</field>
	<field name="description">When three small-time Mumbai crooks steal a bag on a train, they find that it's filled with weapons and realize that their lives may be in danger.</field>
</item><item>
	<field name="show_id">80176144</field>
	<field name="title">Without Gorky</field>
	<field name="director">Cosima Spender</field>
	<field name="cast">nan</field>
	<field name="country">United Kingdom</field>
	<field name="date_added">May 31, 2017</field>
	<field name="rating">TV-14</field>
	<field name="duration">80 min</field>
	<field name="listed_in">Documentaries</field>
	<field name="description">A filmmaker trains the camera on her own family as she examines the impact her grandfather, troubled artist Arshile Gorky, had on three generations.</field>
</item><item>
	<field name="show_id">70202150</field>
	<field name="title">My Week with Marilyn</field>
	<field name="director">Simon Curtis</field>
	<field name="cast">Michelle Williams, Kenneth Branagh, Eddie Redmayne, Dominic Cooper, Philip Jackson, Derek Jacobi, Toby Jones, Michael Kitchen, Julia Ormond, Simon Russell Beale, Dougray Scott, Zoë Wanamaker, Emma Watson, Judi Dench</field>
	<field name="country">United Kingdom, United States</field>
	<field name="date_added">May 30, 2019</field>
	<field name="rating">R</field>
	<field name="duration">99 min</field>
	<field name="listed_in">Dramas, Romantic Movies</field>
	<field name="description">While filming a movie in England, Hollywood icon Marilyn Monroe slips away with a young Brit for a week of self-discovery and frivolity.</field>
</item><item>
	<field name="show_id">70142827</field>
	<field name="title">Limitless</field>
	<field name="director">Neil Burger</field>
	<field name="cast">Bradley Cooper, Abbie Cornish, Robert De Niro, Andrew Howard, Anna Friel, Johnny Whitworth, Tomas Arana, Robert John Burke, Darren Goldstein, T.V. Carpio</field>
	<field name="country">United States</field>
	<field name="date_added">May 16, 2019</field>
	<field name="rating">PG-13</field>
	<field name="duration">105 min</field>
	<field name="listed_in">Action & Adventure, Sci-Fi & Fantasy, Thrillers</field>
	<field name="description">With his writing career dragging, Eddie Morra finds his life turning around after he takes a drug that provides astonishing mental focus.</field>
</item><item>
	<field name="show_id">70117577</field>
	<field name="title">Take Me Home Tonight</field>
	<field name="director">Michael Dowse</field>
	<field name="cast">Topher Grace, Anna Faris, Dan Fogler, Teresa Palmer, Chris Pratt, Michael Biehn, Jeanie Hackett, Lucy Punch, Michelle Trachtenberg, Demetri Martin</field>
	<field name="country">United States, Germany</field>
	<field name="date_added">May 16, 2019</field>
	<field name="rating">R</field>
	<field name="duration">97 min</field>
	<field name="listed_in">Comedies, Romantic Movies</field>
	<field name="description">Set in the financial boom of the late 1980s, this tale centers on a recent college grad trying to figure out what to do with his life.</field>
</item><item>
	<field name="show_id">70242536</field>
	<field name="title">The Great Magician</field>
	<field name="director">Yee Tung-Shing</field>
	<field name="cast">Tony Leung Chiu Wai, Lau Ching Wan, Zhou Xun, Wu Gang, Ni Yan, Paul Chun, Kenya Sawada, Lam Suet</field>
	<field name="country">Hong Kong, China</field>
	<field name="date_added">May 11, 2019</field>
	<field name="rating">TV-PG</field>
	<field name="duration">128 min</field>
	<field name="listed_in">Action & Adventure, Comedies, Dramas</field>
	<field name="description">In 1920s Beijing, a host of talented performers gather to show off their skills. The challenge: reproduce a magic trick called the Eight Immortals.</field>
</item><item>
	<field name="show_id">70204288</field>
	<field name="title">Bbuddah Hoga Terra Baap</field>
	<field name="director">Puri Jagannadh</field>
	<field name="cast">Amitabh Bachchan, Hema Malini, Raveena Tandon, Sonu Sood, Sonal Chauhan, Charmy Kaur, Prakash Raj, Makrand Deshpande, Subbaraju, Shawar Ali, Rajeev Verma</field>
	<field name="country">India</field>
	<field name="date_added">May 10, 2017</field>
	<field name="rating">TV-14</field>
	<field name="duration">116 min</field>
	<field name="listed_in">Action & Adventure, Comedies, Dramas</field>
	<field name="description">A cooly confident aging hit man returns from exile in Paris to his old city, Mumbai, to revisit his past and perform one last job.</field>
</item><item>
	<field name="show_id">80165853</field>
	<field name="title">Michael</field>
	<field name="director">Ribhu Dasgupta</field>
	<field name="cast">Naseeruddin Shah, Mahie Gill, Sabyasachi Chakrabarty, Rudranil Ghosh, Iravati Harshe, Churni Ganguly, June Maliah, Purav Bhandare, Shridhar Watsar</field>
	<field name="country">India</field>
	<field name="date_added">May 10, 2017</field>
	<field name="rating">TV-MA</field>
	<field name="duration">86 min</field>
	<field name="listed_in">Dramas, Independent Movies, International Movies</field>
	<field name="description">After a dedicated cop accidentally kills a 12-year-old boy, he's fired, harassed and forced to take menial work as he tries to keep his life together.</field>
</item><item>
	<field name="show_id">80165854</field>
	<field name="title">Pyaar Ka Punchnama</field>
	<field name="director">Luv Ranjan</field>
	<field name="cast">Kartik Aaryan, Divyendu Sharma, Raayo S. Bakhirta, Nushrat Bharucha, Sonalli Sehgall, Ishita Raj</field>
	<field name="country">India</field>
	<field name="date_added">May 1, 2017</field>
	<field name="rating">TV-14</field>
	<field name="duration">149 min</field>
	<field name="listed_in">Comedies, Dramas, International Movies</field>
	<field name="description">Matters of the heart introduce chaos into the once-idyllic bachelor existence of three young men who share an apartment.</field>
</item><item>
	<field name="show_id">80165855</field>
	<field name="title">Shaitan</field>
	<field name="director">Bejoy Nambiar</field>
	<field name="cast">Rajeev Khandelwal, Kalki Koechlin, Gulshan Devaiah, Shiv Pandit, Kirti Kulhari, Neil Bhoopalam, Rajit Kapoor, Nikhil Chinappa, Rajkummar Rao</field>
	<field name="country">India</field>
	<field name="date_added">May 1, 2017</field>
	<field name="rating">TV-MA</field>
	<field name="duration">126 min</field>
	<field name="listed_in">Action & Adventure, Dramas, Independent Movies</field>
	<field name="description">When they're blackmailed after a hit-and-run, a troubled rich girl and her wild friends stage a fake kidnapping with a plan to collect the ransom.</field>
</item><item>
	<field name="show_id">70176968</field>
	<field name="title">Tanu Weds Manu</field>
	<field name="director">Aanand Rai</field>
	<field name="cast">Madhavan, Kangana Ranaut, Jimmy Shergill, Deepak Dobriyal, Swara Bhaskar, Eijaz Khan, K.K. Raina, Rajendra Gupta, Ravi Kishan, Navni Parihar</field>
	<field name="country">India</field>
	<field name="date_added">May 1, 2017</field>
	<field name="rating">TV-14</field>
	<field name="duration">114 min</field>
	<field name="listed_in">Comedies, Dramas, International Movies</field>
	<field name="description">When London-based doctor Manu reluctantly returns to India to find a bride, he meets the girl of his dreams – only to discover she loves another man.</field>
</item><item>
	<field name="show_id">70176655</field>
	<field name="title">Apollo 18</field>
	<field name="director">Gonzalo López-Gallego</field>
	<field name="cast">Warren Christie, Lloyd Owen, Ryan Robbins, Michael Kopsa, Andrew Airlie</field>
	<field name="country">United States, Canada</field>
	<field name="date_added">March 9, 2019</field>
	<field name="rating">PG-13</field>
	<field name="duration">87 min</field>
	<field name="listed_in">Horror Movies, Sci-Fi & Fantasy, Thrillers</field>
	<field name="description">This sci-fi thriller suggests that Apollo 17, despite official statements to the contrary, wasn't NASA's last manned mission to the moon.</field>
</item><item>
	<field name="show_id">81010871</field>
	<field name="title">No Other Woman</field>
	<field name="director">Ruel S. Bayani</field>
	<field name="cast">Anne Curtis, Derek Ramsay, Cristine Reyes, Tirso Cruz III, Carmi Martin, John Arcilla, Marlann Flores, Ron Morales, Kat Alano</field>
	<field name="country">Philippines</field>
	<field name="date_added">March 4, 2019</field>
	<field name="rating">TV-14</field>
	<field name="duration">103 min</field>
	<field name="listed_in">Dramas, International Movies, Romantic Movies</field>
	<field name="description">A happily married man gives in to temptation when a wealthy client pursues him, setting off a torrid love triangle.</field>
</item><item>
	<field name="show_id">70202151</field>
	<field name="title">I Don't Know How She Does It</field>
	<field name="director">Douglas McGrath</field>
	<field name="cast">Sarah Jessica Parker, Pierce Brosnan, Greg Kinnear, Christina Hendricks, Kelsey Grammer, Seth Meyers, Olivia Munn, Jane Curtin, Mark Blum, Busy Philipps, Sarah Shahi, Jessica Szohr</field>
	<field name="country">United States</field>
	<field name="date_added">March 23, 2019</field>
	<field name="rating">PG-13</field>
	<field name="duration">89 min</field>
	<field name="listed_in">Comedies</field>
	<field name="description">In this affable yuppie comedy, Kate Reddy is a successful executive, wife and mom whose personal and professional lives hang in precarious balance.</field>
</item><item>
	<field name="show_id">70175439</field>
	<field name="title">A Separation</field>
	<field name="director">Asghar Farhadi</field>
	<field name="cast">Leila Hatami, Peyman Moaadi, Shahab Hosseini, Sareh Bayat, Sarina Farhadi, Babak Karimi, Ali-Asghar Shahbazi, Shirin Yazdanbakhsh, Kimia Hosseini, Merila Zare'i, Sahabanu Zolghadr</field>
	<field name="country">Iran, France</field>
	<field name="date_added">March 16, 2019</field>
	<field name="rating">PG-13</field>
	<field name="duration">123 min</field>
	<field name="listed_in">Dramas, International Movies</field>
	<field name="description">Amid an impasse in his marriage, a father in Tehran is beset by a bitter feud involving the family of a pious caretaker he hired for his aging dad.</field>
</item><item>
	<field name="show_id">70203594</field>
	<field name="title">Jeff Dunham: Controlled Chaos</field>
	<field name="director">Michael Simon, Matthew McNeil</field>
	<field name="cast">Jeff Dunham</field>
	<field name="country">United States</field>
	<field name="date_added">March 15, 2019</field>
	<field name="rating">TV-MA</field>
	<field name="duration">97 min</field>
	<field name="listed_in">Stand-Up Comedy</field>
	<field name="description">Politically incorrect and often raunchy humor pepper ventriloquist Dunham's live concert performance featuring characters Walter, Achmed and Peanut.</field>
</item><item>
	<field name="show_id">80038354</field>
	<field name="title">Eyyvah Eyyvah 2</field>
	<field name="director">Hakan Algül</field>
	<field name="cast">Demet Akbağ, Ata Demirer, Özge Borak, Salih Kalyon, Tanju Tuncel, Meray Ülgen, Bican Günalan, Tarık Ünlüoğlu, Ayşenil Şamlıoğlu</field>
	<field name="country">Turkey</field>
	<field name="date_added">March 10, 2017</field>
	<field name="rating">TV-PG</field>
	<field name="duration">106 min</field>
	<field name="listed_in">Comedies, International Movies, Romantic Movies</field>
	<field name="description">Hüseyin has found his father, and now has one more mission – to get together with the girl of his dreams, with a little help from his new friend.</field>
</item><item>
	<field name="show_id">70181716</field>
	<field name="title">Jiro Dreams of Sushi</field>
	<field name="director">David Gelb</field>
	<field name="cast">Jiro Ono</field>
	<field name="country">United States</field>
	<field name="date_added">June 5, 2019</field>
	<field name="rating">PG</field>
	<field name="duration">79 min</field>
	<field name="listed_in">Documentaries</field>
	<field name="description">This documentary profiles sushi chef Jiro Ono, an 85-year-old master whose 10-seat, $300-a-plate restaurant is legendary among Tokyo foodies.</field>
</item><item>
	<field name="show_id">81035876</field>
	<field name="title">Reaction</field>
	<field name="director">Husam El-Gohari</field>
	<field name="cast">Mahmoud Abdel Moghny, Amr Youssef, Horeya Farghaly, Mahmoud El Gendy, Entessar, Donia El Masry, Sabry Abdel Moniem, Raouf Mustafa, Alaa Zenhom</field>
	<field name="country">Egypt</field>
	<field name="date_added">June 20, 2019</field>
	<field name="rating">TV-MA</field>
	<field name="duration">99 min</field>
	<field name="listed_in">Dramas, International Movies</field>
	<field name="description">When a series of seemingly random people are murdered, baffled police search for a killer who may have a connection to them all.</field>
</item><item>
	<field name="show_id">81035871</field>
	<field name="title">Unruly Friends</field>
	<field name="director">Sherif Mandour</field>
	<field name="cast">Kinda Allouch, Ahmed Salah Al-Saadany, Dina Fouad, Amr Youssef, Ahmed Safwat, Madlyn Tabar, Yasser Ali Maher, Nadia Fahmi, Menha Zaytoon, Tamim Abdou, Mostafa Abd Elsalam</field>
	<field name="country">Egypt</field>
	<field name="date_added">June 20, 2019</field>
	<field name="rating">TV-14</field>
	<field name="duration">83 min</field>
	<field name="listed_in">International Movies, Thrillers</field>
	<field name="description">A young woman discovers that familial and psychological traumas can be difficult to leave behind.</field>
</item><item>
	<field name="show_id">81035848</field>
	<field name="title">The Right One</field>
	<field name="director">Hadi El Bagoury</field>
	<field name="cast">Hani Salama, Basma Ahmad, Rania Yousef, Kinda Allouch, Yasmin Raeis, Amr Youssef, Zizi El-Badrawy</field>
	<field name="country">Egypt</field>
	<field name="date_added">June 13, 2019</field>
	<field name="rating">TV-14</field>
	<field name="duration">93 min</field>
	<field name="listed_in">Dramas, International Movies, Romantic Movies</field>
	<field name="description">Under pressure to marry, a rich playboy is conflicted between four women who each possess a different quality he desires in his ideal wife.</field>
</item><item>
	<field name="show_id">70202141</field>
	<field name="title">50/50</field>
	<field name="director">Jonathan Levine</field>
	<field name="cast">Joseph Gordon-Levitt, Seth Rogen, Anna Kendrick, Bryce Dallas Howard, Anjelica Huston, Serge Houde, Andrew Airlie, Matt Frewer, Philip Baker Hall, Marie Avgeropoulos, Jessica Parker Kennedy</field>
	<field name="country">United States</field>
	<field name="date_added">June 1, 2019</field>
	<field name="rating">R</field>
	<field name="duration">100 min</field>
	<field name="listed_in">Comedies, Dramas, Independent Movies</field>
	<field name="description">An otherwise healthy twentysomething has a comically early midlife crisis when he gets slapped with a cancer diagnosis and a 50-50 chance of survival.</field>
</item><item>
	<field name="show_id">70189282</field>
	<field name="title">The Iron Lady</field>
	<field name="director">Phyllida Lloyd</field>
	<field name="cast">Meryl Streep, Jim Broadbent, Alexandra Roach, Harry Lloyd, Olivia Colman, Iain Glen, Victoria Bewick, Nicholas Farrell, John Sessions, Anthony Head, David Westhead, Julian Wadham, Richard E. Grant, Angus Wright, Roger Allam, Michael Pennington, Susan Brown, Phoebe Waller-Bridge</field>
	<field name="country">United Kingdom, France</field>
	<field name="date_added">July 7, 2019</field>
	<field name="rating">PG-13</field>
	<field name="duration">105 min</field>
	<field name="listed_in">Dramas, International Movies</field>
	<field name="description">Margaret Thatcher, the first female prime minister of Britain, navigates a career destined to change the rules of leadership and politics.</field>
</item><item>
	<field name="show_id">81000000</field>
	<field name="title">The Unborn Child</field>
	<field name="director">Poj Arnon</field>
	<field name="cast">Somchai Kemglad, Pitchanart Sakakorn, Chinaradi Anupongphichart, Arisara Thongborisut, Peerawit Boonark, Chudapha Chanthakhet, Ganthida Chaang</field>
	<field name="country">Thailand</field>
	<field name="date_added">July 30, 2018</field>
	<field name="rating">TV-MA</field>
	<field name="duration">93 min</field>
	<field name="listed_in">Horror Movies, International Movies</field>
	<field name="description">A couple and their young daughter are haunted by a paranormal, malicious presence – which is soon linked to a temple and a series of abortions.</field>
</item><item>
	<field name="show_id">80999982</field>
	<field name="title">Oh My Ghost 2</field>
	<field name="director">Poj Arnon</field>
	<field name="cast">Kohtee Aramboy, Yingsak Chonglertjetsadawong, Jaturong Mokjok, Apaporn Nakornsawan, Pharanyu Rojanawuthitham, Wiradit Srimalai, Ekkachai Srivichai, Chaiwat Thongsaeng, Kachapa Toncharoen</field>
	<field name="country">Thailand</field>
	<field name="date_added">July 25, 2018</field>
	<field name="rating">TV-MA</field>
	<field name="duration">103 min</field>
	<field name="listed_in">Comedies, Horror Movies, International Movies</field>
	<field name="description">The spirited trio are back to take on a new ghost-busting adventure at a mens' residence, where spooky secrets lurk around every corner.</field>
</item><item>
	<field name="show_id">70128697</field>
	<field name="title">Kill the Irishman</field>
	<field name="director">Jonathan Hensleigh</field>
	<field name="cast">Ray Stevenson, Vincent D'Onofrio, Val Kilmer, Christopher Walken, Linda Cardellini, Fionnula Flanagan, Jason Butler Harner, Vinnie Jones, Paul Sorvino, Marcus Thomas, Tony Darrow, Jim Gaffigan, Jeremy Davies, Emma Roberts, Viola Davis, Lauren Graham, Zoë Kravitz, Aasif Mandvi, Keir Gilchrist</field>
	<field name="country">United States</field>
	<field name="date_added">July 1, 2019</field>
	<field name="rating">R</field>
	<field name="duration">106 min</field>
	<field name="listed_in">Action & Adventure, Dramas, Independent Movies</field>
	<field name="description">This true crime tale charts the rise and fall of mobster Danny Greene, who faced down the Mafia to gain control of organized crime in 1970s Cleveland.</field>
</item><item>
	<field name="show_id">70290905</field>
	<field name="title">A 2nd Chance</field>
	<field name="director">Clay Glen</field>
	<field name="cast">Nina Pearce, Adam Tuominen, Emily Morris, Amy Handley, Carmel Johnson, Alanah Gilbert, Hapi Murphy, Lilly Blacker, Julie Kay Lumasag, Elysia Markou</field>
	<field name="country">Australia</field>
	<field name="date_added">July 1, 2017</field>
	<field name="rating">PG</field>
	<field name="duration">95 min</field>
	<field name="listed_in">Children & Family Movies, Dramas, Sports Movies</field>
	<field name="description">A gymnast lacks the confidence she needs to reach the top. But with the help of her new coach, she has the chance to win a spot on the national team.</field>
</item><item>
	<field name="show_id">70279637</field>
	<field name="title">Frozen Planet: On Thin Ice</field>
	<field name="director">nan</field>
	<field name="cast">David Attenborough</field>
	<field name="country">United Kingdom, United States, Spain, Germany, Greece, Canada</field>
	<field name="date_added">January 28, 2016</field>
	<field name="rating">TV-PG</field>
	<field name="duration">47 min</field>
	<field name="listed_in">Movies</field>
	<field name="description">David Attenborough journeys to both polar regions to investigate what rising temperatures will mean for the people and wildlife that live there.</field>
</item><item>
	<field name="show_id">80049171</field>
	<field name="title">Frozen Planet: The Epic Journey</field>
	<field name="director">nan</field>
	<field name="cast">David Attenborough</field>
	<field name="country">United Kingdom, United States, Spain, Germany, Greece, Canada</field>
	<field name="date_added">January 28, 2016</field>
	<field name="rating">TV-PG</field>
	<field name="duration">52 min</field>
	<field name="listed_in">Movies</field>
	<field name="description">Collecting highlights from the epic documentary series that explores the entire polar year and the inhabitants, from the north to the south.</field>
</item><item>
	<field name="show_id">70142824</field>
	<field name="title">Hop</field>
	<field name="director">Tim Hill</field>
	<field name="cast">James Marsden, Russell Brand, Kaley Cuoco, Hank Azaria, Gary Cole, Elizabeth Perkins, Hugh Laurie, Tiffany Espensen, David Hasselhoff, Chelsea Handler</field>
	<field name="country">United States, India, Malaysia, Taiwan, Canada, United Kingdom</field>
	<field name="date_added">January 16, 2020</field>
	<field name="rating">PG</field>
	<field name="duration">95 min</field>
	<field name="listed_in">Children & Family Movies, Comedies</field>
	<field name="description">A jobless slacker finds himself beyond busy after he runs over the Easter Bunny and has to take over the rabbit's duties so the holiday can continue.</field>
</item><item>
	<field name="show_id">70199239</field>
	<field name="title">Set Up</field>
	<field name="director">Mike Gunther</field>
	<field name="cast">50 Cent, Ryan Phillippe, Bruce Willis, Rory Markham, Jenna Dewan, Brett Granstaff, Randy Couture, Susie Abromeit, Ron Turner, James Remar</field>
	<field name="country">United States</field>
	<field name="date_added">January 10, 2020</field>
	<field name="rating">R</field>
	<field name="duration">85 min</field>
	<field name="listed_in">Action & Adventure</field>
	<field name="description">A diamond heist goes horribly wrong, and the group of friends who sought to make a fortune must instead fight for their very survival.</field>
</item><item>
	<field name="show_id">70202138</field>
	<field name="title">Arthur Christmas</field>
	<field name="director">Sarah Smith</field>
	<field name="cast">James McAvoy, Hugh Laurie, Bill Nighy, Jim Broadbent, Imelda Staunton, Ashley Jensen, Ramona Marquez, Marc Wootton, Laura Linney, Eva Longoria, Michael Palin, Joan Cusack, Deborah Findlay, Rich Fulcher, Sarah Smith, Clint Dyer, Kerry Shale, Stewart Lee, Bronagh Gallagher, Kevin Cecil, Alistair McGowan, David Menkin, Kris Pearn, Ian Ashpitel, Rich Hall, Seeta Indrani, Jane Horrocks, Peter Baynham, Emma Kennedy, Dominic West, Jerry Lambert, Julia Davis, Robbie Coltrane, Iain McKee, Sanjeev Bhaskar, Andy Serkis, Tamsin Greig, Rhys Darby, Seamus Malone, Cody Cameron, David Schneider, Kevin Eldon, Danny John-Jules, Brian Cummings</field>
	<field name="country">United Kingdom, United States</field>
	<field name="date_added">January 1, 2020</field>
	<field name="rating">PG</field>
	<field name="duration">98 min</field>
	<field name="listed_in">Children & Family Movies, Comedies</field>
	<field name="description">At Santa Claus's super-secret toy-making facility, Mr. Claus entrusts his son, Arthur, to carry out an ultra-important Christmas mission.</field>
</item><item>
	<field name="show_id">70169918</field>
	<field name="title">Justin Bieber: Never Say Never</field>
	<field name="director">Jon M. Chu</field>
	<field name="cast">Justin Bieber, Ludacris, Usher Raymond, Jaden Smith, Miley Cyrus, Sean Kingston, Boyz II Men</field>
	<field name="country">United States</field>
	<field name="date_added">January 1, 2018</field>
	<field name="rating">G</field>
	<field name="duration">106 min</field>
	<field name="listed_in">Documentaries, Music & Musicals</field>
	<field name="description">Teen idol Justin Bieber provides personal snapshots from throughout his career, culminating with scenes from his triumphant 2010 concert tour.</field>
</item><item>
	<field name="show_id">80020036</field>
	<field name="title">Monster High: Fright On!</field>
	<field name="director">Victor Dal Chele, Alfred Gimeno</field>
	<field name="cast">Kate Higgins, Debi Derryberry, Salli Saffioti, Laura Bailey, Yuri Lowenthal, Audu Paden, Cindy Robinson, Erin Fitzgerald, America Young, Ogie Banks</field>
	<field name="country">United States</field>
	<field name="date_added">January 1, 2018</field>
	<field name="rating">TV-Y7</field>
	<field name="duration">46 min</field>
	<field name="listed_in">Children & Family Movies</field>
	<field name="description">Big changes are afoot at Monster High when administrators announce a merger with two other schools, designed to bring all monsters together.</field>
</item><item>
	<field name="show_id">80202908</field>
	<field name="title">Shahanpan Dega Deva</field>
	<field name="director">Sudesh Manjrekar</field>
	<field name="cast">Bharat Jadhav, Ankush Chaudhari, Siddarth Jadhav, Santosh Juvekar, Vaibhav Mangale, Kranti Redkar, Manava Naik</field>
	<field name="country">India</field>
	<field name="date_added">January 1, 2018</field>
	<field name="rating">TV-14</field>
	<field name="duration">115 min</field>
	<field name="listed_in">Comedies, International Movies</field>
	<field name="description">At large in the city, five inmates of a mental asylum run up against the insanity of the outside world while trying to prevent a terrorist plot.</field>
</item><item>
	<field name="show_id">80011026</field>
	<field name="title">Headwinds</field>
	<field name="director">Jalil Lespert</field>
	<field name="cast">Benoît Magimel, Isabelle Carré, Antoine Duléry, Ramzy Bédia, Bouli Lanners, Marie-Ange Casta, Daniel Duval, Lubna Azabal, Aurore Clément, Audrey Tautou</field>
	<field name="country">France, Belgium</field>
	<field name="date_added">January 1, 2017</field>
	<field name="rating">TV-14</field>
	<field name="duration">92 min</field>
	<field name="listed_in">Dramas, Independent Movies, International Movies</field>
	<field name="description">After his wife inexplicably disappears, a man takes their two children and relocates to his hometown in an attempt to end their grief and move on.</field>
</item><item>
	<field name="show_id">70221570</field>
	<field name="title">Power Rangers Samurai: Christmas Together, Friends Forever (Christmas Special)</field>
	<field name="director">nan</field>
	<field name="cast">Alex Heartman, Erika Fong, Hector David Jr., Najee De-Tiege, Brittany Anne Pirtle, Steven Skyler, Rene Naufahu, Felix Ryan, Paul Schrier</field>
	<field name="country">United States</field>
	<field name="date_added">January 1, 2016</field>
	<field name="rating">TV-Y7-FV</field>
	<field name="duration">24 min</field>
	<field name="listed_in">Movies</field>
	<field name="description">On Christmas Eve, as the teens at Shiba House reflect on their first year together, they get an unexpected lesson on the true spirit of the holidays.</field>
</item><item>
	<field name="show_id">70221571</field>
	<field name="title">Power Rangers Samurai: Clash of the Red Rangers</field>
	<field name="director">nan</field>
	<field name="cast">Alex Heartman, Erika Fong, Hector David Jr., Najee De-Tiege, Brittany Anne Pirtle, Rene Naufahu</field>
	<field name="country">United States</field>
	<field name="date_added">January 1, 2016</field>
	<field name="rating">TV-Y7-FV</field>
	<field name="duration">46 min</field>
	<field name="listed_in">Children & Family Movies</field>
	<field name="description">The Samurai Rangers team up with the RPM Ranger Red to fight off Master Xandred's Mooger army and a robotic villain from the RPM Ranger's dimension.</field>
</item><item>
	<field name="show_id">70221569</field>
	<field name="title">Power Rangers Samurai: Party Monsters (Halloween Special)</field>
	<field name="director">nan</field>
	<field name="cast">Alex Heartman, Erika Fong, Hector David Jr., Najee De-Tiege, Brittany Anne Pirtle, Steven Skyler, Rene Naufahu, Felix Ryan, Paul Schrier, Ricardo Medina Jr.</field>
	<field name="country">United States</field>
	<field name="date_added">January 1, 2016</field>
	<field name="rating">TV-Y7-FV</field>
	<field name="duration">24 min</field>
	<field name="listed_in">Movies</field>
	<field name="description">On Halloween night, the creepiest creatures from the Netherworld trade war stories about their battles with the Samurai Power Rangers.</field>
</item><item>
	<field name="show_id">70167133</field>
	<field name="title">Our Idiot Brother</field>
	<field name="director">Jesse Peretz</field>
	<field name="cast">Paul Rudd, Elizabeth Banks, Zooey Deschanel, Emily Mortimer, Kathryn Hahn, Steve Coogan, Rashida Jones, Hugh Dancy, Shirley Knight, Adam Scott, T.J. Miller</field>
	<field name="country">United States</field>
	<field name="date_added">February 26, 2019</field>
	<field name="rating">R</field>
	<field name="duration">90 min</field>
	<field name="listed_in">Comedies, Dramas, Independent Movies</field>
	<field name="description">A seemingly clueless idealist relies on his exasperated sisters for shelter and support after his girlfriend dumps him and his dog is taken away.</field>
</item><item>
	<field name="show_id">70166234</field>
	<field name="title">Being Elmo: A Puppeteer's Journey</field>
	<field name="director">Constance Marks</field>
	<field name="cast">Kevin Clash, Whoopi Goldberg</field>
	<field name="country">United States</field>
	<field name="date_added">February 21, 2012</field>
	<field name="rating">PG</field>
	<field name="duration">76 min</field>
	<field name="listed_in">Documentaries</field>
	<field name="description">Whoopi Goldberg narrates Elmo creator Kevin Clash's remarkable journey from a working-class Baltimore neighborhood to Jim Henson's "Sesame Street."</field>
</item><item>
	<field name="show_id">70176656</field>
	<field name="title">Spy Kids: All the Time in the World</field>
	<field name="director">Robert Rodriguez</field>
	<field name="cast">Jessica Alba, Joel McHale, Rowan Blanchard, Mason Cook, Jeremy Piven, Alexa PenaVega, Daryl Sabara, Ricky Gervais, Danny Trejo</field>
	<field name="country">United States</field>
	<field name="date_added">February 19, 2019</field>
	<field name="rating">PG</field>
	<field name="duration">88 min</field>
	<field name="listed_in">Children & Family Movies, Comedies</field>
	<field name="description">Former Spy Kids Carmen and Juni return to help twin siblings Rebecca and Cecil Wilson save the world with their retired secret-agent stepmother.</field>
</item><item>
	<field name="show_id">80202087</field>
	<field name="title">Fakta Ladh Mhana</field>
	<field name="director">Sanjay Jadhav</field>
	<field name="cast">Sachin Khedekar, Bharat Jadhav, Aniket Vishwasrao, Siddarth Jadhav, Sanjay Narvekar, Vaibhav Mangale, Santosh Juvekar, Sanjay Khapre, Mahesh Manjrekar</field>
	<field name="country">India</field>
	<field name="date_added">February 15, 2018</field>
	<field name="rating">TV-14</field>
	<field name="duration">150 min</field>
	<field name="listed_in">Action & Adventure, Dramas, International Movies</field>
	<field name="description">A young man enlists the help of his friends to avenge his uncle's death by taking on a powerful, unscrupulous politician.</field>
</item><item>
	<field name="show_id">80201605</field>
	<field name="title">Morya</field>
	<field name="director">Avadhoot Gupte</field>
	<field name="cast">Santosh Juvekar, Chinmay Mandlekar, Pari Telang, S. Joshi, Dilip Prabhavalkar, Ganesh Yadav, Pushkar Shrotri</field>
	<field name="country">India</field>
	<field name="date_added">February 15, 2018</field>
	<field name="rating">TV-14</field>
	<field name="duration">121 min</field>
	<field name="listed_in">Dramas, International Movies</field>
	<field name="description">Two communities in Mumbai get a final chance to compete with each other in the celebration of the iconic Ganesh Chaturthi festival.</field>
</item><item>
	<field name="show_id">70266069</field>
	<field name="title">The Dancer</field>
	<field name="director">Ifa Isfansyah</field>
	<field name="cast">Prisia Nasution, Oka Antara, Slamet Rahardjo, Dewi Irawan, Lukman Sardi, Tio Pakusadewo</field>
	<field name="country">Indonesia</field>
	<field name="date_added">December 8, 2018</field>
	<field name="rating">TV-MA</field>
	<field name="duration">105 min</field>
	<field name="listed_in">Dramas, International Movies, Romantic Movies</field>
	<field name="description">Orphaned by a tragedy that took the lives of her parents, Srintil grows up in a poor Indonesian village aspiring to be a sacred dancer.</field>
</item><item>
	<field name="show_id">70152959</field>
	<field name="title">Delhi Belly</field>
	<field name="director">Abhinay Deo</field>
	<field name="cast">Imran Khan, Vir Das, Kunaal Roy Kapur, Shenaz Treasury, Poorna Jagannathan, Kim Bodnia, Paresh Ganatra, Vijay Raaz</field>
	<field name="country">India</field>
	<field name="date_added">December 8, 2017</field>
	<field name="rating">TV-MA</field>
	<field name="duration">102 min</field>
	<field name="listed_in">Action & Adventure, Comedies, International Movies</field>
	<field name="description">Three flatmates get involved in the shady business belonging to one roomie's fiancé, and discover that a global crime syndicate is gunning for them.</field>
</item><item>
	<field name="show_id">70120340</field>
	<field name="title">THE RUM DIARY</field>
	<field name="director">Bruce Robinson</field>
	<field name="cast">Johnny Depp, Aaron Eckhart, Michael Rispoli, Amber Heard, Richard Jenkins, Giovanni Ribisi, Amaury Nolasco, Marshall Bell, Bill Smitrovich</field>
	<field name="country">United States, United Kingdom</field>
	<field name="date_added">December 6, 2019</field>
	<field name="rating">R</field>
	<field name="duration">120 min</field>
	<field name="listed_in">Comedies, Dramas</field>
	<field name="description">Johnny Depp stars in this adaptation of Hunter S. Thompson's novel about a boozy journalist who moves to Puerto Rico and falls for a taken woman.</field>
</item><item>
	<field name="show_id">70211474</field>
	<field name="title">Aarakshan</field>
	<field name="director">Prakash Jha</field>
	<field name="cast">Amitabh Bachchan, Saif Ali Khan, Manoj Bajpayee, Deepika Padukone, Prateik, Tanvi Azmi, Saurabh Shukla, Darshan Jariwala, Yashpal Sharma, Mukesh Tiwari</field>
	<field name="country">India</field>
	<field name="date_added">December 31, 2019</field>
	<field name="rating">TV-14</field>
	<field name="duration">164 min</field>
	<field name="listed_in">Dramas, International Movies</field>
	<field name="description">The decision by India's supreme court to establish caste-based reservations for jobs in education causes conflict between a teacher and his mentor.</field>
</item><item>
	<field name="show_id">70298389</field>
	<field name="title">Tim Minchin And The Heritage Orchestra Live</field>
	<field name="director">Matt Askem</field>
	<field name="cast">Tim Minchin, Jules Buckley</field>
	<field name="country">United Kingdom</field>
	<field name="date_added">December 31, 2018</field>
	<field name="rating">TV-MA</field>
	<field name="duration">146 min</field>
	<field name="listed_in">Music & Musicals, Stand-Up Comedy</field>
	<field name="description">Flanked by a full orchestra, Tim Minchin takes the Royal Albert Hall by storm with a wonderfully witty evening of satirical musical comedy.</field>
</item><item>
	<field name="show_id">70266169</field>
	<field name="title">Tom Papa Live in New York City</field>
	<field name="director">Rob Zombie</field>
	<field name="cast">Tom Papa</field>
	<field name="country">United States</field>
	<field name="date_added">December 31, 2018</field>
	<field name="rating">TV-14</field>
	<field name="duration">57 min</field>
	<field name="listed_in">Stand-Up Comedy</field>
	<field name="description">Comedian Tom Papa riffs on the trials of married life, fatherhood in the 21st century, domestic pets and more in his stand-up show.</field>
</item><item>
	<field name="show_id">70270949</field>
	<field name="title">23:59</field>
	<field name="director">Gilbert Chan</field>
	<field name="cast">Tedd Chan, Stella Chung, Henley Hii, Lawrence Koh, Tommy Kuan, Josh Lai, Mark Lee, Susan Leong, Benjamin Lim</field>
	<field name="country">Singapore</field>
	<field name="date_added">December 20, 2018</field>
	<field name="rating">R</field>
	<field name="duration">78 min</field>
	<field name="listed_in">Horror Movies, International Movies</field>
	<field name="description">When an army recruit is found dead, his fellow soldiers are forced to confront a terrifying secret that's haunting their jungle island training camp.</field>
</item><item>
	<field name="show_id">70184051</field>
	<field name="title">One Day</field>
	<field name="director">Lone Scherfig</field>
	<field name="cast">Rafe Spall, Jim Sturgess, Ken Stott, Jodie Whittaker, Patricia Clarkson, Tom Mison, Joséphine de La Baume, Romola Garai, Anne Hathaway, Tom Arnold</field>
	<field name="country">United States, United Kingdom</field>
	<field name="date_added">December 16, 2018</field>
	<field name="rating">PG-13</field>
	<field name="duration">107 min</field>
	<field name="listed_in">Dramas, Romantic Movies</field>
	<field name="description">After a brief college romance, Emma and Dexter pursue separate dreams, but meet on the same day each year to compare their progress in life and love.</field>
</item><item>
	<field name="show_id">70224999</field>
	<field name="title">Don 2</field>
	<field name="director">Farhan Akhtar</field>
	<field name="cast">Shah Rukh Khan, Priyanka Chopra, Boman Irani, Lara Dutta, Kunal Kapoor, Om Puri, Alyy Khan, Nawab Shah</field>
	<field name="country">India, Germany</field>
	<field name="date_added">December 15, 2019</field>
	<field name="rating">TV-14</field>
	<field name="duration">148 min</field>
	<field name="listed_in">Action & Adventure, International Movies, Music & Musicals</field>
	<field name="description">With Asia under his complete control, criminal mastermind Don turns to Europe, battling the mob bosses of each nation along the way.</field>
</item><item>
	<field name="show_id">70181734</field>
	<field name="title">Game</field>
	<field name="director">Abhinay Deo</field>
	<field name="cast">Abhishek Bachchan, Kangana Ranaut, Anupam Kher, Boman Irani, Jimmy Shergill, Shahana Goswami, Gauhar Khan, Sarah-Jane Dias</field>
	<field name="country">India</field>
	<field name="date_added">December 15, 2019</field>
	<field name="rating">TV-MA</field>
	<field name="duration">135 min</field>
	<field name="listed_in">International Movies, Thrillers</field>
	<field name="description">A tycoon accuses three strangers of killing his daughter but mysteriously dies before he can expose them, sparking a tangled hunt for the real culprit.</field>
</item><item>
	<field name="show_id">70202336</field>
	<field name="title">Zindagi Na Milegi Dobara</field>
	<field name="director">Zoya Akhtar</field>
	<field name="cast">Hrithik Roshan, Abhay Deol, Farhan Akhtar, Katrina Kaif, Kalki Koechlin, Deepti Naval, Naseeruddin Shah, Ariadna Cabrol</field>
	<field name="country">India</field>
	<field name="date_added">December 15, 2019</field>
	<field name="rating">TV-PG</field>
	<field name="duration">154 min</field>
	<field name="listed_in">Comedies, Dramas, International Movies</field>
	<field name="description">Three friends on an adventurous road trip/bachelor party in Spain learn some lessons about themselves and each other that will change them forever.</field>
</item><item>
	<field name="show_id">70216819</field>
	<field name="title">A Beautiful Life</field>
	<field name="director">Andrew Lau Wai-Keung</field>
	<field name="cast">Qi Shu, Liu Ye, Anthony Wong Chau-Sang, Liang Tian, Danying Feng, Rina Sa, Zhang Songwen, Tian Gao, Andrew Lin</field>
	<field name="country">China, Hong Kong</field>
	<field name="date_added">December 1, 2018</field>
	<field name="rating">TV-14</field>
	<field name="duration">122 min</field>
	<field name="listed_in">Dramas, International Movies, Romantic Movies</field>
	<field name="description">After meeting under awkward circumstances, a glamorous businesswoman and a tradition-bound policeman begin a relationship that changes their lives.</field>
</item><item>
	<field name="show_id">81030198</field>
	<field name="title">Don't Go Breaking My Heart</field>
	<field name="director">Johnnie To</field>
	<field name="cast">Louis Koo, Gao Yuanyuan, Daniel Wu</field>
	<field name="country">Hong Kong</field>
	<field name="date_added">December 1, 2018</field>
	<field name="rating">TV-PG</field>
	<field name="duration">115 min</field>
	<field name="listed_in">Comedies, International Movies, Romantic Movies</field>
	<field name="description">A financial analyst succumbs to a love triangle with a hard-drinking architect and a promiscuous investment bro, who soon becomes her boss.</field>
</item><item>
	<field name="show_id">70183165</field>
	<field name="title">Judy Moody and the Not Bummer Summer</field>
	<field name="director">John Schultz</field>
	<field name="cast">Jordana Beatty, Heather Graham, Parris Mosteller, Preston Bailey, Kristoffer Ryan Winters, Garrett Ryan, Jaleel White, Ashley Boettcher, Taylar Hender, Cameron Boyce, Jenica Bergere, Janet Varney</field>
	<field name="country">United States</field>
	<field name="date_added">August 8, 2019</field>
	<field name="rating">PG</field>
	<field name="duration">91 min</field>
	<field name="listed_in">Children & Family Movies, Comedies</field>
	<field name="description">In this family film, never-dull third-grader Judy Moody embarks on a summer adventure with her brother, Stink, and always-up-for-fun Aunt Opal.</field>
</item><item>
	<field name="show_id">70139075</field>
	<field name="title">7 Khoon Maaf</field>
	<field name="director">Vishal Bhardwaj</field>
	<field name="cast">Priyanka Chopra, Neil Nitin Mukesh, John Abraham, Irrfan Khan, Aleksandr Dyachenko, Annu Kapoor, Naseeruddin Shah, Vivaan Shah, Usha Uthup, Konkona Sen Sharma</field>
	<field name="country">India</field>
	<field name="date_added">August 2, 2018</field>
	<field name="rating">TV-MA</field>
	<field name="duration">148 min</field>
	<field name="listed_in">Dramas, International Movies, Thrillers</field>
	<field name="description">Spiced liberally with black comedy, this Bollywood drama follows the lethal love life of a woman who marries numerous men – only to find them flawed.</field>
</item><item>
	<field name="show_id">70139072</field>
	<field name="title">Chillar Party</field>
	<field name="director">Vikas Bahl, Nitesh Tiwari</field>
	<field name="cast">Irfan Khan, Raju, Sanath Menon, Rohan Grover, Naman Jain, Aarav Khanna, Vishesh Tiwari, Chinmai Chandranshuh, Vedant Desai, Shriya Sharma, Divji Handa</field>
	<field name="country">India</field>
	<field name="date_added">August 2, 2018</field>
	<field name="rating">TV-PG</field>
	<field name="duration">127 min</field>
	<field name="listed_in">Children & Family Movies, Comedies, Dramas</field>
	<field name="description">Eight feisty boys befriend young drifter Fatka. When a mean politician threatens Fatka's way of life, the boys band together in honor of their pal.</field>
</item><item>
	<field name="show_id">70187503</field>
	<field name="title">Thank You</field>
	<field name="director">Anees Bazmee</field>
	<field name="cast">Akshay Kumar, Bobby Deol, Sonam Kapoor, Irrfan Khan, Sunil Shetty, Rimi Sen, Celina Jaitly</field>
	<field name="country">India</field>
	<field name="date_added">August 2, 2018</field>
	<field name="rating">TV-14</field>
	<field name="duration">131 min</field>
	<field name="listed_in">Comedies, International Movies, Romantic Movies</field>
	<field name="description">Three cheating husbands end up paying the price for their infidelities when their spouses hire a private detective – who falls for one of the wives.</field>
</item><item>
	<field name="show_id">70204316</field>
	<field name="title">Lavell Crawford: Can a Brother Get Some Love?</field>
	<field name="director">Michael Drumm</field>
	<field name="cast">Lavell Crawford</field>
	<field name="country">United States</field>
	<field name="date_added">August 2, 2016</field>
	<field name="rating">NR</field>
	<field name="duration">81 min</field>
	<field name="listed_in">Stand-Up Comedy</field>
	<field name="description">"Last Comic Standing" runner-up Lavell Crawford lords over a hometown crowd at St. Louis's Orpheum Theatre, raking in the love – and the laughs.</field>
</item><item>
	<field name="show_id">70177633</field>
	<field name="title">Undefeated</field>
	<field name="director">Daniel Lindsay, T.J. Martin</field>
	<field name="cast">Montrail 'Money' Brown, O.C. Brown, Bill Courtney, Chavis Daniels</field>
	<field name="country">United States</field>
	<field name="date_added">August 18, 2017</field>
	<field name="rating">PG-13</field>
	<field name="duration">113 min</field>
	<field name="listed_in">Documentaries, Sports Movies</field>
	<field name="description">An inspirational profile of an inner-city high school football team's valiant effort to reach the school's first-ever playoff game.</field>
</item><item>
	<field name="show_id">70209163</field>
	<field name="title">Goon</field>
	<field name="director">Michael Dowse</field>
	<field name="cast">Seann William Scott, Jay Baruchel, Liev Schreiber, Alison Pill, Marc-André Grondin, Kim Coates, Eugene Levy, Nicholas Campbell, Richard Clarkin, Jonathan Cherry</field>
	<field name="country">United States, Canada</field>
	<field name="date_added">August 15, 2017</field>
	<field name="rating">R</field>
	<field name="duration">92 min</field>
	<field name="listed_in">Comedies, Sports Movies</field>
	<field name="description">When he's seen dispatching a rude opposing hockey player in the stands, Doug Glatt is hired by a rival team ... for his fighting skills.</field>
</item><item>
	<field name="show_id">80227118</field>
	<field name="title">Aşk Tesadüfleri Sever</field>
	<field name="director">Ömer Faruk Sorak</field>
	<field name="cast">Mehmet Günsür, Belçim Bilgin, Ayda Aksel, Altan Erkekli, Sebnem Sönmez, Hüseyin Avni Danyal, Berna Konur, Ümit Bülent Dinçer</field>
	<field name="country">Turkey</field>
	<field name="date_added">April 4, 2018</field>
	<field name="rating">TV-MA</field>
	<field name="duration">122 min</field>
	<field name="listed_in">Dramas, International Movies, Romantic Movies</field>
	<field name="description">A series of coincidences brings two star-crossed lovers together, but fate pulls them apart until they encounter each other again in Istanbul.</field>
</item><item>
	<field name="show_id">81035872</field>
	<field name="title">Amar's Hands</field>
	<field name="director">Khaled Youssef</field>
	<field name="cast">Ghadah Abdulrazeq, Wafaa Amer, Hassan El Raddad, Houria Farghally, Sabry Fawwaz</field>
	<field name="country">Egypt</field>
	<field name="date_added">April 26, 2019</field>
	<field name="rating">TV-14</field>
	<field name="duration">125 min</field>
	<field name="listed_in">Dramas, International Movies</field>
	<field name="description">To fulfill her husband’s dream to build a home, a widow sends her five children to earn money in Cairo, where their poverty tests them at every turn.</field>
</item><item>
	<field name="show_id">70126573</field>
	<field name="title">Season of the Witch</field>
	<field name="director">Dominic Sena</field>
	<field name="cast">Nicolas Cage, Ron Perlman, Christopher Lee, Stephen Campbell Moore, Stephen Graham, Ulrich Thomsen, Claire Foy, Robert Sheehan, Kevin Rees, Andrew Hefler</field>
	<field name="country">United States</field>
	<field name="date_added">April 26, 2019</field>
	<field name="rating">PG-13</field>
	<field name="duration">95 min</field>
	<field name="listed_in">Action & Adventure, Sci-Fi & Fantasy</field>
	<field name="description">A group of weary warriors transport a suspected witch believed to be responsible for spreading the devastating Black Plague.</field>
</item><item>
	<field name="show_id">81035873</field>
	<field name="title">Love Station</field>
	<field name="director">Ahmad Samir Farag</field>
	<field name="cast">Menna Shalaby, Sherif Salama, Yousra El Lozy, Mona Hala, Edward Fouad, Lotfy Labib, Ashraf Hamdy</field>
	<field name="country">Egypt</field>
	<field name="date_added">April 25, 2019</field>
	<field name="rating">TV-14</field>
	<field name="duration">97 min</field>
	<field name="listed_in">Comedies, International Movies, Romantic Movies</field>
	<field name="description">Single coworkers at a radio station are brought together by mutual friends, but their starry-eyed notions about love may scuttle their romance.</field>
</item><item>
	<field name="show_id">81035878</field>
	<field name="title">The Consul's Son</field>
	<field name="director">Amr Arafa</field>
	<field name="cast">Khaled Saleh, Ghada Adel, Ahmed el-Sakka, Khaled Sarhan, Sawsan Badr, Mustafa Haridi</field>
	<field name="country">Egypt</field>
	<field name="date_added">April 25, 2019</field>
	<field name="rating">TV-14</field>
	<field name="duration">114 min</field>
	<field name="listed_in">Comedies, International Movies, Thrillers</field>
	<field name="description">A notorious forger known for his ability to create fake passports and visas finds himself the target of a con man's ruse.</field>
</item><item>
	<field name="show_id">70167072</field>
	<field name="title">Arthur</field>
	<field name="director">Jason Winer</field>
	<field name="cast">Russell Brand, Helen Mirren, Greta Gerwig, Jennifer Garner, Geraldine James, Luis Guzmán, Nick Nolte, Christina Jacquelyn Calph, Murphy Guyer, José Ramón Rosario</field>
	<field name="country">United States</field>
	<field name="date_added">April 1, 2019</field>
	<field name="rating">PG-13</field>
	<field name="duration">110 min</field>
	<field name="listed_in">Comedies, Romantic Movies</field>
	<field name="description">Russell Brand stars in this remake as a philanderer who must decide whether to give up an inheritance of millions for the sake of romance.</field>
</item>