<item>
	<field name="show_id">80136785</field>
	<field name="title">Forget Me Not</field>
	<field name="director">nan</field>
	<field name="cast">nan</field>
	<field name="country">United Kingdom</field>
	<field name="date_added">September 18, 2017</field>
	<field name="rating">TV-MA</field>
	<field name="duration">1 Season</field>
	<field name="listed_in">International TV Shows, TV Dramas</field>
	<field name="description">Teenage Xue Ming was forced to marry the man who raped her. Years after abandoning her young sons to find a better life, can she escape the guilt?</field>
</item><item>
	<field name="show_id">70258566</field>
	<field name="title">DreamWorks Spooky Stories: Volume 2</field>
	<field name="director">nan</field>
	<field name="cast">Seth Rogen, Kiefer Sutherland, Will Arnett, Hugh Laurie, Will Ferrell, David Cross, Sean Bishop, Cody Cameron, Aron Warner</field>
	<field name="country">nan</field>
	<field name="date_added">October 24, 2012</field>
	<field name="rating">TV-PG</field>
	<field name="duration">1 Season</field>
	<field name="listed_in">Kids' TV, TV Comedies</field>
	<field name="description">The Shrek characters parody the music video "Thriller"; B.O.B. and pals battle zombie carrots; and Megamind faces the effects of the Button of Doom.</field>
</item><item>
	<field name="show_id">80136786</field>
	<field name="title">Footprints in the Sand</field>
	<field name="director">nan</field>
	<field name="cast">Yenn Teoh, Leslie Chai, Elvis Chin, Candy Ice, Jacky Kam, Jordan Voon, Alvin Wong</field>
	<field name="country">United States</field>
	<field name="date_added">October 16, 2017</field>
	<field name="rating">TV-14</field>
	<field name="duration">1 Season</field>
	<field name="listed_in">International TV Shows, TV Dramas</field>
	<field name="description">Familial bonds strain as dramas concerning love, greed, business and generosity simmer across generations.</field>
</item><item>
	<field name="show_id">80111881</field>
	<field name="title">Inborn Pair</field>
	<field name="director">nan</field>
	<field name="cast">Annie Chen, Chris Wang, Hsieh Kun Da, Puff Kuo, Jennifer Hong</field>
	<field name="country">Taiwan</field>
	<field name="date_added">November 1, 2016</field>
	<field name="rating">TV-14</field>
	<field name="duration">1 Season</field>
	<field name="listed_in">International TV Shows, Romantic TV Shows, TV Comedies</field>
	<field name="description">Betrothed while in utero, a resort group president enters into an arranged marriage with a legal assistant. Despite their bickering, love blooms.</field>
</item><item>
	<field name="show_id">80235139</field>
	<field name="title">Khotey Sikkey</field>
	<field name="director">nan</field>
	<field name="cast">Vikas Kumar, Hassan Zaidi, Sukhmani Sadana, Puru Chibber, Dilkhush, Mark Farokh Parakh</field>
	<field name="country">India</field>
	<field name="date_added">March 15, 2018</field>
	<field name="rating">TV-14</field>
	<field name="duration">1 Season</field>
	<field name="listed_in">Crime TV Shows, International TV Shows, TV Dramas</field>
	<field name="description">Five affluent youths find a new sense of purpose as they team up with a Mumbai police officer on crime-busting missions around the city.</field>
</item><item>
	<field name="show_id">70230417</field>
	<field name="title">Oscar's Oasis</field>
	<field name="director">nan</field>
	<field name="cast">nan</field>
	<field name="country">France</field>
	<field name="date_added">March 15, 2015</field>
	<field name="rating">TV-G</field>
	<field name="duration">1 Season</field>
	<field name="listed_in">Kids' TV</field>
	<field name="description">Plucky lizard Oscar spends his time trying to avoid the hazards of the desert, including marauding chickens and bumbling adversaries.</field>
</item><item>
	<field name="show_id">70302572</field>
	<field name="title">Puella Magi Madoka Magica</field>
	<field name="director">nan</field>
	<field name="cast">Aoi Yuki, Chiwa Saito, Kaori Mizuhashi, Eri Kitamura, Emiri Kato, Ai Nonaka</field>
	<field name="country">Japan</field>
	<field name="date_added">June 15, 2019</field>
	<field name="rating">TV-14</field>
	<field name="duration">1 Season</field>
	<field name="listed_in">Anime Series, International TV Shows</field>
	<field name="description">One day, Madoka Kaname has a very magical encounter, one that can change her destiny. This is the beginning of the new story of magical witch girls.</field>
</item><item>
	<field name="show_id">81032659</field>
	<field name="title">Monty Don's Italian Gardens</field>
	<field name="director">nan</field>
	<field name="cast">Monty Don</field>
	<field name="country">United Kingdom</field>
	<field name="date_added">July 26, 2019</field>
	<field name="rating">TV-G</field>
	<field name="duration">1 Season</field>
	<field name="listed_in">British TV Shows, Docuseries, International TV Shows</field>
	<field name="description">From horticultural hideaways to luxurious botanical displays, TV personality Monty Don explores the history behind Italy’s most extraordinary gardens.</field>
</item><item>
	<field name="show_id">70242629</field>
	<field name="title">DreamWorks How to Train Your Dragon Legends</field>
	<field name="director">nan</field>
	<field name="cast">Jay Baruchel, Gerard Butler, Craig Ferguson, America Ferrera, Christopher Mintz-Plasse, Jonah Hill, T.J. Miller, Kristen Wiig, Jim Cummings, Tress MacNeille</field>
	<field name="country">United States</field>
	<field name="date_added">July 20, 2012</field>
	<field name="rating">TV-PG</field>
	<field name="duration">1 Season</field>
	<field name="listed_in">Kids' TV, TV Action & Adventure, TV Sci-Fi & Fantasy</field>
	<field name="description">In this set of shorts, Hiccup and the gang learn about different species of dragons. Then, Gobber goes in search of the Boneknapper Dragon.</field>
</item><item>
	<field name="show_id">80075178</field>
	<field name="title">Anohana: The Flower We Saw That Day</field>
	<field name="director">nan</field>
	<field name="cast">Miyu Irino, Ai Kayano, Haruka Tomatsu, Takahiro Sakurai, Saori Hayami, Takayuki Kondo, Mitsuru Ogata, Mutsumi Tamura, Asami Seto, Aki Toyosaki, Kaoru Mizuhara, Yui Makino</field>
	<field name="country">Japan</field>
	<field name="date_added">July 15, 2019</field>
	<field name="rating">TV-PG</field>
	<field name="duration">1 Season</field>
	<field name="listed_in">Anime Series, International TV Shows, Teen TV Shows</field>
	<field name="description">A teen haunted by the spirit of an old friend summons the other members of their childhood club to help fulfill the girl's final wish.</field>
</item><item>
	<field name="show_id">80157567</field>
	<field name="title">The Oath</field>
	<field name="director">nan</field>
	<field name="cast">Christopher Lee, Jesseca Liu, Ann Kok, Kate Pang, Zhang Zhenhuan, Richard Low</field>
	<field name="country">Singapore</field>
	<field name="date_added">July 1, 2017</field>
	<field name="rating">TV-PG</field>
	<field name="duration">1 Season</field>
	<field name="listed_in">International TV Shows, Romantic TV Shows, TV Dramas</field>
	<field name="description">Two doctors with opposite approaches to treating patients clash on the job and must learn to trust each other's expertise, allowing love to bloom.</field>
</item><item>
	<field name="show_id">70261978</field>
	<field name="title">Frozen Planet</field>
	<field name="director">Alastair Fothergill</field>
	<field name="cast">David Attenborough</field>
	<field name="country">United Kingdom, United States, Spain, Germany, Greece, Canada</field>
	<field name="date_added">January 28, 2016</field>
	<field name="rating">TV-PG</field>
	<field name="duration">1 Season</field>
	<field name="listed_in">British TV Shows, Docuseries, International TV Shows</field>
	<field name="description">Go on a journey through the Arctic and Antarctic with this visually stunning program that explores these wildernesses and their inhabitants.</field>
</item><item>
	<field name="show_id">80140939</field>
	<field name="title">Ex-Boyfriend</field>
	<field name="director">nan</field>
	<field name="cast">Tony Yang, Nana Lee, Jerry Huang, Liao Yi Chiao</field>
	<field name="country">China</field>
	<field name="date_added">January 1, 2017</field>
	<field name="rating">TV-14</field>
	<field name="duration">1 Season</field>
	<field name="listed_in">International TV Shows, Romantic TV Shows, TV Comedies</field>
	<field name="description">Still haunted by the traumatic event that ended her high school romance, a young professional gets a new subordinate: her former sweetheart.</field>
</item><item>
	<field name="show_id">80140362</field>
	<field name="title">Who's the One</field>
	<field name="director">nan</field>
	<field name="cast">Tien Hsin, Weber Yang, Pink Yang, Johnny Lu, Amanda Chou, Xiu Qin</field>
	<field name="country">Taiwan</field>
	<field name="date_added">January 1, 2017</field>
	<field name="rating">TV-14</field>
	<field name="duration">1 Season</field>
	<field name="listed_in">International TV Shows, Romantic TV Shows, TV Comedies</field>
	<field name="description">A doctor performs plastic surgery on a fat man who's been jilted, and continues his transformation by turning him into a handsome, desirable man.</field>
</item><item>
	<field name="show_id">70221673</field>
	<field name="title">Power Rangers Samurai</field>
	<field name="director">nan</field>
	<field name="cast">Alex Heartman, Erika Fong, Hector David Jr., Najee De-Tiege, Brittany Anne Pirtle, Rene Naufahu, Jeff Szusterman, Felix Ryan, Paul Schrier</field>
	<field name="country">United States</field>
	<field name="date_added">January 1, 2016</field>
	<field name="rating">TV-Y7-FV</field>
	<field name="duration">1 Season</field>
	<field name="listed_in">Kids' TV</field>
	<field name="description">A new generation of Power Rangers must master the Symbols of Samurai Power, which give them control over the Earth's elements to battle dark forces.</field>
</item><item>
	<field name="show_id">70281600</field>
	<field name="title">Prohibition: A Film by Ken Burns and Lynn Novick</field>
	<field name="director">nan</field>
	<field name="cast">Peter Coyote</field>
	<field name="country">United States</field>
	<field name="date_added">February 22, 2017</field>
	<field name="rating">TV-PG</field>
	<field name="duration">1 Season</field>
	<field name="listed_in">Crime TV Shows, Docuseries</field>
	<field name="description">Ken Burns's documentary traces the passage of the 18th Amendment, the social and legal effects of prohibiting alcohol, and the repeal of Prohibition.</field>
</item><item>
	<field name="show_id">81059684</field>
	<field name="title">The Bible's Buried Secrets</field>
	<field name="director">nan</field>
	<field name="cast">Francesca Stavrakopoulou</field>
	<field name="country">United Kingdom</field>
	<field name="date_added">February 1, 2019</field>
	<field name="rating">TV-14</field>
	<field name="duration">1 Season</field>
	<field name="listed_in">British TV Shows, Docuseries, Science & Nature TV</field>
	<field name="description">Host Francesca Stavrakopoulou travels across the Middle East, offering extraordinary insights into the stories of the Old Testament.</field>
</item><item>
	<field name="show_id">81063049</field>
	<field name="title">The Bomb Squad</field>
	<field name="director">nan</field>
	<field name="cast">Christopher Eccleston</field>
	<field name="country">United Kingdom</field>
	<field name="date_added">February 1, 2019</field>
	<field name="rating">TV-MA</field>
	<field name="duration">1 Season</field>
	<field name="listed_in">British TV Shows, Docuseries</field>
	<field name="description">This documentary follows British bomb disposal teams in Afghanistan and the dangers they face in their methodical lives on the front lines of war.</field>
</item><item>
	<field name="show_id">80063658</field>
	<field name="title">The Code</field>
	<field name="director">nan</field>
	<field name="cast">Marcus du Sautoy</field>
	<field name="country">United Kingdom</field>
	<field name="date_added">February 1, 2018</field>
	<field name="rating">TV-PG</field>
	<field name="duration">1 Season</field>
	<field name="listed_in">British TV Shows, Docuseries, International TV Shows</field>
	<field name="description">In this three-part documentary series, host Marcus du Sautoy examines the mathematical code underlying all of life on Earth and the universe itself.</field>
</item><item>
	<field name="show_id">80221778</field>
	<field name="title">Geronimo Stilton</field>
	<field name="director">Guy Vasilovich</field>
	<field name="cast">Brian Drummond, Erin Mathews, Richard Ian Cox, Sarah Edmondson, Moneca Stori</field>
	<field name="country">Italy, Canada, France</field>
	<field name="date_added">December 31, 2017</field>
	<field name="rating">TV-Y</field>
	<field name="duration">1 Season</field>
	<field name="listed_in">Kids' TV, TV Comedies</field>
	<field name="description">With the help of brainy and adventurous sidekicks, New Mouse City's favorite journalist investigates mysteries that take him around the world,</field>
</item><item>
	<field name="show_id">81020728</field>
	<field name="title">Way Back into Love</field>
	<field name="director">nan</field>
	<field name="cast">June Tsai, Ray Chang, Lung Shao-hua, Yi-Wen Yen, Ching-kuan Wang, Mai Sato</field>
	<field name="country">Taiwan</field>
	<field name="date_added">December 24, 2018</field>
	<field name="rating">TV-PG</field>
	<field name="duration">1 Season</field>
	<field name="listed_in">International TV Shows, Romantic TV Shows, TV Comedies</field>
	<field name="description">After years in the U.S., a Taiwanese immigrant returns to her hometown with a young daughter in tow to assist her father with his bed-and-breakfast.</field>
</item><item>
	<field name="show_id">70221348</field>
	<field name="title">DreamWorks Holiday Classics</field>
	<field name="director">nan</field>
	<field name="cast">Ben Stiller, David Schwimmer, Chris Rock, Jada Pinkett Smith, Jay Baruchel, Gerard Butler, Craig Ferguson, America Ferrera, Eddie Murphy, Mike Myers, Antonio Banderas, Cameron Diaz</field>
	<field name="country">United States</field>
	<field name="date_added">December 16, 2018</field>
	<field name="rating">TV-PG</field>
	<field name="duration">1 Season</field>
	<field name="listed_in">Kids' TV, TV Comedies</field>
	<field name="description">Join your DreamWorks friends for these four holiday specials, featuring Shrek and Donkey, Hiccup and Toothless, and the wacky animals from Madagascar.</field>
</item><item>
	<field name="show_id">80126153</field>
	<field name="title">Heaven's Garden</field>
	<field name="director">nan</field>
	<field name="cast">Bul-am Choi, Ho-Jeong Yoo, Sae-ron Kim, Chan-hee Kang, Woo-Sung Hyun, An Seo Hyun, Ho-Jin Kim</field>
	<field name="country">South Korea</field>
	<field name="date_added">December 15, 2016</field>
	<field name="rating">TV-PG</field>
	<field name="duration">1 Season</field>
	<field name="listed_in">International TV Shows, Korean TV Shows, TV Dramas</field>
	<field name="description">When her husband goes to jail for bankruptcy, a woman takes her two daughters to live with her father, who severed ties with her years ago.</field>
</item><item>
	<field name="show_id">80087347</field>
	<field name="title">Humsafar</field>
	<field name="director">nan</field>
	<field name="cast">Fawad Khan, Mahira Khan, Atiqa Odho, Naveen Waqar, Sara Kashif</field>
	<field name="country">Pakistan</field>
	<field name="date_added">December 15, 2016</field>
	<field name="rating">TV-14</field>
	<field name="duration">1 Season</field>
	<field name="listed_in">International TV Shows, Romantic TV Shows, TV Dramas</field>
	<field name="description">To fulfill her mother's dying wish, middle-class Khirad marries elite Ashar. But those who disapprove plot to turn Ashar against his wife.</field>
</item><item>
	<field name="show_id">81151079</field>
	<field name="title">Morphle</field>
	<field name="director">nan</field>
	<field name="cast">nan</field>
	<field name="country">Netherlands</field>
	<field name="date_added">December 1, 2019</field>
	<field name="rating">TV-Y</field>
	<field name="duration">1 Season</field>
	<field name="listed_in">British TV Shows, Kids' TV</field>
	<field name="description">Little Mila turns playtime into a series of fun and educational adventures with her magical pet Morphle, who transforms into anything she dreams up!</field>
</item><item>
	<field name="show_id">80040089</field>
	<field name="title">Nura: Rise of the Yokai Clan: Demon Capital</field>
	<field name="director">nan</field>
	<field name="cast">Jun Fukuyama, Darrel Guilbeau, Eri Kitamura, Grant George, Yui Horie, Cassandra Lee, Hiroki Yasumoto, Kyle Hebert</field>
	<field name="country">Japan</field>
	<field name="date_added">December 1, 2016</field>
	<field name="rating">TV-MA</field>
	<field name="duration">1 Season</field>
	<field name="listed_in">Anime Series, Crime TV Shows</field>
	<field name="description">By night, teenage Rikuo becomes a form of demon called yokai, preparing to fulfill his destiny as the head of his legendary yokai clan.</field>
</item><item>
	<field name="show_id">81008283</field>
	<field name="title">The Drunk and on Drugs Happy Funtime Hour</field>
	<field name="director">nan</field>
	<field name="cast">John Paul Tremblay, Robb Wells, Maury Chaykin, Luke Gordon, Amy Sedaris, Jay Baruchel</field>
	<field name="country">Canada</field>
	<field name="date_added">August 24, 2018</field>
	<field name="rating">TV-MA</field>
	<field name="duration">1 Season</field>
	<field name="listed_in">International TV Shows, TV Comedies</field>
	<field name="description">A variety-show production trips up big time when the cast members take their roles to new heights, and the line between fact and fiction blurs.</field>
</item><item>
	<field name="show_id">70304252</field>
	<field name="title">Blue Exorcist</field>
	<field name="director">nan</field>
	<field name="cast">Nobuhiko Okamoto, Jun Fukuyama, Kana Hanazawa, Kazuya Nakai, Koji Yusa, Yuki Kaji, Eri Kitamura, Ayahi Takagaki, Rina Satou, Daisuke Ono, Ryotaro Okiayu, Tetsuya Kakihara, Hiroshi Kamiya, Keiji Fujiwara, Hiroaki Hirata, Jin Urayama, Katsuyuki Konishi, Kisho Taniyama, M・A・O, Kazuhiro Yamaji, Hideyuki Tanaka, Masaki Terasoma, Naomi Shindo</field>
	<field name="country">Japan</field>
	<field name="date_added">August 16, 2019</field>
	<field name="rating">TV-14</field>
	<field name="duration">1 Season</field>
	<field name="listed_in">Anime Series, International TV Shows</field>
	<field name="description">Determined to throw off the curse of being Satan's illegitimate son, Rin enters the True Cross Academy to become an exorcist, just like his mentor.</field>
</item><item>
	<field name="show_id">80157177</field>
	<field name="title">Bountiful Blessings</field>
	<field name="director">nan</field>
	<field name="cast">Jessica Hsuan, Tay Ping Hui, Thomas Ong, Jeffrey Xu, Ya Hui, Ann Kok, Zhu Houren, Yao Wenlong</field>
	<field name="country">nan</field>
	<field name="date_added">August 1, 2017</field>
	<field name="rating">TV-14</field>
	<field name="duration">1 Season</field>
	<field name="listed_in">International TV Shows, TV Dramas, TV Sci-Fi & Fantasy</field>
	<field name="description">A former mortal who is now the Kitchen God cooks up celestial turmoil when he impregnates and opens a restaurant with his beloved, reincarnated wife.</field>
</item><item>
	<field name="show_id">80157528</field>
	<field name="title">The In-Laws</field>
	<field name="director">nan</field>
	<field name="cast">Louise Lee, Rui En, Pierre Png, Darren Lim, Cynthia Koh, Belinda Lee</field>
	<field name="country">nan</field>
	<field name="date_added">August 1, 2017</field>
	<field name="rating">TV-14</field>
	<field name="duration">1 Season</field>
	<field name="listed_in">International TV Shows, TV Dramas</field>
	<field name="description">She swore not to meddle in her kids' lives like her mother-in-law meddled in hers. But when her sons get married, that vow proves not so easy to keep.</field>
</item><item>
	<field name="show_id">80108773</field>
	<field name="title">Office Girls</field>
	<field name="director">nan</field>
	<field name="cast">Roy Chiu, Alice Ko, Tia Lee, Patrick Lee, Kuo Shu-yao, James Wen, Janel Tsai</field>
	<field name="country">Taiwan</field>
	<field name="date_added">August 1, 2016</field>
	<field name="rating">TV-14</field>
	<field name="duration">1 Season</field>
	<field name="listed_in">International TV Shows, Romantic TV Shows, TV Comedies</field>
	<field name="description">A department store mogul has his son work incognito in a menial job to prove his worthiness, while female co-workers teach him how normal people live.</field>
</item><item>
	<field name="show_id">70198116</field>
	<field name="title">Forensic Files</field>
	<field name="director">nan</field>
	<field name="cast">Peter Thomas</field>
	<field name="country">United States</field>
	<field name="date_added"> September 1, 2016</field>
	<field name="rating">TV-14</field>
	<field name="duration">9 Seasons</field>
	<field name="listed_in">Crime TV Shows, Docuseries, Science & Nature TV</field>
	<field name="description">Detectives and crime lab technicians use the latest and most fascinating procedures to solve crimes in this documentary-style show.</field>
</item><item>
	<field name="show_id">70236561</field>
	<field name="title">Top Boy</field>
	<field name="director">nan</field>
	<field name="cast">Ashley Walters, Kane Robinson, Malcolm Kamulete, Shone Romulus, Sharon Duncan Brewster, Giacomo Mancini, Xavien Russell, Kierston Wareing, Geoff Bell, Nicholas Pinnock</field>
	<field name="country">United Kingdom</field>
	<field name="date_added"> November 1, 2017</field>
	<field name="rating">TV-MA</field>
	<field name="duration">2 Seasons</field>
	<field name="listed_in">British TV Shows, Crime TV Shows, International TV Shows</field>
	<field name="description">In this gritty, stylish drama series, two London drug dealers ply their lucrative trade at a public housing estate in North London.</field>
</item><item>
	<field name="show_id">70157266</field>
	<field name="title">Scare Tactics</field>
	<field name="director">nan</field>
	<field name="cast">Tracy Morgan, Lauren Ash</field>
	<field name="country">United States</field>
	<field name="date_added"> June 30, 2019</field>
	<field name="rating">TV-MA</field>
	<field name="duration">2 Seasons</field>
	<field name="listed_in">Reality TV, TV Comedies, TV Horror</field>
	<field name="description">This ghoulish but hilarious hidden-camera show from Syfy finds mischievous friends and family members setting up unsuspecting victims for elaborate pranks that use high-quality makeup and special effects to unleash their worst fears upon them.</field>
</item><item>
	<field name="show_id">80020971</field>
	<field name="title">Huntik: Secrets and Seekers</field>
	<field name="director">nan</field>
	<field name="cast">Yuri Lowenthal, Drew Aaron, Karen Strassman, Marc Thompson, Rebecca Soler, Mike Pollock</field>
	<field name="country">United States, Italy</field>
	<field name="date_added"> January 1, 2018</field>
	<field name="rating">TV-Y7</field>
	<field name="duration">2 Seasons</field>
	<field name="listed_in">Kids' TV</field>
	<field name="description">A high school student searching for his missing father joins a secret group known as the Seekers, who ally with aliens to protect the world from evil.</field>
</item><item>
	<field name="show_id">70221085</field>
	<field name="title">Land Girls</field>
	<field name="director">nan</field>
	<field name="cast">Becci Gemmell, Susan Cookson, Mark Benton, Mykola Allen, Sophie Ward, Jo Woodcock, Seline Hizli, Liam Boyle, Danny Webb, Nicholas Shaw, Carolyn Pickles, David Schofield, Summer Strallen, Christine Bottomley</field>
	<field name="country">United Kingdom</field>
	<field name="date_added"> August 1, 2017</field>
	<field name="rating">TV-PG</field>
	<field name="duration">3 Seasons</field>
	<field name="listed_in">British TV Shows, International TV Shows, TV Dramas</field>
	<field name="description">Follow the lives, loves, highs and lows of four members of the Women's Land Army who are working at the Hoxley Estate during WWII.</field>
</item>