<item>
	<field name="show_id">70055221</field>
	<field name="title">Solo Con Tu Pareja</field>
	<field name="director">Alfonso Cuarón</field>
	<field name="cast">Luis de Icaza, Dobrina Liubomirova, Isabel Benet, Claudia Fernandez, Luz María Jerez, Claudia Ramírez, Astrid Hadad, Toshiro Hisaki, Daniel Giménez Cacho, Carlos Nakasone, Ricardo Dalmacci, Nevil Wilton, John Keyser, Raúl Valerio, Monserrat Ontiveros, Daniel Gimenez Cacho</field>
	<field name="country">Mexico</field>
	<field name="date_added">September 1, 2018</field>
	<field name="rating">NR</field>
	<field name="duration">94 min</field>
	<field name="listed_in">Comedies, Independent Movies, International Movies</field>
	<field name="description">A yuppie playboy looks for a quick death after being falsely diagnosed with AIDS by a nurse who was once cheated by the young Casanova.</field>
</item><item>
	<field name="show_id">70206824</field>
	<field name="title">Triumph of the Heart</field>
	<field name="director">Richard Michaels</field>
	<field name="cast">Mario Van Peebles, Susan Ruttan, Lane R. Davis, Lynn Whitfield, Adam Faraizl, Polly Holliday, Jay Pennison, John Schuhmacher</field>
	<field name="country">United States</field>
	<field name="date_added">October 1, 2011</field>
	<field name="rating">TV-PG</field>
	<field name="duration">93 min</field>
	<field name="listed_in">Dramas, Sports Movies</field>
	<field name="description">This drama tells the tale of Ricky Bell, a pro running back with the Tampa Bay Buccaneers who died of a muscle disease in the prime of his career.</field>
</item><item>
	<field name="show_id">70206826</field>
	<field name="title">Victim of Beauty</field>
	<field name="director">Roger Young</field>
	<field name="cast">William Devane, Jeri Ryan, Michele Abrams, Nick Searcy, Linda Pierce, J. Don Ferguson, Butch Slade, Joyce Bowden-Kirby</field>
	<field name="country">United States</field>
	<field name="date_added">October 1, 2011</field>
	<field name="rating">NR</field>
	<field name="duration">93 min</field>
	<field name="listed_in">Dramas, Thrillers</field>
	<field name="description">A beauty pageant winner is stalked by a serial killer who kidnaps her sister and torments her family in this thriller based on a shocking true story.</field>
</item><item>
	<field name="show_id">684847</field>
	<field name="title">The Last Boy Scout</field>
	<field name="director">Tony Scott</field>
	<field name="cast">Bruce Willis, Damon Wayans, Chelsea Field, Noble Willingham, Taylor Negron, Danielle Harris, Halle Berry, Bruce McGill</field>
	<field name="country">United States</field>
	<field name="date_added">November 1, 2019</field>
	<field name="rating">R</field>
	<field name="duration">105 min</field>
	<field name="listed_in">Action & Adventure, Comedies</field>
	<field name="description">Private eye Joe Hallenbeck is forced to team up with a disgraced quarterback to uncover a conspiracy by a politician and a football team owner.</field>
</item><item>
	<field name="show_id">60001104</field>
	<field name="title">Daughters of the Dust</field>
	<field name="director">Julie Dash</field>
	<field name="cast">Cora Lee Day, Alva Rogers, Barbarao, Trula Hoosier, Adisa Anderson, Kaycee Moore, Bahni Turpin, Cheryl Lynn Bruce, Tommy Redmond Hicks, Cornell Royal</field>
	<field name="country">United Kingdom, United States</field>
	<field name="date_added">June 10, 2017</field>
	<field name="rating">NR</field>
	<field name="duration">112 min</field>
	<field name="listed_in">Classic Movies, Dramas, Independent Movies</field>
	<field name="description">An African American Gullah family leaves their coastal island home in 1902 and risks losing their culture to start a new life on the U.S. mainland.</field>
</item><item>
	<field name="show_id">786137</field>
	<field name="title">My Girl</field>
	<field name="director">Howard Zieff</field>
	<field name="cast">Dan Aykroyd, Jamie Lee Curtis, Macaulay Culkin, Anna Chlumsky, Richard Masur, Griffin Dunne, Ann Nelson, Peter Michael Goetz, Jane Hallaren, Anthony R. Jones</field>
	<field name="country">United States</field>
	<field name="date_added">January 1, 2020</field>
	<field name="rating">PG-13</field>
	<field name="duration">102 min</field>
	<field name="listed_in">Dramas</field>
	<field name="description">This coming-of-age charmer follows a summer in the life of an 11-year-old girl who learns about love and loss as she grapples with profound changes.</field>
</item><item>
	<field name="show_id">60023856</field>
	<field name="title">Teenage Mutant Ninja Turtles II: The Secret of the Ooze</field>
	<field name="director">Michael Pressman</field>
	<field name="cast">Paige Turco, David Warner, Mark Caso, Michelan Sisti, Leif Tilden, Kenn Scott, Kevin Clash, Ernie Reyes Jr., François Chau, Kevin Nash</field>
	<field name="country">United States, Hong Kong</field>
	<field name="date_added">January 1, 2020</field>
	<field name="rating">PG</field>
	<field name="duration">88 min</field>
	<field name="listed_in">Children & Family Movies, Comedies</field>
	<field name="description">The evil Shredder decides that ooze is what gives the ninja turtles their power, so he obtains some of the toxic junk and creates dangerous mutants.</field>
</item><item>
	<field name="show_id">60001808</field>
	<field name="title">The Naked Gun 2 1/2: The Smell of Fear</field>
	<field name="director">David Zucker</field>
	<field name="cast">Leslie Nielsen, Priscilla Presley, George Kennedy, O.J. Simpson, Robert Goulet, Richard Griffiths, Jacqueline Brookes</field>
	<field name="country">nan</field>
	<field name="date_added">January 1, 2020</field>
	<field name="rating">PG-13</field>
	<field name="duration">85 min</field>
	<field name="listed_in">Comedies</field>
	<field name="description">Bumbling cop Frank Drebin is out to foil the big boys in the energy industry, who intend to suppress technology that would put them out of business.</field>
</item><item>
	<field name="show_id">80156938</field>
	<field name="title">Shikari</field>
	<field name="director">Latif Faiziyev, Umesh Mehra</field>
	<field name="cast">Mithun Chakraborty, Naseeruddin Shah, Irina Kushnareva, Varsha Usgaonkar, Gulshan Grover, Anjana Mumtaz, Amrish Puri, Amrit Pal, Achyut Potdar, Lilliput</field>
	<field name="country">India, Soviet Union</field>
	<field name="date_added">December 8, 2017</field>
	<field name="rating">TV-14</field>
	<field name="duration">163 min</field>
	<field name="listed_in">Dramas, International Movies, Music & Musicals</field>
	<field name="description">When Shankar, who performs on the road with partner Chanchal and elephant Appu, falls for a Russian circus performer, jealousies and conflicts arise.</field>
</item><item>
	<field name="show_id">81045989</field>
	<field name="title">Bill Hicks: One Night Stand</field>
	<field name="director">John Fortenberry</field>
	<field name="cast">Bill Hicks</field>
	<field name="country">United Kingdom</field>
	<field name="date_added">December 31, 2018</field>
	<field name="rating">TV-MA</field>
	<field name="duration">28 min</field>
	<field name="listed_in">Stand-Up Comedy</field>
	<field name="description">Bill Hicks remembers a wild night in 1989 and offers his views on puffing cigarettes, smoking weed, drinking, sex, commercials and music.</field>
</item><item>
	<field name="show_id">70026468</field>
	<field name="title">Sam Kinison: Family Entertainment Hour</field>
	<field name="director">Walter C. Miller</field>
	<field name="cast">Sam Kinison</field>
	<field name="country">United States</field>
	<field name="date_added">December 31, 2018</field>
	<field name="rating">TV-MA</field>
	<field name="duration">49 min</field>
	<field name="listed_in">Stand-Up Comedy</field>
	<field name="description">Comic Sam Kinison lets it rip with this performance at L.A.'s Wiltern theatre, skewering every segment of modern society from religion to television.</field>
</item><item>
	<field name="show_id">81045512</field>
	<field name="title">Sam Kinison: Live in Vegas</field>
	<field name="director">Walter C. Miller</field>
	<field name="cast">Sam Kinison</field>
	<field name="country">nan</field>
	<field name="date_added">December 31, 2018</field>
	<field name="rating">TV-MA</field>
	<field name="duration">71 min</field>
	<field name="listed_in">Stand-Up Comedy</field>
	<field name="description">Standup legend Sam Kinison is at his screaming best as he storms the stage in Sin City to get a few things off his chest.</field>
</item><item>
	<field name="show_id">81045510</field>
	<field name="title">Tim Allen: ReWires America</field>
	<field name="director">nan</field>
	<field name="cast">Tim Allen</field>
	<field name="country">United States</field>
	<field name="date_added">December 31, 2018</field>
	<field name="rating">TV-MA</field>
	<field name="duration">30 min</field>
	<field name="listed_in">Stand-Up Comedy</field>
	<field name="description">Standup star Tim Allen storms the stage for a set chock-full of observations about powerful cars, beautiful lawns and more of the things he loves.</field>
</item><item>
	<field name="show_id">60033788</field>
	<field name="title">An American Tail: Fievel Goes West</field>
	<field name="director">Phil Nibbelink, Simon Wells</field>
	<field name="cast">Philip Glasser, James Stewart, Erica Yohn, Cathy Cavadini, Nehemiah Persoff, Dom DeLuise, Amy Irving, John Cleese, Jon Lovitz</field>
	<field name="country">United States</field>
	<field name="date_added">April 1, 2018</field>
	<field name="rating">G</field>
	<field name="duration">75 min</field>
	<field name="listed_in">Children & Family Movies</field>
	<field name="description">Fievel and his family head west for what turns out to be a wild adventure. Deep in cowboy country, the intrepid mouse faces down a nasty feline.</field>
</item>