<item>
	<field name="show_id">80097532</field>
	<field name="title">Bob Ross: Beauty Is Everywhere</field>
	<field name="director">nan</field>
	<field name="cast">Bob Ross</field>
	<field name="country">nan</field>
	<field name="date_added">June 1, 2016</field>
	<field name="rating">TV-G</field>
	<field name="duration">1 Season</field>
	<field name="listed_in">TV Shows</field>
	<field name="description">"The Joy of Painting" host Bob Ross brings his signature wet-on-wet style to a bevy of bucolic landscape paintings celebrating the beauty of nature.</field>
</item>