<item>
	<field name="show_id">80158389</field>
	<field name="title">Chadi Jawani Budhe Nu</field>
	<field name="director">nan</field>
	<field name="cast">Anand</field>
	<field name="country">India</field>
	<field name="date_added">September 1, 2017</field>
	<field name="rating">TV-PG</field>
	<field name="duration">135 min</field>
	<field name="listed_in">Comedies, International Movies, Romantic Movies</field>
	<field name="description">After reaching his 40th birthday, an egotistical businessman kicks off his midlife crisis by deciding to secure a mistress.</field>
</item><item>
	<field name="show_id">709163</field>
	<field name="title">Logan's Run</field>
	<field name="director">Michael Anderson</field>
	<field name="cast">Michael York, Richard Jordan, Farrah Fawcett, Jenny Agutter, Peter Ustinov, Roscoe Lee Browne, Randolph Roberts, Gary Morgan, Greg Lewis</field>
	<field name="country">United States</field>
	<field name="date_added">November 1, 2019</field>
	<field name="rating">PG</field>
	<field name="duration">118 min</field>
	<field name="listed_in">Action & Adventure, Classic Movies, Cult Movies</field>
	<field name="description">In the 23rd century, inhabitants of a domed city exist in a world filled with life's pleasures – but no one is allowed to live past the age of 30.</field>
</item><item>
	<field name="show_id">70058796</field>
	<field name="title">Sparkle</field>
	<field name="director">Sam O'Steen</field>
	<field name="cast">Tony King, Mary Alice, Irene Cara, Dorian Harewood, Paul Lambert, Beatrice Winde, Lonette McKee</field>
	<field name="country">United States</field>
	<field name="date_added">November 1, 2019</field>
	<field name="rating">PG</field>
	<field name="duration">98 min</field>
	<field name="listed_in">Dramas, Music & Musicals</field>
	<field name="description">In 1950s Harlem, three singing sisters hit the big time and end up losing one another in this musical melodrama inspired by the Supremes.</field>
</item><item>
	<field name="show_id">352989</field>
	<field name="title">Carrie</field>
	<field name="director">Brian De Palma</field>
	<field name="cast">Sissy Spacek, Piper Laurie, Amy Irving, William Katt, John Travolta, Nancy Allen, Betty Buckley, P.J. Soles, Priscilla Pointer, Sydney Lassick, Stefan Gierasch, Michael Talbott, Doug Cox, Harry Gold, Noelle North</field>
	<field name="country">United States</field>
	<field name="date_added">June 1, 2019</field>
	<field name="rating">R</field>
	<field name="duration">98 min</field>
	<field name="listed_in">Classic Movies, Cult Movies, Horror Movies</field>
	<field name="description">An outcast teen with telekinetic ability lashes out with her deadly power when the high school "in crowd" torments her with a sick joke at the prom.</field>
</item><item>
	<field name="show_id">18907685</field>
	<field name="title">Taxi Driver</field>
	<field name="director">Martin Scorsese</field>
	<field name="cast">Robert De Niro, Jodie Foster, Cybill Shepherd, Peter Boyle, Albert Brooks, Leonard Harris, Harvey Keitel, Murray Moston, Richard Higgs, Victor Argo, Steven Prince, Martin Scorsese</field>
	<field name="country">United States</field>
	<field name="date_added">July 1, 2019</field>
	<field name="rating">R</field>
	<field name="duration">114 min</field>
	<field name="listed_in">Classic Movies, Dramas, Thrillers</field>
	<field name="description">Enraged by New York's moral rot and urban decay, an unhinged cab driver goes mad, plotting an assassination and saving a teen sex worker.</field>
</item><item>
	<field name="show_id">20765027</field>
	<field name="title">Hera Pheri</field>
	<field name="director">Prakash Mehra</field>
	<field name="cast">Amitabh Bachchan, Vinod Khanna, Saira Banu, Sulakshana Pandit, Shreeram Lagoo, Pinchoo Kapoor, P. Jairaj, Yunus Parvez</field>
	<field name="country">India</field>
	<field name="date_added">December 31, 2019</field>
	<field name="rating">TV-14</field>
	<field name="duration">156 min</field>
	<field name="listed_in">Action & Adventure, Comedies, Dramas</field>
	<field name="description">The bond between two crooks and best friends is threatened when one learns that the other's father had a hand in his own tragic past.</field>
</item><item>
	<field name="show_id">915927</field>
	<field name="title">Rocky</field>
	<field name="director">John G. Avildsen</field>
	<field name="cast">Sylvester Stallone, Talia Shire, Burt Young, Carl Weathers, Burgess Meredith, Thayer David, Joe Spinell, Jimmy Gambina, Bill Baldwin</field>
	<field name="country">United States</field>
	<field name="date_added">August 1, 2019</field>
	<field name="rating">PG</field>
	<field name="duration">120 min</field>
	<field name="listed_in">Action & Adventure, Classic Movies, Dramas</field>
	<field name="description">Sylvester Stallone shot to fame as Rocky Balboa, an unknown fighter who's given a shot at fighting world champ Apollo Creed as a publicity stunt.</field>
</item>