<item>
	<field name="show_id">80119186</field>
	<field name="title">Undercover: How to Operate Behind Enemy Lines</field>
	<field name="director">John Ford</field>
	<field name="cast">nan</field>
	<field name="country">United States</field>
	<field name="date_added">March 31, 2017</field>
	<field name="rating">TV-PG</field>
	<field name="duration">61 min</field>
	<field name="listed_in">Classic Movies, Documentaries</field>
	<field name="description">This World War II-era training film dramatizes how secret agents should act while undercover and how to avoid capture by enemies.</field>
</item><item>
	<field name="show_id">70013050</field>
	<field name="title">Why We Fight: The Battle of Russia</field>
	<field name="director">Frank Capra, Anatole Litvak</field>
	<field name="cast">nan</field>
	<field name="country">United States</field>
	<field name="date_added">March 31, 2017</field>
	<field name="rating">TV-14</field>
	<field name="duration">82 min</field>
	<field name="listed_in">Documentaries</field>
	<field name="description">This installment of Frank Capra's acclaimed documentary series highlights the need for a Russo-American alliance to defeat the Nazis.</field>
</item><item>
	<field name="show_id">70022548</field>
	<field name="title">WWII: Report from the Aleutians</field>
	<field name="director">John Huston</field>
	<field name="cast">nan</field>
	<field name="country">United States</field>
	<field name="date_added">March 31, 2017</field>
	<field name="rating">NR</field>
	<field name="duration">45 min</field>
	<field name="listed_in">Documentaries</field>
	<field name="description">Filmmaker John Huston narrates this Oscar-nominated World War II-era film about life among the U.S. soldiers protecting Alaska’s Aleutian Islands.</field>
</item>