<item>
	<field name="show_id">81168345</field>
	<field name="title">Escape from the "Liberty" Cinema</field>
	<field name="director">Wojciech Marczewski</field>
	<field name="cast">Janusz Gajos, Zbigniew Zamachowski, Teresa Marczewska, Piotr Fronczewski, Władysław Kowalski, Michał Bajor, Jan Peszek, Jerzy Bińczycki</field>
	<field name="country">Poland</field>
	<field name="date_added">October 1, 2019</field>
	<field name="rating">TV-MA</field>
	<field name="duration">88 min</field>
	<field name="listed_in">Comedies, Dramas, Independent Movies</field>
	<field name="description">Artistic rebellion ignites at the movies when film characters suddenly speak freely to the audience, prompting a surly censor to combat the uprising.</field>
</item><item>
	<field name="show_id">70206818</field>
	<field name="title">In Defense of a Married Man</field>
	<field name="director">Joel Oliansky</field>
	<field name="cast">Judith Light, Michael Ontkean, Jerry Orbach, Pat Corley, Nicholas Campbell, John Colicos, Cynthia Sikes, Johnny Galecki</field>
	<field name="country">United States</field>
	<field name="date_added">October 1, 2011</field>
	<field name="rating">NR</field>
	<field name="duration">94 min</field>
	<field name="listed_in">Dramas</field>
	<field name="description">A lawyer's husband is having an affair. When his mistress is found dead, he becomes the prime suspect – and his wife must take charge of his defense.</field>
</item><item>
	<field name="show_id">70206825</field>
	<field name="title">Unspeakable Acts</field>
	<field name="director">Linda Otto</field>
	<field name="cast">Jill Clayburgh, Brad Davis, Sam Behrens</field>
	<field name="country">United States</field>
	<field name="date_added">October 1, 2011</field>
	<field name="rating">NR</field>
	<field name="duration">95 min</field>
	<field name="listed_in">Dramas</field>
	<field name="description">Laurie and Joseph are doctors who interview sexually abused children. With a lot of energy they track down a pedophile who has abused many toddlers.</field>
</item><item>
	<field name="show_id">70111489</field>
	<field name="title">Listen Up! The Lives of Quincy Jones</field>
	<field name="director">Ellen Weissbrod</field>
	<field name="cast">Quincy Jones, Miles Davis, Ray Charles, Sheila E., Ella Fitzgerald, Flavor Flav, Aretha Franklin, Dizzy Gillespie, Lesley Gore, Herbie Hancock, Ice-T, Jesse Jackson, Michael Jackson, Frank Sinatra, Oprah Winfrey</field>
	<field name="country">nan</field>
	<field name="date_added">November 1, 2019</field>
	<field name="rating">TV-14</field>
	<field name="duration">116 min</field>
	<field name="listed_in">Documentaries, Music & Musicals</field>
	<field name="description">Steering clear of convention, this affecting documentary pays tribute to the life and work of composer, musician and producer Quincy Jones, one of the best-known and most respected men in the music industry.</field>
</item><item>
	<field name="show_id">1029730</field>
	<field name="title">Teenage Mutant Ninja Turtles: The Movie</field>
	<field name="director">Steve Barron</field>
	<field name="cast">Judith Hoag, Elias Koteas, Josh Pais, Michelan Sisti, Leif Tilden, David Forman, Michael Turney, Jay Patterson, Raymond Serra, James Saito, Kevin Clash</field>
	<field name="country">nan</field>
	<field name="date_added">January 1, 2020</field>
	<field name="rating">PG</field>
	<field name="duration">94 min</field>
	<field name="listed_in">Action & Adventure, Comedies</field>
	<field name="description">After exposure to a strange, glowing ooze, four mutant turtles train as ninjas in the sewers and fight crime wherever they find it.</field>
</item><item>
	<field name="show_id">60033108</field>
	<field name="title">Tremors</field>
	<field name="director">Ron Underwood</field>
	<field name="cast">Kevin Bacon, Fred Ward, Finn Carter, Michael Gross, Reba McEntire, Robert Jayne, Charlotte Stewart, Tony Genaro, Ariana Richards, Richard Marcus, Victor Wong, Bibi Besch</field>
	<field name="country">United States</field>
	<field name="date_added">January 1, 2020</field>
	<field name="rating">PG-13</field>
	<field name="duration">96 min</field>
	<field name="listed_in">Comedies, Cult Movies, Horror Movies</field>
	<field name="description">After a seismologist gets unusual readings on her equipment, handymen discover 30-foot-long carnivorous worms that suck their prey underground.</field>
</item><item>
	<field name="show_id">60036691</field>
	<field name="title">Paris Is Burning</field>
	<field name="director">Jennie Livingston</field>
	<field name="cast">nan</field>
	<field name="country">United States</field>
	<field name="date_added">February 1, 2017</field>
	<field name="rating">R</field>
	<field name="duration">77 min</field>
	<field name="listed_in">Classic Movies, Cult Movies, Documentaries</field>
	<field name="description">This Sundance prize-winning documentary is an intimate portrait of 1980s Harlem drag balls: a world of fierce competition, sustenance, and survival.</field>
</item><item>
	<field name="show_id">20077944</field>
	<field name="title">Ghayal</field>
	<field name="director">Rajkumar Santoshi</field>
	<field name="cast">Sunny Deol, Meenakshi Sheshadri, Amrish Puri, Moushumi Chatterjee, Kulbhushan Kharbanda, Om Puri, Raj Babbar, Shabbir Khan</field>
	<field name="country">India</field>
	<field name="date_added">December 31, 2019</field>
	<field name="rating">TV-14</field>
	<field name="duration">163 min</field>
	<field name="listed_in">Action & Adventure, Dramas, International Movies</field>
	<field name="description">Framed for his older brother's murder, a boxer seeks violent revenge against the true killer who's torn his family apart.</field>
</item><item>
	<field name="show_id">70059284</field>
	<field name="title">Shiva</field>
	<field name="director">Ram Gopal Varma</field>
	<field name="cast">Nagarjuna Akkineni, Amala, Rajendranath Zutshi, Raghuvaran, Paresh Rawal, Brij Gopal, J.D. Chakravarthi, Tanikella Bharani</field>
	<field name="country">India</field>
	<field name="date_added">December 31, 2019</field>
	<field name="rating">TV-MA</field>
	<field name="duration">168 min</field>
	<field name="listed_in">Action & Adventure, Dramas, International Movies</field>
	<field name="description">A young man enrolls at a college and becomes a rival to the student-union president, who’s using force and intimidation to advance his criminal agenda.</field>
</item><item>
	<field name="show_id">81045509</field>
	<field name="title">Tim Allen: Men Are Pigs</field>
	<field name="director">Ellen Brown</field>
	<field name="cast">Tim Allen</field>
	<field name="country">United States</field>
	<field name="date_added">December 31, 2018</field>
	<field name="rating">TV-14</field>
	<field name="duration">30 min</field>
	<field name="listed_in">Stand-Up Comedy</field>
	<field name="description">Standup comedian Tim Allen delivers a set dedicated to "men stuff" like lawn care, power tools and why he grunts like an animal.</field>
</item><item>
	<field name="show_id">70014531</field>
	<field name="title">Look Out, Officer</field>
	<field name="director">Sze Yu Lau</field>
	<field name="cast">Stephen Chow, Bill Tung, Stanley Sui-Fan Fung, Vivian Chan, Indra Leech, Amy Yip</field>
	<field name="country">Hong Kong</field>
	<field name="date_added">August 16, 2018</field>
	<field name="rating">TV-MA</field>
	<field name="duration">88 min</field>
	<field name="listed_in">Action & Adventure, Comedies, International Movies</field>
	<field name="description">An officer killed on the job returns to Earth as a ghost to solve his own murder and seek justice with the help of a rookie cop and some funky magic.</field>
</item><item>
	<field name="show_id">60025674</field>
	<field name="title">Rocky V</field>
	<field name="director">John G. Avildsen</field>
	<field name="cast">Sylvester Stallone, Talia Shire, Burt Young, Richard Gant, Tommy Morrison, Sage Stallone, Burgess Meredith, Tony Burton</field>
	<field name="country">United States</field>
	<field name="date_added">August 1, 2019</field>
	<field name="rating">PG-13</field>
	<field name="duration">104 min</field>
	<field name="listed_in">Dramas, Sports Movies</field>
	<field name="description">Inspired by the memory of his trainer, a broke and seemingly careerless Rocky finds glory in training and takes on an up-and-coming boxer.</field>
</item>