<item>
	<field name="show_id">70202577</field>
	<field name="title">Ken Burns: The Civil War</field>
	<field name="director">Ken Burns</field>
	<field name="cast">Sam Waterston, Julie Harris, Jason Robards, Morgan Freeman, Paul Roebling, Garrison Keillor, George Black, David McCullough, Arthur Miller, Christopher Murney, Charles McDowell, Horton Foote, George Plimpton, Philip Bosco, Terry Courier, Jody Powell, Studs Terkel</field>
	<field name="country">United States</field>
	<field name="date_added">February 22, 2017</field>
	<field name="rating">TV-14</field>
	<field name="duration">1 Season</field>
	<field name="listed_in">Docuseries</field>
	<field name="description">Ken Burns's documentary depicts the action of famous Civil War battles, and relates the stories of soldiers, generals and a beleaguered president.</field>
</item><item>
	<field name="show_id">70153408</field>
	<field name="title">Twin Peaks</field>
	<field name="director">nan</field>
	<field name="cast">Kyle MacLachlan, Michael Ontkean, Mädchen Amick, Dana Ashbrook, Richard Beymer, Lara Flynn Boyle, Sherilyn Fenn, Warren Frost, Peggy Lipton, James Marshall, Everett McGill, Jack Nance, Joan Chen, Kimmy Robertson, Michael Horse, Piper Laurie, Harry Goaz, Eric DaRe, Wendy Robie, Ray Wise, Sheryl Lee, Russ Tamblyn, Don S. Davis, Chris Mulkey, Gary Hershberger, Grace Zabriskie</field>
	<field name="country">United States</field>
	<field name="date_added"> July 1, 2017</field>
	<field name="rating">TV-MA</field>
	<field name="duration">2 Seasons</field>
	<field name="listed_in">Classic & Cult TV, Crime TV Shows, TV Dramas</field>
	<field name="description">"Who killed Laura Palmer?" is the question on everyone's lips in a secretive small town, but as an eccentric FBI agent learns, the answer isn't easy.</field>
</item><item>
	<field name="show_id">80023876</field>
	<field name="title">Pee-wee's Playhouse</field>
	<field name="director">nan</field>
	<field name="cast">Paul Reubens</field>
	<field name="country">United States</field>
	<field name="date_added"> December 18, 2014</field>
	<field name="rating">TV-PG</field>
	<field name="duration">5 Seasons</field>
	<field name="listed_in">Classic & Cult TV, Kids' TV, TV Comedies</field>
	<field name="description">Pee-wee Herman brings his stage show to the masses with this innovative live-action kids series that invites viewers into his quirky, childlike world.</field>
</item>