<item>
	<field name="show_id">80158391</field>
	<field name="title">Ujala</field>
	<field name="director">Naresh Saigal</field>
	<field name="cast">Mala Sinha, Shammi Kapoor, Raaj Kumar, Leela Chitnis, Dhumal, Kumkum</field>
	<field name="country">India</field>
	<field name="date_added">October 15, 2017</field>
	<field name="rating">TV-PG</field>
	<field name="duration">143 min</field>
	<field name="listed_in">Dramas, International Movies</field>
	<field name="description">An honest man dreams of a better life for his family, but a childhood friend leads him into a world of crime that keeps happiness just out of reach.</field>
</item>