<item>
	<field name="show_id">80236357</field>
	<field name="title">Monty Python's Fliegender Zirkus</field>
	<field name="director">nan</field>
	<field name="cast">Graham Chapman, John Cleese, Eric Idle, Terry Jones, Michael Palin, Connie Booth</field>
	<field name="country">United Kingdom, West Germany</field>
	<field name="date_added">October 2, 2018</field>
	<field name="rating">TV-14</field>
	<field name="duration">1 Season</field>
	<field name="listed_in">International TV Shows, TV Comedies</field>
	<field name="description">The Pythons elevate the absurd to new heights and bring their sketches to German TV, working in phonetic German, at times with an Australian accent.</field>
</item>