<item>
	<field name="show_id">70054723</field>
	<field name="title">Steal a Pencil for Me</field>
	<field name="director">Michèle Ohayon</field>
	<field name="cast">Jack Polak, Ina Soep</field>
	<field name="country">United States</field>
	<field name="date_added">September 15, 2019</field>
	<field name="rating">TV-14</field>
	<field name="duration">94 min</field>
	<field name="listed_in">Documentaries</field>
	<field name="description">This moving documentary chronicles the unshakeable romance between a couple who met and fell in love while imprisoned in a Nazi concentration camp.</field>
</item><item>
	<field name="show_id">70043308</field>
	<field name="title">Open Season</field>
	<field name="director">Roger Allers, Jill Culton</field>
	<field name="cast">Martin Lawrence, Ashton Kutcher, Gary Sinise, Debra Messing, Billy Connolly, Georgia Engel, Jon Favreau, Jane Krakowski, Gordon Tootoosis, Patrick Warburton</field>
	<field name="country">United States</field>
	<field name="date_added">September 1, 2019</field>
	<field name="rating">PG</field>
	<field name="duration">86 min</field>
	<field name="listed_in">Children & Family Movies, Comedies</field>
	<field name="description">After saving a deer from a hunter's clutches, a domesticated grizzly finds himself relocated to the wild – and unprepared for the real world.</field>
</item><item>
	<field name="show_id">70044697</field>
	<field name="title">Poseidon</field>
	<field name="director">Wolfgang Petersen</field>
	<field name="cast">Josh Lucas, Kurt Russell, Jacinda Barrett, Richard Dreyfuss, Emmy Rossum, Mía Maestro, Mike Vogel, Kevin Dillon, Freddy Rodríguez</field>
	<field name="country">United States</field>
	<field name="date_added">September 1, 2019</field>
	<field name="rating">PG-13</field>
	<field name="duration">98 min</field>
	<field name="listed_in">Action & Adventure, Dramas</field>
	<field name="description">A tidal wave spells disaster for a ship of New Year's Eve revelers when it capsizes the mammoth vessel, sending passengers into a battle for survival.</field>
</item><item>
	<field name="show_id">70043303</field>
	<field name="title">The Lake House</field>
	<field name="director">Alejandro Agresti</field>
	<field name="cast">Keanu Reeves, Sandra Bullock, Dylan Walsh, Shohreh Aghdashloo, Ebon Moss-Bachrach, Lynn Collins, Willeke van Ammelrooy, Christopher Plummer</field>
	<field name="country">United States</field>
	<field name="date_added">September 1, 2019</field>
	<field name="rating">PG</field>
	<field name="duration">98 min</field>
	<field name="listed_in">Dramas, Romantic Movies, Sci-Fi & Fantasy</field>
	<field name="description">A lonely doctor begins writing letters to the frustrated architect who lives in her former home, only to discover that they're living two years apart.</field>
</item><item>
	<field name="show_id">70068739</field>
	<field name="title">Brother's Shadow</field>
	<field name="director">Todd S. Yellin</field>
	<field name="cast">Scott Cohen, Judd Hirsch, Susan Floyd, Elliot Korte, Ruben Santiago-Hudson, James Murtaugh, Ato Essandoh, Toby Poser, Diane Kagan, John Di Benedetto, Jerry Matz, Lisa Emery</field>
	<field name="country">United States</field>
	<field name="date_added">September 1, 2017</field>
	<field name="rating">TV-14</field>
	<field name="duration">90 min</field>
	<field name="listed_in">Dramas, Independent Movies</field>
	<field name="description">After serving time in jail, a disgraced son returns to the family business in New York, where he struggles to fill the shoes of his late twin brother.</field>
</item><item>
	<field name="show_id">70108386</field>
	<field name="title">Naruto the Movie 3: Guardians of the Crescent Moon Kingdom</field>
	<field name="director">Toshiyuki Tsuru</field>
	<field name="cast">Junko Takeuchi, Chie Nakamura, Yoichi Masukawa, Kazuhiko Inoue, Akio Otsuka, Kyousuke Ikeda, Naya Rokurô, Marika Hayashi, Hisao Egawa, Kenji Hamada, Haruhi Nanao</field>
	<field name="country">Japan</field>
	<field name="date_added">September 1, 2017</field>
	<field name="rating">NR</field>
	<field name="duration">95 min</field>
	<field name="listed_in">Action & Adventure, Anime Features, International Movies</field>
	<field name="description">Exuberant ninja Naruto teams up with his pals Sakura and Kakashi to escort Prince Michiru and his son, Hikaru, to the Crescent Moon kingdom.</field>
</item><item>
	<field name="show_id">70082255</field>
	<field name="title">Dragon Tiger Gate</field>
	<field name="director">Wilson Yip</field>
	<field name="cast">Donnie Yen, Nicholas Tse, Shawn Yue, Dong Jie, Li Xiaoran, Yuen Wah, Chen Kuan Tai, Xing Yu, Vincent Sze, Tommy Yuen</field>
	<field name="country">Hong Kong, China</field>
	<field name="date_added">October 27, 2018</field>
	<field name="rating">TV-MA</field>
	<field name="duration">94 min</field>
	<field name="listed_in">Action & Adventure, International Movies</field>
	<field name="description">Dragon and his fellow students at Dragon Tiger Gate martial arts school team up to battle the ferocious villain Shibumi.</field>
</item><item>
	<field name="show_id">70049619</field>
	<field name="title">Humko Deewana Kar Gaye</field>
	<field name="director">Raj Kanwar</field>
	<field name="cast">Akshay Kumar, Katrina Kaif, Bipasha Basu, Bhagyashree, Shernaz Patel, Vivek Shaq, Mahesh Thakur, Ranjeet, Nina Kulkarni, Puneet Issar, Anju Mahendru, Manoj Joshi, Anil Kapoor</field>
	<field name="country">India</field>
	<field name="date_added">October 22, 2017</field>
	<field name="rating">TV-PG</field>
	<field name="duration">149 min</field>
	<field name="listed_in">International Movies, Music & Musicals, Romantic Movies</field>
	<field name="description">Two kindred spirits who are betrothed to others must decide whether to go through with arranged marriages or brush aside convention for true love.</field>
</item><item>
	<field name="show_id">70041963</field>
	<field name="title">Superman Returns</field>
	<field name="director">Bryan Singer</field>
	<field name="cast">Brandon Routh, Kate Bosworth, Kevin Spacey, James Marsden, Parker Posey, Frank Langella, Sam Huntington, Eva Marie Saint, Marlon Brando, Kal Penn</field>
	<field name="country">United States</field>
	<field name="date_added">October 1, 2019</field>
	<field name="rating">PG-13</field>
	<field name="duration">154 min</field>
	<field name="listed_in">Action & Adventure, Sci-Fi & Fantasy</field>
	<field name="description">When Superman returns to Metropolis, he finds that Lois Lane has moved on to another man and Lex Luthor is developing a new plan to rule the world.</field>
</item><item>
	<field name="show_id">70044605</field>
	<field name="title">The Pursuit of Happyness</field>
	<field name="director">Gabriele Muccino</field>
	<field name="cast">Will Smith, Jaden Smith, Thandie Newton, Brian Howe, James Karen, Dan Castellaneta, Kurt Fuller, Takayo Fischer</field>
	<field name="country">United States</field>
	<field name="date_added">October 1, 2019</field>
	<field name="rating">PG-13</field>
	<field name="duration">117 min</field>
	<field name="listed_in">Dramas</field>
	<field name="description">When Chris and his son are evicted, they face trying times as a desperate Chris accepts an unpaid internship at a stock brokerage firm.</field>
</item><item>
	<field name="show_id">70053456</field>
	<field name="title">Unaccompanied Minors</field>
	<field name="director">Paul Feig</field>
	<field name="cast">Lewis Black, Wilmer Valderrama, Tyler James Williams, Gia Mantegna, Dyllan Christopher, Brett Kelly, Quinn Shephard, Paget Brewster, Rob Corddry, Dominique Saldaña</field>
	<field name="country">United States</field>
	<field name="date_added">October 1, 2019</field>
	<field name="rating">PG</field>
	<field name="duration">90 min</field>
	<field name="listed_in">Children & Family Movies, Comedies</field>
	<field name="description">Five disparate kids, snowed in at the airport on Christmas Eve, try to get back to their families and outsmart a disgruntled airport official.</field>
</item><item>
	<field name="show_id">70044693</field>
	<field name="title">World Trade Center</field>
	<field name="director">Oliver Stone</field>
	<field name="cast">Nicolas Cage, Michael Peña, Maggie Gyllenhaal, Maria Bello, Stephen Dorff, Jay Hernandez, Michael Shannon, Frank Whaley, Jon Bernthal, Morgan Flynn, Nick Damici, Viola Davis, William Mapother</field>
	<field name="country">United States</field>
	<field name="date_added">November 20, 2019</field>
	<field name="rating">PG-13</field>
	<field name="duration">129 min</field>
	<field name="listed_in">Action & Adventure, Dramas</field>
	<field name="description">Working under treacherous conditions, an army of dedicated rescuers struggles to find anyone who survived the World Trade Center's tragic collapse.</field>
</item><item>
	<field name="show_id">70044870</field>
	<field name="title">16 Blocks</field>
	<field name="director">Richard Donner</field>
	<field name="cast">Bruce Willis, Mos Def, David Morse, Jenna Stern, Cylk Cozart, Casey Sander, David Zayas, Robert Racki, Patrick Garrow, Sasha Roiz</field>
	<field name="country">United States, Germany</field>
	<field name="date_added">November 1, 2019</field>
	<field name="rating">PG-13</field>
	<field name="duration">102 min</field>
	<field name="listed_in">Action & Adventure</field>
	<field name="description">Tasked with escorting a prosecution witness to court, an aging cop gears up for the 16-block trek – but they'll be lucky to make it there alive.</field>
</item><item>
	<field name="show_id">70044595</field>
	<field name="title">Monster House</field>
	<field name="director">Gil Kenan</field>
	<field name="cast">Mitchel Musso, Sam Lerner, Spencer Locke, Steve Buscemi, Kathleen Turner, Jason Lee, Jon Heder, Maggie Gyllenhaal, Catherine O'Hara, Fred Willard, Nick Cannon, Kevin James</field>
	<field name="country">United States</field>
	<field name="date_added">November 1, 2019</field>
	<field name="rating">PG</field>
	<field name="duration">91 min</field>
	<field name="listed_in">Children & Family Movies, Comedies</field>
	<field name="description">Three friends uncover the truth about a scary abandoned house in their neighborhood that has a personality of its own and seems to be eating people.</field>
</item><item>
	<field name="show_id">70044883</field>
	<field name="title">Nacho Libre</field>
	<field name="director">Jared Hess</field>
	<field name="cast">Jack Black, Ana de la Reguera, Héctor Jiménez, Darius Rose, Moises Arias, Diego Eduardo Gomez, Carlos Maycotte, Richard Montoya, Cesar Gonzalez, Rafael Montalvo</field>
	<field name="country">United States, Mexico</field>
	<field name="date_added">November 1, 2019</field>
	<field name="rating">PG</field>
	<field name="duration">92 min</field>
	<field name="listed_in">Comedies, Sports Movies</field>
	<field name="description">When Ignacio learns of an orphanage's financial woes, he pitches in to help – by disguising himself and joining the professional wrestling circuit.</field>
</item><item>
	<field name="show_id">70052249</field>
	<field name="title">Chup Chup Ke</field>
	<field name="director">Priyadarshan, Kookie V. Gulati</field>
	<field name="cast">Shahid Kapoor, Kareena Kapoor, Om Puri, Neha Dhupia, Sunil Shetty, Paresh Rawal, Rajpal Yadav, Shakti Kapoor</field>
	<field name="country">India</field>
	<field name="date_added">November 1, 2018</field>
	<field name="rating">TV-14</field>
	<field name="duration">158 min</field>
	<field name="listed_in">Comedies, Dramas, International Movies</field>
	<field name="description">Mistaking a broke, small-time hustler for a millionaire, two bumbling fishermen hatch a scheme to use him to help pay off their debts.</field>
</item><item>
	<field name="show_id">70056663</field>
	<field name="title">Katt Williams: The Pimp Chronicles: Pt. 1</field>
	<field name="director">Gary Binkow</field>
	<field name="cast">Katt Williams, Anthony Anderson</field>
	<field name="country">United States</field>
	<field name="date_added">November 1, 2018</field>
	<field name="rating">TV-MA</field>
	<field name="duration">45 min</field>
	<field name="listed_in">Stand-Up Comedy</field>
	<field name="description">In this 2006 show, comic Katt Williams uses his edgy style and personal experiences to paint a sassy, hilarious portrait of life in black America.</field>
</item><item>
	<field name="show_id">70045644</field>
	<field name="title">Koi Aap Sa</field>
	<field name="director">Partho Mitra</field>
	<field name="cast">Aftab Shivdasani, Natassha, Dipannita Sharma, Himanshu Mallik, Vaidya Advai, Pushy Anand, Shama Deshpande, Rajendra Gupta</field>
	<field name="country">India</field>
	<field name="date_added">May 31, 2019</field>
	<field name="rating">TV-14</field>
	<field name="duration">135 min</field>
	<field name="listed_in">Comedies, International Movies, Music & Musicals</field>
	<field name="description">Star athlete Rohan has his eye on a beautiful art student. But when his best friend Simran experiences a crisis, he drops everything to help her.</field>
</item><item>
	<field name="show_id">80160033</field>
	<field name="title">P</field>
	<field name="director">Paul Spurrier</field>
	<field name="cast">Suangporn Jaturaphut, Opal, Dor Yodrak, Pisamai Pakdeevijit, Manthana Wannarod, Supatra Roongsawang, Narisara Sairatanee, Amy Siriya</field>
	<field name="country">United Kingdom, Thailand</field>
	<field name="date_added">May 31, 2019</field>
	<field name="rating">TV-MA</field>
	<field name="duration">105 min</field>
	<field name="listed_in">Horror Movies, International Movies</field>
	<field name="description">An orphan girl taught magic by her sick grandma must find work in seedy Bangkok, where unsavory characters run afoul of her increasingly dark powers.</field>
</item><item>
	<field name="show_id">70051671</field>
	<field name="title">Employee of the Month</field>
	<field name="director">Greg Coolidge</field>
	<field name="cast">Dane Cook, Jessica Simpson, Dax Shepard, Andy Dick, Tim Bagley, Brian George, Efren Ramirez, Marcello Thedford, Danny Woodburn, Harland Williams</field>
	<field name="country">United States</field>
	<field name="date_added">March 31, 2019</field>
	<field name="rating">PG-13</field>
	<field name="duration">108 min</field>
	<field name="listed_in">Comedies, Romantic Movies</field>
	<field name="description">Warehouse workers Vince and Zack compete in a full-on war to be named Employee of the Month and win a date with their dream girl.</field>
</item><item>
	<field name="show_id">70069233</field>
	<field name="title">Trailer Park Boys: The Movie</field>
	<field name="director">Mike Clattenburg</field>
	<field name="cast">Robb Wells, John Paul Tremblay, Mike Smith, Lucy Decoutere, Lydia Lawson-Baird, Cory Bowles, Michael Jackson, Gord Downie, Alex Lifeson, Gerry Dee, Glen Grant, Eugene Clark, Barrie Dunn, John Dunsworth, Patrick Roach</field>
	<field name="country">Canada</field>
	<field name="date_added">March 30, 2018</field>
	<field name="rating">R</field>
	<field name="duration">95 min</field>
	<field name="listed_in">Comedies, Cult Movies</field>
	<field name="description">In this feature-length adventure, Ricky, Julian and Bubbles – just out of jail – plan the lamest scheme yet: to get rich by stealing tons of change.</field>
</item><item>
	<field name="show_id">70060865</field>
	<field name="title">The Wedding Curse</field>
	<field name="director">Chito S. Roño</field>
	<field name="cast">Kris Aquino, Claudine Barretto, Boots Anson-Roa, Glaiza De Castro, Jhong Hilario, Liza Lorena, Bernard Palanca, Wendell Ramos, Maja Salvador, Ronaldo Valdez</field>
	<field name="country">Philippines</field>
	<field name="date_added">March 21, 2019</field>
	<field name="rating">TV-PG</field>
	<field name="duration">101 min</field>
	<field name="listed_in">Horror Movies, International Movies</field>
	<field name="description">Two weddings marred by tragedy lead the respective brides to believe that that they've been cursed by an old cultural superstition.</field>
</item><item>
	<field name="show_id">70045356</field>
	<field name="title">Jeff Dunham: Arguing with Myself</field>
	<field name="director">Manny Rodriguez</field>
	<field name="cast">Jeff Dunham</field>
	<field name="country">United States</field>
	<field name="date_added">March 15, 2019</field>
	<field name="rating">NR</field>
	<field name="duration">69 min</field>
	<field name="listed_in">Stand-Up Comedy</field>
	<field name="description">Playing straight man to partners half his size, ventriloquist Jeff Dunham – one of America's funniest comics – slays audiences across the country.</field>
</item><item>
	<field name="show_id">70056425</field>
	<field name="title">The Lives of Others</field>
	<field name="director">Florian Henckel von Donnersmarck</field>
	<field name="cast">Ulrich Mühe, Martina Gedeck, Sebastian Koch, Ulrich Tukur, Thomas Thieme, Hans-Uwe Bauer, Volkmar Kleinert, Matthias Brenner, Charly Hübner</field>
	<field name="country">Germany</field>
	<field name="date_added">March 15, 2019</field>
	<field name="rating">R</field>
	<field name="duration">138 min</field>
	<field name="listed_in">Dramas, International Movies, Thrillers</field>
	<field name="description">As a secret police agent eavesdrops on a successful writer in East Germany in 1984, he becomes increasingly fascinated by the man's life and politics.</field>
</item><item>
	<field name="show_id">70095265</field>
	<field name="title">Bon Cop, Bad Cop</field>
	<field name="director">Erik Canuel</field>
	<field name="cast">Patrick Huard, Colm Feore, Sylvain Marcel, Lucie Laurier, Pierre Lebeau, Ron Lea, Sarain Boylan, Louis-José Houde</field>
	<field name="country">Canada</field>
	<field name="date_added">March 15, 2017</field>
	<field name="rating">R</field>
	<field name="duration">117 min</field>
	<field name="listed_in">Action & Adventure, Comedies, International Movies</field>
	<field name="description">An English-speaking officer from Toronto and a French-speaking cop from Montreal are forced to work together to solve a crime.</field>
</item><item>
	<field name="show_id">80134524</field>
	<field name="title">Hokkabaz</field>
	<field name="director">Ali Taner Baltacı, Cem Yılmaz</field>
	<field name="cast">Cem Yılmaz, Mazhar Alanson, Özlem Tekin, Tuna Orhan, Tuncer Salman, Kemal İnci, Gürgen Öz, Caner Alkaya, Ayçe Abana, Bahtiyar Engin</field>
	<field name="country">Turkey</field>
	<field name="date_added">March 10, 2017</field>
	<field name="rating">TV-MA</field>
	<field name="duration">118 min</field>
	<field name="listed_in">Comedies, Dramas, International Movies</field>
	<field name="description">Trying to resurrect his career, not-so-talented magician Iskender goes on tour, but things get iffy when one of his illusions works a little too well.</field>
</item><item>
	<field name="show_id">70048905</field>
	<field name="title">Iqbal</field>
	<field name="director">Nagesh Kukunoor</field>
	<field name="cast">Shreyas Talpade, Naseeruddin Shah, Girish Karnad, Shweta Prasad, Yatin Karyekar, Prateeksha Lonkar, Dilip Salgaonkar, Jyoti Joshi, Aadarsh Balakrishna, Gururaj Manepalli</field>
	<field name="country">India</field>
	<field name="date_added">March 1, 2018</field>
	<field name="rating">TV-Y7</field>
	<field name="duration">127 min</field>
	<field name="listed_in">Dramas, Independent Movies, International Movies</field>
	<field name="description">A boy with a hearing and speech impairment – and extraordinary athletic ability – chases his lifelong dream of playing cricket for India.</field>
</item><item>
	<field name="show_id">70074315</field>
	<field name="title">Chronicle of an Escape</field>
	<field name="director">Israel Adrián Caetano</field>
	<field name="cast">Rodrigo de la Serna, Pablo Echarri, Nazareno Casero, Lautaro Delgado, Matías Marmorato, Martín Urruty, César Albarracín, Guillermo Fernandez, Daniel Di Biase</field>
	<field name="country">Argentina</field>
	<field name="date_added">June 15, 2018</field>
	<field name="rating">R</field>
	<field name="duration">104 min</field>
	<field name="listed_in">Dramas, International Movies, Thrillers</field>
	<field name="description">Soccer goalie Claudio Tamburrini is kidnapped by the Argentine military. Several months later, he joins other prisoners in planning a daring escape.</field>
</item><item>
	<field name="show_id">70074100</field>
	<field name="title">All the Boys Love Mandy Lane</field>
	<field name="director">Jonathan Levine</field>
	<field name="cast">Anson Mount, Edwin Hodge, Michael Welch, Brooke Bloom, Amber Heard, Aaron Himelstein, Whitney Able, Luke Grimes, Melissa Price</field>
	<field name="country">United States</field>
	<field name="date_added">July 3, 2018</field>
	<field name="rating">R</field>
	<field name="duration">91 min</field>
	<field name="listed_in">Horror Movies</field>
	<field name="description">During a weekend excursion to a secluded ranch, an unwelcome visitor begins picking off the randy admirers of teenage temptress Mandy Lane.</field>
</item><item>
	<field name="show_id">70053885</field>
	<field name="title">Katt Williams: Live</field>
	<field name="director">Alphonso J. Wesson</field>
	<field name="cast">Katt Williams</field>
	<field name="country">United States</field>
	<field name="date_added">July 19, 2018</field>
	<field name="rating">NR</field>
	<field name="duration">85 min</field>
	<field name="listed_in">Stand-Up Comedy</field>
	<field name="description">Outspoken comedian Katt Williams pokes fun at a variety of topics, including sex, relationships, parenthood and trying to make it as an entertainer.</field>
</item><item>
	<field name="show_id">70042688</field>
	<field name="title">The Break-Up</field>
	<field name="director">Peyton Reed</field>
	<field name="cast">Vince Vaughn, Jennifer Aniston, Joey Lauren Adams, Cole Hauser, Jon Favreau, Jason Bateman, Judy Davis, Justin Long, Ivan Sergei, John Michael Higgins, Ann-Margret, Vernon Vaughn, Vincent D'Onofrio</field>
	<field name="country">United States</field>
	<field name="date_added">July 16, 2019</field>
	<field name="rating">PG-13</field>
	<field name="duration">107 min</field>
	<field name="listed_in">Comedies, Dramas, Romantic Movies</field>
	<field name="description">Cohabitating couple Gary and Brooke's petty spats turn into an all-out battle for their home condo.</field>
</item><item>
	<field name="show_id">70044688</field>
	<field name="title">Lady in the Water</field>
	<field name="director">M. Night Shyamalan</field>
	<field name="cast">Paul Giamatti, Bryce Dallas Howard, Jeffrey Wright, Bob Balaban, Sarita Choudhury, Cindy Cheung, M. Night Shyamalan, Freddy Rodríguez, Bill Irwin, Mary Beth Hurt</field>
	<field name="country">United States</field>
	<field name="date_added">July 1, 2019</field>
	<field name="rating">PG-13</field>
	<field name="duration">110 min</field>
	<field name="listed_in">Sci-Fi & Fantasy, Thrillers</field>
	<field name="description">When an apartment building manager discovers a water nymph in the complex's swimming pool, he tries to help her return to her mythical home.</field>
</item><item>
	<field name="show_id">70021654</field>
	<field name="title">The Pink Panther</field>
	<field name="director">Shawn Levy</field>
	<field name="cast">Steve Martin, Kevin Kline, Beyoncé Knowles-Carter, Jean Reno, Emily Mortimer, Henry Czerny, Kristin Chenoweth, Roger Rees, Philip Goodwin, Henri Garcin, William Abadie</field>
	<field name="country">United States, Czech Republic</field>
	<field name="date_added">July 1, 2019</field>
	<field name="rating">PG</field>
	<field name="duration">93 min</field>
	<field name="listed_in">Children & Family Movies, Comedies</field>
	<field name="description">Bumbling Inspector Clouseau must solve the murder of a world-famous soccer coach and catch the thief who stole his priceless diamond ring.</field>
</item><item>
	<field name="show_id">70055855</field>
	<field name="title">Anthony Kaun Hai?</field>
	<field name="director">Raj Kaushal</field>
	<field name="cast">Sanjay Dutt, Arshad Warsi, Minissha Lamba, Raghuvir Yadav, Anusha Dhandekar, Gulshan Grover, Ravi Baswani</field>
	<field name="country">India</field>
	<field name="date_added">July 1, 2018</field>
	<field name="rating">TV-14</field>
	<field name="duration">122 min</field>
	<field name="listed_in">Comedies, Dramas, International Movies</field>
	<field name="description">A forger uses a fake identity in trying to retrieve stolen diamonds buried in a penitentiary, unaware a mob assassin is on the trail of his phony alias.</field>
</item><item>
	<field name="show_id">70057519</field>
	<field name="title">Loving Annabelle</field>
	<field name="director">Katherine Brooks</field>
	<field name="cast">Erin Kelly, Diane Gaidry, Laura Breckenridge, Michelle Horn, Gustine Fudickar, Ilene Graff, Kevin McCarthy, Markus Flanagan</field>
	<field name="country">United States</field>
	<field name="date_added">July 1, 2018</field>
	<field name="rating">TV-MA</field>
	<field name="duration">77 min</field>
	<field name="listed_in">Dramas, Independent Movies, LGBTQ Movies</field>
	<field name="description">An esteemed young poetry teacher at a Catholic boarding school risks everything when she engages in a feverish affair with a female student.</field>
</item><item>
	<field name="show_id">80114700</field>
	<field name="title">Stealing History</field>
	<field name="director">Ola Flyum, David Hebditch</field>
	<field name="cast">Nicolas Hope</field>
	<field name="country">United States</field>
	<field name="date_added">July 1, 2016</field>
	<field name="rating">TV-PG</field>
	<field name="duration">52 min</field>
	<field name="listed_in">Documentaries, International Movies</field>
	<field name="description">Journalists expose how smugglers, dealers, collectors and scholars promote plunder of ancient artifacts from war-torn Iraq, Afghanistan and Pakistan.</field>
</item><item>
	<field name="show_id">81221873</field>
	<field name="title">Zoom</field>
	<field name="director">Peter Hewitt</field>
	<field name="cast">Tim Allen, Courteney Cox, Chevy Chase, Kate Mara, Ryan Newman, Michael Cassidy, Spencer Breslin, Rip Torn, Kevin Zegers</field>
	<field name="country">United States</field>
	<field name="date_added">January 11, 2020</field>
	<field name="rating">PG</field>
	<field name="duration">88 min</field>
	<field name="listed_in">Children & Family Movies, Comedies</field>
	<field name="description">Dragged from civilian life, a former superhero must train a new crop of youthful saviors when the military preps for an attack by a familiar villain.</field>
</item><item>
	<field name="show_id">70041162</field>
	<field name="title">Click</field>
	<field name="director">Frank Coraci</field>
	<field name="cast">Adam Sandler, Kate Beckinsale, Christopher Walken, David Hasselhoff, Henry Winkler, Julie Kavner, Sean Astin, Joseph Castanon, Jonah Hill, Jake Hoffman, Jennifer Coolidge</field>
	<field name="country">United States</field>
	<field name="date_added">January 1, 2020</field>
	<field name="rating">PG-13</field>
	<field name="duration">108 min</field>
	<field name="listed_in">Comedies, Sci-Fi & Fantasy</field>
	<field name="description">Overworked Michael Newman stumbles on a universal remote control that gives him the power to pause or fast-forward through scenes in his life.</field>
</item><item>
	<field name="show_id">70042687</field>
	<field name="title">Final Destination 3</field>
	<field name="director">James Wong</field>
	<field name="cast">Mary Elizabeth Winstead, Ryan Merriman, Kris Lemche, Alexz Johnson, Sam Easton, Jesse Moss, Gina Holden, Texas Battle, Chelan Simmons, Crystal Lowe, Amanda Crew</field>
	<field name="country">United States, Germany</field>
	<field name="date_added">January 1, 2020</field>
	<field name="rating">R</field>
	<field name="duration">93 min</field>
	<field name="listed_in">Horror Movies</field>
	<field name="description">When a girl prevents her premonition of a deadly roller-coaster mishap from coming true, the survivors must face the consequences of cheating death.</field>
</item><item>
	<field name="show_id">70050507</field>
	<field name="title">Pan's Labyrinth</field>
	<field name="director">Guillermo del Toro</field>
	<field name="cast">Ivana Baquero, Sergi López, Maribel Verdú, Doug Jones, Ariadna Gil, Álex Angulo, Manolo Solo, César Vea, Roger Casamajor, Sergi Lopez</field>
	<field name="country">Mexico, Spain</field>
	<field name="date_added">January 1, 2020</field>
	<field name="rating">R</field>
	<field name="duration">119 min</field>
	<field name="listed_in">Dramas, International Movies, Sci-Fi & Fantasy</field>
	<field name="description">Young Ofelia meets a mythical faun who claims she is destined to become princess of the Underworld. But first she must carry out three perilous tasks.</field>
</item><item>
	<field name="show_id">70045866</field>
	<field name="title">Babel</field>
	<field name="director">Alejandro G. Iñárritu</field>
	<field name="cast">Brad Pitt, Cate Blanchett, Gael García Bernal, Koji Yakusho, Adriana Barraza, Rinko Kikuchi, Said Tarchani, Boubker Ait El Caid, Elle Fanning, Nathan Gamble, Mohamed Akhzam</field>
	<field name="country">France, United States, Mexico</field>
	<field name="date_added">January 1, 2019</field>
	<field name="rating">R</field>
	<field name="duration">143 min</field>
	<field name="listed_in">Dramas, Independent Movies</field>
	<field name="description">When an American couple vacationing in Morocco falls victim to a random act of violence, a series of events unfolds across four countries.</field>
</item><item>
	<field name="show_id">80201626</field>
	<field name="title">Badha</field>
	<field name="director">Sumitra Bhave, Sunil Sukthankar</field>
	<field name="cast">Amruta Subhash, Rajesh More, Devika Daftardar, Renuka Daftardar, Uttara Baokar, Jyoti Subhash, Milind Shinde, Sachin Mondkar</field>
	<field name="country">India</field>
	<field name="date_added">January 1, 2018</field>
	<field name="rating">TV-14</field>
	<field name="duration">91 min</field>
	<field name="listed_in">Dramas, International Movies</field>
	<field name="description">A young woman who is suspected of practicing black magic and witchcraft is demonized and forced to live apart from her family.</field>
</item><item>
	<field name="show_id">70114043</field>
	<field name="title">Yanda Kartavya Aahe</field>
	<field name="director">Kedar Shinde</field>
	<field name="cast">Ankush Choudhary, Smita Shewale, Mohan Joshi, Atmaram Bhende, Asha Bhende</field>
	<field name="country">India</field>
	<field name="date_added">January 1, 2018</field>
	<field name="rating">TV-PG</field>
	<field name="duration">151 min</field>
	<field name="listed_in">Comedies, Dramas, International Movies</field>
	<field name="description">Thanks to an arranged marriage that was designed to make an ailing grandmother happy, newlyweds Rahul and Swati are virtually strangers. Can a four-day honeymoon make a difference when it comes to the couple's feelings about each other?</field>
</item><item>
	<field name="show_id">70053412</field>
	<field name="title">To and From New York</field>
	<field name="director">Sorin Dan Mihalcescu</field>
	<field name="cast">Barbara King, Shaana Diya, John Krisiukenas, Yoriko Haraguchi, David Crane, Chad Thomas</field>
	<field name="country">United States</field>
	<field name="date_added">January 1, 2008</field>
	<field name="rating">NR</field>
	<field name="duration">81 min</field>
	<field name="listed_in">Dramas, Independent Movies, Thrillers</field>
	<field name="description">While covering a story in New York City, a Seattle-based reporter uncovers a link between two missing women that changes her article entirely.</field>
</item><item>
	<field name="show_id">70039645</field>
	<field name="title">Zach Galifianakis: Live at the Purple Onion</field>
	<field name="director">Michael Blieden</field>
	<field name="cast">Zach Galifianakis, Brian Unger</field>
	<field name="country">United States</field>
	<field name="date_added">February 26, 2019</field>
	<field name="rating">TV-MA</field>
	<field name="duration">61 min</field>
	<field name="listed_in">Stand-Up Comedy</field>
	<field name="description">The unorthodox, piano-playing stand-up star Zach Galifianakis makes a splash on the scene and serves up a healthy dose of his signature wit.</field>
</item><item>
	<field name="show_id">70056686</field>
	<field name="title">Pyaar Ke Side Effects</field>
	<field name="director">Saket Chaudhary</field>
	<field name="cast">Rahul Bose, Mallika Sherawat, Ranvir Shorey, Sharat Saxena, Aamir Bashir, Taraana Raja, Jas Arora, Suchitra Pillai, Sapna Bhavnani, Sophiya Chaudhary</field>
	<field name="country">India</field>
	<field name="date_added">February 15, 2019</field>
	<field name="rating">TV-14</field>
	<field name="duration">120 min</field>
	<field name="listed_in">Comedies, International Movies, Romantic Movies</field>
	<field name="description">A commitment-phobe agrees to marry his girlfriend, setting in motion a series of hilarious mishaps that has him questioning what he got himself into.</field>
</item><item>
	<field name="show_id">80201816</field>
	<field name="title">Matichya Chuli</field>
	<field name="director">Sudesh Manjrekar, Atul Kale</field>
	<field name="cast">Sudhir Joshi, Vandana Gupte, Ankush Chaudhari, Madhura Velankar, Sanjay Mone, Anand Abhyankar</field>
	<field name="country">India</field>
	<field name="date_added">February 15, 2018</field>
	<field name="rating">TV-14</field>
	<field name="duration">132 min</field>
	<field name="listed_in">Comedies, Dramas, International Movies</field>
	<field name="description">A jealous, possessive mother thinks she is competing with her new daughter-in-law for the affections of her overindulged son.</field>
</item><item>
	<field name="show_id">70063484</field>
	<field name="title">The Secret</field>
	<field name="director">Drew Heriot</field>
	<field name="cast">nan</field>
	<field name="country">Australia, United States</field>
	<field name="date_added">December 7, 2017</field>
	<field name="rating">TV-PG</field>
	<field name="duration">91 min</field>
	<field name="listed_in">Documentaries, Faith & Spirituality</field>
	<field name="description">An assembly of writers, philosophers and scientists share The Secret, which reputedly brought success to Plato, da Vinci, Einstein and other greats.</field>
</item><item>
	<field name="show_id">70056728</field>
	<field name="title">Ahista Ahista</field>
	<field name="director">Shivam Nair</field>
	<field name="cast">Abhay Deol, Soha Ali Khan, Shayan Munshi, Kamini Khanna, Sohrab Ardeshir, Murad Ali, Shakeel Khan, Natasha Sinha, Brijendra Kala</field>
	<field name="country">India</field>
	<field name="date_added">December 31, 2019</field>
	<field name="rating">TV-14</field>
	<field name="duration">122 min</field>
	<field name="listed_in">Dramas, International Movies, Romantic Movies</field>
	<field name="description">Stood up by her groom at the altar, a young woman finds help and healing from another man – until her ex-fiancé returns, hoping to win her back.</field>
</item><item>
	<field name="show_id">70062701</field>
	<field name="title">Bhagam Bhag</field>
	<field name="director">Priyadarshan</field>
	<field name="cast">Akshay Kumar, Govinda, Lara Dutta, Paresh Rawal, Rajpal Yadav, Jackie Shroff, Arbaaz Khan, Tanushree Dutta, Asrani, Shakti Kapoor</field>
	<field name="country">India</field>
	<field name="date_added">December 31, 2019</field>
	<field name="rating">TV-14</field>
	<field name="duration">151 min</field>
	<field name="listed_in">Comedies, International Movies, Romantic Movies</field>
	<field name="description">A theater group lands in trouble when its new actress takes her own life, two of its members are framed for murder and no one is who they appear to be.</field>
</item><item>
	<field name="show_id">70059328</field>
	<field name="title">Deadline: Sirf 24 Ghante</field>
	<field name="director">Tanveer Khan</field>
	<field name="cast">Irrfan Khan, Konkona Sen Sharma, Rajit Kapoor, Sandhya Mridul, Zakir Hussain, Rajeev Verma, Princey Shukla</field>
	<field name="country">India</field>
	<field name="date_added">December 31, 2019</field>
	<field name="rating">TV-14</field>
	<field name="duration">97 min</field>
	<field name="listed_in">Independent Movies, International Movies, Thrillers</field>
	<field name="description">A surgeon’s perfect life is rattled when his daughter is taken hostage in their own home and he's given 24 hours to pay a hefty ransom.</field>
</item><item>
	<field name="show_id">70054380</field>
	<field name="title">Golmaal: Fun Unlimited</field>
	<field name="director">Rohit Shetty</field>
	<field name="cast">Ajay Devgn, Tusshar Kapoor, Arshad Warsi, Sharman Joshi, Paresh Rawal, Rimi Sen, Sushmita Mukherjee, Vrajesh Hirjee</field>
	<field name="country">India</field>
	<field name="date_added">December 31, 2019</field>
	<field name="rating">TV-14</field>
	<field name="duration">148 min</field>
	<field name="listed_in">Comedies, International Movies</field>
	<field name="description">Between thwarting crooks and wooing the belle next door, four pranksters get in over their heads when they bamboozle their way into a couple’s bungalow.</field>
</item><item>
	<field name="show_id">81213885</field>
	<field name="title">Jaan-E-Mann: Let's Fall in Love... Again</field>
	<field name="director">Shirish Kunder</field>
	<field name="cast">Salman Khan, Akshay Kumar, Preity Zinta, Anupam Kher, Aman Verma, Javed Sheikh, Soni Razdan, Nawab Shah</field>
	<field name="country">India</field>
	<field name="date_added">December 31, 2019</field>
	<field name="rating">TV-14</field>
	<field name="duration">163 min</field>
	<field name="listed_in">Dramas, International Movies, Romantic Movies</field>
	<field name="description">To avoid alimony payments, an aspiring actor schemes for his ex-wife to marry an unlikely suitor, but soon realizes he may not be ready to lose her.</field>
</item><item>
	<field name="show_id">70059026</field>
	<field name="title">Don</field>
	<field name="director">Farhan Akhtar</field>
	<field name="cast">Shah Rukh Khan, Priyanka Chopra, Arjun Rampal, Isha Koppikar, Kareena Kapoor, Boman Irani, Om Puri, Pavan Malhotra</field>
	<field name="country">India</field>
	<field name="date_added">December 15, 2019</field>
	<field name="rating">TV-MA</field>
	<field name="duration">169 min</field>
	<field name="listed_in">Action & Adventure, International Movies</field>
	<field name="description">A ruthless crime boss and drug lord is nabbed and held captive by the authorities, who send his naïve look-alike to infiltrate the man's gang.</field>
</item><item>
	<field name="show_id">70044689</field>
	<field name="title">The Departed</field>
	<field name="director">Martin Scorsese</field>
	<field name="cast">Leonardo DiCaprio, Matt Damon, Jack Nicholson, Mark Wahlberg, Martin Sheen, Ray Winstone, Vera Farmiga, Anthony Anderson, Alec Baldwin, Kevin Corrigan</field>
	<field name="country">United States</field>
	<field name="date_added">December 1, 2019</field>
	<field name="rating">R</field>
	<field name="duration">151 min</field>
	<field name="listed_in">Dramas, Thrillers</field>
	<field name="description">Two rookie Boston cops are sent deep undercover – one inside the gang of a charismatic Irish mob boss and the other double-crossing his own department.</field>
</item><item>
	<field name="show_id">70274390</field>
	<field name="title">Elephants Dream 4 Hour</field>
	<field name="director">Bassam Kurdali</field>
	<field name="cast">Cas Jansen, Tygo Gernandt</field>
	<field name="country">Netherlands</field>
	<field name="date_added">August 23, 2018</field>
	<field name="rating">TV-MA</field>
	<field name="duration">196 min</field>
	<field name="listed_in">International Movies, Sci-Fi & Fantasy</field>
	<field name="description">Friends Proog and Emo live in a capricious, seemingly infinite machine with a sinister purpose in this experimental computer-animated short.</field>
</item><item>
	<field name="show_id">70056059</field>
	<field name="title">Khosla Ka Ghosla</field>
	<field name="director">Dibakar Banerjee</field>
	<field name="cast">Anupam Kher, Boman Irani, Parvin Dabas, Tara Sharma, Navin Nischol, Kiran Juneja, Ranvir Shorey, Vinod Nagpal, Vinay Pathak, Nitish Pandey</field>
	<field name="country">India</field>
	<field name="date_added">August 2, 2018</field>
	<field name="rating">TV-14</field>
	<field name="duration">124 min</field>
	<field name="listed_in">Comedies, Dramas, International Movies</field>
	<field name="description">A cranky control freak must rely on his comically dysfunctional family to pull off a scam on a greedy land shark who's stolen his prized property.</field>
</item><item>
	<field name="show_id">70047320</field>
	<field name="title">Rang De Basanti</field>
	<field name="director">Rakeysh Omprakash Mehra</field>
	<field name="cast">Aamir Khan, Siddharth, Atul Kulkarni, Sharman Joshi, Kunal Kapoor, Alice Patten, Soha Ali Khan, Waheeda Rehman, Kiron Kher, Om Puri, Anupam Kher, Madhavan</field>
	<field name="country">India</field>
	<field name="date_added">August 2, 2018</field>
	<field name="rating">TV-MA</field>
	<field name="duration">159 min</field>
	<field name="listed_in">Dramas, International Movies</field>
	<field name="description">An idealistic English filmmaker casts a group of student actors in her docudrama about India's revolution against British rule in the 1920s.</field>
</item><item>
	<field name="show_id">70063591</field>
	<field name="title">Penelope</field>
	<field name="director">Mark Palansky</field>
	<field name="cast">Christina Ricci, James McAvoy, Catherine O'Hara, Peter Dinklage, Simon Woods</field>
	<field name="country">United Kingdom, United States</field>
	<field name="date_added">April 1, 2019</field>
	<field name="rating">PG</field>
	<field name="duration">89 min</field>
	<field name="listed_in">Children & Family Movies, Comedies, Romantic Movies</field>
	<field name="description">In this modern fairy tale, a young woman cursed with the nose of a pig lives her life in seclusion – until an unlikely beau stumbles onto the scene.</field>
</item>