<item>
	<field name="show_id">70204970</field>
	<field name="title">DEATH NOTE</field>
	<field name="director">nan</field>
	<field name="cast">Kappei Yamaguchi, Alessandro Juliani, Mamoru Miyano, Brad Swaile, Ai Satou, Saffron Henderson, Akeno Watanabe, Lisa Ann Beley, Aya Hirano, Shannon Chan-Kent, Haruka Kudo, Kelly Metzger, Hideo Ishikawa, Brian Dobson, Hiroki Takahashi, Sam Vincent, Shido Nakamura, Brian Drummond, Naoya Uchida, Chris Britton</field>
	<field name="country">Japan</field>
	<field name="date_added">October 15, 2016</field>
	<field name="rating">TV-14</field>
	<field name="duration">1 Season</field>
	<field name="listed_in">Anime Series, Crime TV Shows, International TV Shows</field>
	<field name="description">When a Japanese high schooler comes into possession of a mystical notebook, he finds he has the power to kill anybody whose name he enters in it.</field>
</item><item>
	<field name="show_id">70266992</field>
	<field name="title">Vientos de agua</field>
	<field name="director">nan</field>
	<field name="cast">Ernesto Alterio, Eduardo Blanco, Héctor Alterio, Darío Valenzuela, Pablo Rago, Angie Cepeda, Marta Etura, Giulia Michelini, Carlos Kaspar</field>
	<field name="country">Argentina, Spain</field>
	<field name="date_added">November 1, 2019</field>
	<field name="rating">TV-MA</field>
	<field name="duration">1 Season</field>
	<field name="listed_in">International TV Shows, Spanish-Language TV Shows, TV Dramas</field>
	<field name="description">José Olaya, a Spanish miner, emigrates to Argentina in 1934, while his son, an architect, moves to Spain after Argentina's economic collapse in 2001.</field>
</item><item>
	<field name="show_id">70213080</field>
	<field name="title">Power Rangers Mystic Force</field>
	<field name="director">nan</field>
	<field name="cast">Firass Dirani, Angie Diaz, Richard Brancatisano, Melanie Vallejo, Nic Sampson, John Tui, Peta Rutter, Antonia Prebble, Barnie Duncan, Kelson Henderson, Donogh Rees, Geoff Dolan, Holly Shanahan</field>
	<field name="country">United States</field>
	<field name="date_added">January 1, 2016</field>
	<field name="rating">TV-Y7-FV</field>
	<field name="duration">1 Season</field>
	<field name="listed_in">Kids' TV</field>
	<field name="description">When the wicked Undead Army is unleashed, sorceress Udonna empowers five teenagers – the Mystic Force Power Rangers – to save mankind.</field>
</item><item>
	<field name="show_id">80192950</field>
	<field name="title">The Real Football Factories</field>
	<field name="director">nan</field>
	<field name="cast">Danny Dyer</field>
	<field name="country">United Kingdom</field>
	<field name="date_added">December 29, 2017</field>
	<field name="rating">TV-MA</field>
	<field name="duration">1 Season</field>
	<field name="listed_in">British TV Shows, Docuseries, International TV Shows</field>
	<field name="description">Examine the troubling history of football hooliganism and hear from real hooligans about their bitter rivalries and rowdiest brawls.</field>
</item><item>
	<field name="show_id">70219642</field>
	<field name="title">Planet Earth: The Complete Collection</field>
	<field name="director">Alastair Fothergill</field>
	<field name="cast">David Attenborough</field>
	<field name="country">United Kingdom</field>
	<field name="date_added">April 22, 2015</field>
	<field name="rating">TV-PG</field>
	<field name="duration">1 Season</field>
	<field name="listed_in">British TV Shows, Docuseries, International TV Shows</field>
	<field name="description">This landmark series transports nature lovers from the Himalayan Mountains to the depths of the ocean and everywhere in between.</field>
</item><item>
	<field name="show_id">70205014</field>
	<field name="title">Ouran High School Host Club</field>
	<field name="director">Takuya Igarashi</field>
	<field name="cast">Maaya Sakamoto, Monica Rial, Vic Mignogna, Luci Christian, Mamoru Miyano, Kenichi Suzumura, Mike McFarland, Caitlin Glass, Ayaka Saito, Daisuke Kirii</field>
	<field name="country">Japan</field>
	<field name="date_added">April 1, 2017</field>
	<field name="rating">TV-14</field>
	<field name="duration">1 Season</field>
	<field name="listed_in">Anime Series, Romantic TV Shows, Teen TV Shows</field>
	<field name="description">New student Haruhi stumbles on the Ouran High School Host Club, an all-male group that makes money by entertaining the girls of the school.</field>
</item><item>
	<field name="show_id">70155618</field>
	<field name="title">Gilmore Girls</field>
	<field name="director">nan</field>
	<field name="cast">Lauren Graham, Alexis Bledel, Scott Patterson, Keiko Agena, Yanic Truesdale, Kelly Bishop, Edward Herrmann, Melissa McCarthy, Sean Gunn, Liza Weil, Liz Torres, Jared Padalecki</field>
	<field name="country">United States</field>
	<field name="date_added"> October 1, 2017</field>
	<field name="rating">TV-14</field>
	<field name="duration">7 Seasons</field>
	<field name="listed_in">Romantic TV Shows, TV Comedies, TV Dramas</field>
	<field name="description">Fiercely independent single mom Lorelai raises gifted, Ivy League-bound daughter Rory amid a continual stream of quick-witted repartee.</field>
</item><item>
	<field name="show_id">70204957</field>
	<field name="title">Bleach</field>
	<field name="director">nan</field>
	<field name="cast">Masakazu Morita, Fumiko Orikasa, Yuki Matsuoka, Noriaki Sugiyama, Hiroki Yasumoto, Kentaro Ito, Ryotaro Okiayu</field>
	<field name="country">Japan</field>
	<field name="date_added"> November 3, 2018</field>
	<field name="rating">TV-14</field>
	<field name="duration">3 Seasons</field>
	<field name="listed_in">Anime Series, International TV Shows</field>
	<field name="description">After teenager Ichigo Kurosaki acquires superpowers from wounded soul reaper Rukia Kuchiki, the two of them join forces to round up lost souls.</field>
</item><item>
	<field name="show_id">70157434</field>
	<field name="title">Extras</field>
	<field name="director">nan</field>
	<field name="cast">Ricky Gervais, Stephen Merchant, Ashley Jensen, Shaun Williamson, Shaun Pye</field>
	<field name="country">United Kingdom, United States</field>
	<field name="date_added"> March 31, 2017</field>
	<field name="rating">TV-MA</field>
	<field name="duration">2 Seasons</field>
	<field name="listed_in">British TV Shows, TV Comedies</field>
	<field name="description">Grasping hungrily for stardom, bit actor Andy Millman and his pal Maggie spend their days chasing after work as film and TV extras.</field>
</item>