<item>
	<field name="show_id">80119187</field>
	<field name="title">Let There Be Light</field>
	<field name="director">John Huston</field>
	<field name="cast">Walter Huston</field>
	<field name="country">United States</field>
	<field name="date_added">March 31, 2017</field>
	<field name="rating">TV-PG</field>
	<field name="duration">58 min</field>
	<field name="listed_in">Classic Movies, Documentaries</field>
	<field name="description">Some returning combat veterans suffer scars that are more psychological than physical. This film follows patients and staff during their treatment.</field>
</item><item>
	<field name="show_id">1005494</field>
	<field name="title">The Stranger</field>
	<field name="director">Orson Welles</field>
	<field name="cast">Edward G. Robinson, Loretta Young, Orson Welles, Philip Merivale, Richard Long, Konstantin Shayne, Byron Keith, Billy House</field>
	<field name="country">United States</field>
	<field name="date_added">July 19, 2018</field>
	<field name="rating">TV-PG</field>
	<field name="duration">94 min</field>
	<field name="listed_in">Classic Movies, Dramas, Thrillers</field>
	<field name="description">A Nazi fugitive hiding in Connecticut tries to keep his identity hidden from his naïve new wife while a dogged investigator pursues him relentlessly.</field>
</item>