<item>
	<field name="show_id">80161851</field>
	<field name="title">Pioneers of African-American Cinema</field>
	<field name="director">Oscar Micheaux, Spencer Williams, Richard E. Norman, Richard Maurice</field>
	<field name="cast">nan</field>
	<field name="country">United States</field>
	<field name="date_added">February 1, 2017</field>
	<field name="rating">TV-14</field>
	<field name="duration">1 Season</field>
	<field name="listed_in">TV Shows</field>
	<field name="description">This newly preserved collection features more than 20 films made by groundbreaking African American directors for black audiences from 1915 to 1946.</field>
</item>