<item>
	<field name="show_id">81000011</field>
	<field name="title">Bangkok Hell</field>
	<field name="director">Manop Janjarasskul</field>
	<field name="cast">Chalad Na Songkhla, Sahatchai 'Stop' Chumrum, Pornchai Hongrattanaporn, Kongsak Kaenmeepol, Samart Saengsa-Ngiam, Suthpong Kanithanon</field>
	<field name="country">Thailand</field>
	<field name="date_added">September 14, 2018</field>
	<field name="rating">TV-MA</field>
	<field name="duration">107 min</field>
	<field name="listed_in">Dramas, International Movies</field>
	<field name="description">When offered a deal to snitch on fellow prisoners, an inmate faces a tough dilemma: act in his own interest, or help those who may need him.</field>
</item><item>
	<field name="show_id">70018513</field>
	<field name="title">InuYasha: The Movie 2: The Castle Beyond the Looking Glass</field>
	<field name="director">Toshiya Shinohara</field>
	<field name="cast">Kappei Yamaguchi, Satsuki Yukino, Koji Tsujitani, Houko Kuwashima, Kumiko Watanabe, Noriko Hidaka, Kenichi Ogata, Toshiyuki Morikawa, Mieko Harada</field>
	<field name="country">Japan</field>
	<field name="date_added">September 1, 2017</field>
	<field name="rating">NR</field>
	<field name="duration">99 min</field>
	<field name="listed_in">Action & Adventure, Anime Features, International Movies</field>
	<field name="description">With their biggest foe seemingly defeated, InuYasha and his friends return to everyday life. But the peace is soon shattered by an emerging new enemy.</field>
</item><item>
	<field name="show_id">60023597</field>
	<field name="title">Men in Black II</field>
	<field name="director">Barry Sonnenfeld</field>
	<field name="cast">Tommy Lee Jones, Will Smith, Rip Torn, Lara Flynn Boyle, Johnny Knoxville, Rosario Dawson, Tony Shalhoub, Patrick Warburton, Jack Kehler, David Cross</field>
	<field name="country">United States</field>
	<field name="date_added">October 1, 2019</field>
	<field name="rating">PG-13</field>
	<field name="duration">88 min</field>
	<field name="listed_in">Action & Adventure, Comedies, Sci-Fi & Fantasy</field>
	<field name="description">Will Smith and Tommy Lee Jones reprise their roles as two highly secretive and unofficial government agents dealing with all things evil and alien.</field>
</item><item>
	<field name="show_id">60024976</field>
	<field name="title">Jerry Seinfeld: Comedian</field>
	<field name="director">Christian Charles</field>
	<field name="cast">Jerry Seinfeld, Orny Adams, Colin Quinn, Bill Cosby, Robert Klein, Chris Rock, Garry Shandling, Jay Leno, Kevin Nealon, Ray Romano</field>
	<field name="country">United States</field>
	<field name="date_added">November 7, 2017</field>
	<field name="rating">R</field>
	<field name="duration">81 min</field>
	<field name="listed_in">Documentaries</field>
	<field name="description">Christian Charles's documentary follows established comedian Jerry Seinfeld and up-and-comer Orny Adams as they navigate the stand-up circuit.</field>
</item><item>
	<field name="show_id">60022645</field>
	<field name="title">The Time Machine</field>
	<field name="director">Simon Wells</field>
	<field name="cast">Guy Pearce, Samantha Mumba, Jeremy Irons, Mark Addy, Sienna Guillory, Phyllida Law, Alan Young, Omero Mumba, Yancey Arias, Orlando Jones</field>
	<field name="country">United States, United Arab Emirates</field>
	<field name="date_added">November 23, 2019</field>
	<field name="rating">PG-13</field>
	<field name="duration">96 min</field>
	<field name="listed_in">Action & Adventure, Sci-Fi & Fantasy</field>
	<field name="description">Based on the H.G. Wells classic, this adventure follows a scientist and inventor who's determined to prove to doubters that time travel is possible.</field>
</item><item>
	<field name="show_id">60023606</field>
	<field name="title">K-19: The Widowmaker</field>
	<field name="director">Kathryn Bigelow</field>
	<field name="cast">Harrison Ford, Liam Neeson, Peter Sarsgaard, Sam Spruell, Joss Ackland, Peter Stebbings, Christian Camargo, Sam Redford, John Shrapnel, Donald Sumpter</field>
	<field name="country">United Kingdom, Germany, Canada, United States</field>
	<field name="date_added">November 21, 2019</field>
	<field name="rating">PG-13</field>
	<field name="duration">138 min</field>
	<field name="listed_in">Action & Adventure, Dramas</field>
	<field name="description">On board Russia's first nuclear ballistic submarine, Capt. Vostrikov must race against time to prevent a Chernobyl-like explosion.</field>
</item><item>
	<field name="show_id">60023638</field>
	<field name="title">Paid in Full</field>
	<field name="director">Charles Stone III</field>
	<field name="cast">Wood Harris, Mekhi Phifer, Kevin Carroll, Esai Morales, Chi McBride, Cam'ron, Remo Greene, Cynthia Martells, Elise Neal, Regina Hall, Joyce Walker</field>
	<field name="country">United States</field>
	<field name="date_added">November 1, 2019</field>
	<field name="rating">R</field>
	<field name="duration">98 min</field>
	<field name="listed_in">Action & Adventure, Dramas</field>
	<field name="description">This fictionalized account of three real-life notorious Harlem drug dealers is told in flashbacks as they plunge into the world of hustling.</field>
</item><item>
	<field name="show_id">60022980</field>
	<field name="title">The Tuxedo</field>
	<field name="director">Kevin Donovan</field>
	<field name="cast">Jackie Chan, Jennifer Love Hewitt, Jason Isaacs, Debi Mazar, Ritchie Coster, Peter Stormare, Mia Cottet, Romany Malco, Daniel Kash</field>
	<field name="country">United States</field>
	<field name="date_added">November 1, 2019</field>
	<field name="rating">PG-13</field>
	<field name="duration">99 min</field>
	<field name="listed_in">Action & Adventure, Comedies</field>
	<field name="description">After a government spy is hospitalized, New York City cab driver Jimmy unwillingly takes over the spy's role – with the aid of a computerized tuxedo.</field>
</item><item>
	<field name="show_id">60023618</field>
	<field name="title">Spy Kids 2: The Island of Lost Dreams</field>
	<field name="director">Robert Rodriguez</field>
	<field name="cast">Antonio Banderas, Carla Gugino, Alexa PenaVega, Daryl Sabara, Steve Buscemi, Mike Judge, Danny Trejo, Cheech Marin, Matt O'Leary, Emily Osment, Ricardo Montalban, Holland Taylor, Alan Cumming</field>
	<field name="country">United States</field>
	<field name="date_added">March 8, 2019</field>
	<field name="rating">PG</field>
	<field name="duration">100 min</field>
	<field name="listed_in">Children & Family Movies, Comedies</field>
	<field name="description">Spy kids Carmen and Juni Cortez team up with two other pint-size secret agents, Gary and Gerti Giggles, in order to take on an evil scientist.</field>
</item><item>
	<field name="show_id">60036613</field>
	<field name="title">Company</field>
	<field name="director">Ram Gopal Varma</field>
	<field name="cast">Ajay Devgn, Vivek Oberoi, Mohanlal, Manisha Koirala, Seema Biswas, Antara Mali, Akash Khurana, Madan Joshi, Vijay Raaz, Rajpal Yadav</field>
	<field name="country">India</field>
	<field name="date_added">March 1, 2018</field>
	<field name="rating">TV-MA</field>
	<field name="duration">137 min</field>
	<field name="listed_in">Action & Adventure, Dramas, International Movies</field>
	<field name="description">Following a misunderstanding, a gangster and his boss part ways and become bitter enemies – with devastating consequences.</field>
</item><item>
	<field name="show_id">60032008</field>
	<field name="title">Pitaah</field>
	<field name="director">Mahesh Manjrekar</field>
	<field name="cast">Sanjay Dutt, Nandita Das, Om Puri, Jackie Shroff, Mita Vashisht, Sachin Khedekar, Anjan Srivastav, Dinesh Anand, Mink Singh, Siddharth</field>
	<field name="country">India</field>
	<field name="date_added">March 1, 2018</field>
	<field name="rating">TV-MA</field>
	<field name="duration">127 min</field>
	<field name="listed_in">Dramas, International Movies, Music & Musicals</field>
	<field name="description">Thakur Avadh is an evil landlord in a remote village who rules with an iron fist. His two sons live a debauched life, knowing that their father will bail them out of any scrape.</field>
</item><item>
	<field name="show_id">60035875</field>
	<field name="title">Shakti: The Power</field>
	<field name="director">Krishna Vamshi</field>
	<field name="cast">Karisma Kapoor, Nana Patekar, Sanjay Kapoor, Shah Rukh Khan, Deepti Naval, Vijay Raaz, Tiku Talsania, Jaspal Bhatti, Divya Dutta, Prakash Raj</field>
	<field name="country">India</field>
	<field name="date_added">March 1, 2018</field>
	<field name="rating">TV-MA</field>
	<field name="duration">168 min</field>
	<field name="listed_in">Dramas, International Movies, Thrillers</field>
	<field name="description">A young mother must break free of the clutches of her husband's feudal family and bring herself and her young child to safety.</field>
</item><item>
	<field name="show_id">70065769</field>
	<field name="title">Shararat</field>
	<field name="director">Gurudev Bhalla</field>
	<field name="cast">Abhishek Bachchan, Hrishitaa Bhatt, Amrish Puri, Mohnish Bahl, Helen, Om Puri, Ashish Vidyarthi, A.K. Hangal, Tinnu Anand, Daisy Irani, Dara Singh, Viju Khote, Shubha Khote</field>
	<field name="country">India</field>
	<field name="date_added">March 1, 2018</field>
	<field name="rating">TV-PG</field>
	<field name="duration">148 min</field>
	<field name="listed_in">Comedies, International Movies, Music & Musicals</field>
	<field name="description">Unable to bribe his way out of a reckless driving charge, an arrogant rich kid is sentenced to community service at a home for senior citizens.</field>
</item><item>
	<field name="show_id">60024935</field>
	<field name="title">Equilibrium</field>
	<field name="director">Kurt Wimmer</field>
	<field name="cast">Christian Bale, Emily Watson, Taye Diggs, Angus Macfadyen, Sean Bean, Sean Pertwee, Matthew Harbour, William Fichtner</field>
	<field name="country">United States</field>
	<field name="date_added">June 8, 2019</field>
	<field name="rating">R</field>
	<field name="duration">107 min</field>
	<field name="listed_in">Action & Adventure, Dramas, Sci-Fi & Fantasy</field>
	<field name="description">In a dystopian future, a totalitarian regime maintains peace by subduing the populace with a drug, and displays of emotion are punishable by death.</field>
</item><item>
	<field name="show_id">81213891</field>
	<field name="title">Deewangee</field>
	<field name="director">Anees Bazmee</field>
	<field name="cast">Ajay Devgn, Akshaye Khanna, Urmila Matondkar, Farida Jalal, Vijayendra Ghatge</field>
	<field name="country">India</field>
	<field name="date_added">January 3, 2020</field>
	<field name="rating">TV-MA</field>
	<field name="duration">156 min</field>
	<field name="listed_in">International Movies, Thrillers</field>
	<field name="description">Hired by a singer to defend her friend, who has been accused of murder, a formidable lawyer learns that the man he represents may not be innocent.</field>
</item><item>
	<field name="show_id">60024962</field>
	<field name="title">Biggie & Tupac</field>
	<field name="director">Nick Broomfield</field>
	<field name="cast">Nick Broomfield</field>
	<field name="country">United Kingdom</field>
	<field name="date_added">January 26, 2019</field>
	<field name="rating">R</field>
	<field name="duration">108 min</field>
	<field name="listed_in">Documentaries, Music & Musicals</field>
	<field name="description">British documentarian Nick Broomfield investigates the murders of rappers Tupac Shakur and Biggie Smalls, digging up some surprises in the process.</field>
</item><item>
	<field name="show_id">60022265</field>
	<field name="title">Big Fat Liar</field>
	<field name="director">Shawn Levy</field>
	<field name="cast">Frankie Muniz, Paul Giamatti, Amanda Bynes, Amanda Detmer, Donald Faison, Sandra Oh, Russell Hornsby, Michael Bryan French, Christine Tucci, Lee Majors, John Cho</field>
	<field name="country">United States, Germany</field>
	<field name="date_added">January 15, 2020</field>
	<field name="rating">PG</field>
	<field name="duration">88 min</field>
	<field name="listed_in">Children & Family Movies, Comedies</field>
	<field name="description">Junior high students Jason and Kaylee take action when a greedy Hollywood producer turns Jason's essay into a hit film without giving him credit.</field>
</item><item>
	<field name="show_id">60024942</field>
	<field name="title">Catch Me If You Can</field>
	<field name="director">Steven Spielberg</field>
	<field name="cast">Leonardo DiCaprio, Tom Hanks, Christopher Walken, Martin Sheen, Nathalie Baye, Amy Adams, James Brolin, Brian Howe, Frank John Hughes, Steve Eastin</field>
	<field name="country">United States, Canada</field>
	<field name="date_added">January 1, 2020</field>
	<field name="rating">PG-13</field>
	<field name="duration">142 min</field>
	<field name="listed_in">Dramas</field>
	<field name="description">An FBI agent makes it his mission to put cunning con man Frank Abagnale Jr. behind bars. But Frank not only eludes capture, he revels in the pursuit.</field>
</item><item>
	<field name="show_id">60026106</field>
	<field name="title">City of God</field>
	<field name="director">Fernando Meirelles, Katia Lund</field>
	<field name="cast">Alexandre Rodrigues, Leandro Firmino, Phellipe Haagensen, Douglas Silva, Jonathan Haagensen, Matheus Nachtergaele, Seu Jorge, Jefechander Suplino, Alice Braga</field>
	<field name="country">Brazil, France, Germany</field>
	<field name="date_added">January 1, 2020</field>
	<field name="rating">R</field>
	<field name="duration">130 min</field>
	<field name="listed_in">Dramas, Independent Movies, International Movies</field>
	<field name="description">Growing up in a Rio de Janeiro slum, Rocket is able to avoid being drawn into a life of drugs and crime by having a passion for photography.</field>
</item><item>
	<field name="show_id">60022058</field>
	<field name="title">Stuart Little 2</field>
	<field name="director">Rob Minkoff</field>
	<field name="cast">Michael J. Fox, Geena Davis, Hugh Laurie, Jonathan Lipnicki, Nathan Lane, Melanie Griffith, James Woods, Steve Zahn</field>
	<field name="country">United States</field>
	<field name="date_added">January 1, 2020</field>
	<field name="rating">PG</field>
	<field name="duration">78 min</field>
	<field name="listed_in">Children & Family Movies, Comedies</field>
	<field name="description">Zany misadventures are in store as lovable city mouse Stuart and his human brother, George, raise the roof in this sequel to the 1999 blockbuster.</field>
</item><item>
	<field name="show_id">60004483</field>
	<field name="title">The Lord of the Rings: The Two Towers</field>
	<field name="director">Peter Jackson</field>
	<field name="cast">Elijah Wood, Ian McKellen, Liv Tyler, Viggo Mortensen, Sean Astin, Cate Blanchett, John Rhys-Davies, Bernard Hill, Christopher Lee, Billy Boyd, Dominic Monaghan, Orlando Bloom</field>
	<field name="country">New Zealand, United States</field>
	<field name="date_added">January 1, 2020</field>
	<field name="rating">PG-13</field>
	<field name="duration">179 min</field>
	<field name="listed_in">Action & Adventure, Sci-Fi & Fantasy</field>
	<field name="description">Frodo and Sam head to Mordor to destroy the One Ring of Power while Gimli, Legolas and Aragorn search for the orc-captured Merry and Pippin.</field>
</item><item>
	<field name="show_id">60024914</field>
	<field name="title">The Ring</field>
	<field name="director">Gore Verbinski</field>
	<field name="cast">Naomi Watts, Martin Henderson, David Dorfman, Brian Cox, Jane Alexander, Lindsay Frost, Amber Tamblyn, Rachael Bella, Daveigh Chase, Shannon Cochran</field>
	<field name="country">United States</field>
	<field name="date_added">January 1, 2020</field>
	<field name="rating">PG-13</field>
	<field name="duration">116 min</field>
	<field name="listed_in">Horror Movies, Thrillers</field>
	<field name="description">A reporter watches a video that supposedly sets in motion the viewer's death in seven days. Can she unravel the mystery before her own time is up?</field>
</item><item>
	<field name="show_id">60023619</field>
	<field name="title">XXx</field>
	<field name="director">Rob Cohen</field>
	<field name="cast">Vin Diesel, Asia Argento, Marton Csokas, Samuel L. Jackson, Danny Trejo, Michael Roof, Tom Everett, Richy Müller, William Hope, Werner Daehn</field>
	<field name="country">United States</field>
	<field name="date_added">January 1, 2019</field>
	<field name="rating">PG-13</field>
	<field name="duration">124 min</field>
	<field name="listed_in">Action & Adventure, Sports Movies</field>
	<field name="description">A notorious underground rush-seeker deemed untouchable by the law is coerced into cooperating with the government to infiltrate a Russian crime ring.</field>
</item><item>
	<field name="show_id">81067761</field>
	<field name="title">Sur: The Melody of Life</field>
	<field name="director">Tanuja Chandra</field>
	<field name="cast">Lucky Ali, Simone Singh, Achint Kaur, Ehsan Khan, Harsh Vasisht, Yashodhan Bal, Gauri Karnik, Divya Dutta</field>
	<field name="country">India</field>
	<field name="date_added">February 15, 2019</field>
	<field name="rating">TV-14</field>
	<field name="duration">137 min</field>
	<field name="listed_in">Dramas, International Movies</field>
	<field name="description">A renowned music teacher mentors a promising young singer, but when her fame begins to overshadow his own, he lets jealousy and competition take over.</field>
</item><item>
	<field name="show_id">60022998</field>
	<field name="title">About a Boy</field>
	<field name="director">Chris Weitz, Paul Weitz</field>
	<field name="cast">Nicholas Hoult, Toni Collette, Victoria Smurfit, Sharon Small, Natalia Tena, Isabel Brook, Hugh Grant, Rachel Weisz, Nicholas Hutchison</field>
	<field name="country">United Kingdom, United States, France, Germany</field>
	<field name="date_added">February 1, 2019</field>
	<field name="rating">PG-13</field>
	<field name="duration">101 min</field>
	<field name="listed_in">Comedies, Dramas, International Movies</field>
	<field name="description">Hip, irresponsible Londoner Will invents an imaginary son and starts attending single-parent meetings to find available women.</field>
</item><item>
	<field name="show_id">81016342</field>
	<field name="title">What's Up With Love?</field>
	<field name="director">Rudy Soedjarwo, Riri Riza</field>
	<field name="cast">Dian Sastrowardoyo, Nicholas Saputra, Ladya Cheryll, Titi Kamal, Sissy Priscillia, Adinia Wirasti, Dennis Adhiswara</field>
	<field name="country">Indonesia</field>
	<field name="date_added">December 8, 2018</field>
	<field name="rating">R</field>
	<field name="duration">110 min</field>
	<field name="listed_in">Dramas, International Movies, Romantic Movies</field>
	<field name="description">A popular high school girl strains her relationship with her close-knit clique when she begins falling for a reclusive, lower-class schoolmate.</field>
</item><item>
	<field name="show_id">60029461</field>
	<field name="title">Carrie</field>
	<field name="director">David Carson</field>
	<field name="cast">Angela Bettis, Patricia Clarkson, Rena Sofer, Kandyse McClure, Emilie de Ravin, Tobias Mehler, Jesse Cadotte, Meghan Black, Chelan Simmons, Katharine Isabelle</field>
	<field name="country">United States, Canada</field>
	<field name="date_added">December 31, 2019</field>
	<field name="rating">TV-14</field>
	<field name="duration">132 min</field>
	<field name="listed_in">Horror Movies</field>
	<field name="description">This remake of the classic 1976 horror flick finds misfit Carrie getting revenge on all the cool people who've bullied her over the years.</field>
</item><item>
	<field name="show_id">60024927</field>
	<field name="title">Die Another Day</field>
	<field name="director">Lee Tamahori</field>
	<field name="cast">Pierce Brosnan, Halle Berry, Toby Stephens, Rick Yune, Rosamund Pike, Judi Dench, John Cleese, Michael Madsen, Will Yun Lee, Kenneth Tsang, Emilio Echevarría, Mikhail Gorevoy, Lawrence Makoare, Colin Salmon, Samantha Bond</field>
	<field name="country">United Kingdom, United States</field>
	<field name="date_added">December 31, 2019</field>
	<field name="rating">PG-13</field>
	<field name="duration">133 min</field>
	<field name="listed_in">Action & Adventure</field>
	<field name="description">Pierce Brosnan's final outing as 007 finds James Bond facing off against a North Korean terrorist who's in league with a British diamond merchant.</field>
</item><item>
	<field name="show_id">70006866</field>
	<field name="title">Encounter: The Killing</field>
	<field name="director">Ajay Phansekar</field>
	<field name="cast">Naseeruddin Shah, Tara Deshpande, Akash Khurana, Ratna Pathak Shah, Dilip Prabhavalkar, Avtar Gill</field>
	<field name="country">India</field>
	<field name="date_added">December 31, 2019</field>
	<field name="rating">TV-14</field>
	<field name="duration">151 min</field>
	<field name="listed_in">Dramas, Independent Movies, International Movies</field>
	<field name="description">After accidentally killing a young mobster, a guilt-stricken police officer searches for the parents who never came forward to claim their son's body.</field>
</item><item>
	<field name="show_id">60023608</field>
	<field name="title">Austin Powers in Goldmember</field>
	<field name="director">Jay Roach</field>
	<field name="cast">Mike Myers, Beyoncé Knowles-Carter, Seth Green, Michael York, Robert Wagner, Mindy Sterling, Verne Troyer, Michael Caine, Fred Savage</field>
	<field name="country">United States</field>
	<field name="date_added">December 1, 2019</field>
	<field name="rating">PG-13</field>
	<field name="duration">94 min</field>
	<field name="listed_in">Action & Adventure, Comedies</field>
	<field name="description">The world's most shagadelic spy continues his fight against the diabolical Dr. Evil, who's teamed with a new foe: 1970s villain Goldmember.</field>
</item><item>
	<field name="show_id">60024161</field>
	<field name="title">Martin Lawrence Live: Runteldat</field>
	<field name="director">David Raynr</field>
	<field name="cast">Martin Lawrence</field>
	<field name="country">United States</field>
	<field name="date_added">December 1, 2019</field>
	<field name="rating">R</field>
	<field name="duration">104 min</field>
	<field name="listed_in">Stand-Up Comedy</field>
	<field name="description">This provocative film sheds light on actor-comedian Martin Lawrence's roots, his rise to fame and his walk on the wild side.</field>
</item><item>
	<field name="show_id">60021787</field>
	<field name="title">Gangs of New York</field>
	<field name="director">Martin Scorsese</field>
	<field name="cast">Leonardo DiCaprio, Daniel Day-Lewis, Cameron Diaz, Jim Broadbent, John C. Reilly, Henry Thomas, Liam Neeson, Brendan Gleeson, Gary Lewis, Stephen Graham</field>
	<field name="country">United States, Italy</field>
	<field name="date_added">August 20, 2019</field>
	<field name="rating">R</field>
	<field name="duration">167 min</field>
	<field name="listed_in">Dramas</field>
	<field name="description">In the crime-ridden slums of New York in the 1860s, vengeful orphan Amsterdam Vallon joins the cutthroat gang of his father's killer, Bill the Butcher.</field>
</item><item>
	<field name="show_id">70033579</field>
	<field name="title">Shark Busters</field>
	<field name="director">Herman Yau</field>
	<field name="cast">Danny Lee, Hui Siu-Hung, Lam Suet, Alfred Cheung, Brian Ireland, Ken Lo, Lai Suk-Yin, Yeung Tin-King, Fung Hak-On, Jamie Luk</field>
	<field name="country">Hong Kong</field>
	<field name="date_added">August 16, 2018</field>
	<field name="rating">TV-14</field>
	<field name="duration">92 min</field>
	<field name="listed_in">Dramas, International Movies</field>
	<field name="description">Hit by a media storm over his own mounting debts, a police officer leads an investigation against the loan sharks behind a sinister credit scheme.</field>
</item><item>
	<field name="show_id">60022700</field>
	<field name="title">Panic Room</field>
	<field name="director">David Fincher</field>
	<field name="cast">Jodie Foster, Forest Whitaker, Dwight Yoakam, Jared Leto, Kristen Stewart, Ann Magnuson, Ian Buchanan, Patrick Bauchau, Paul Schulze</field>
	<field name="country">United States</field>
	<field name="date_added">August 1, 2019</field>
	<field name="rating">R</field>
	<field name="duration">112 min</field>
	<field name="listed_in">Thrillers</field>
	<field name="description">A woman and her daughter are caught in a game of cat-and-mouse with burglars in their New York City home and are forced to retreat inside a vault.</field>
</item><item>
	<field name="show_id">60033223</field>
	<field name="title">Dil Hai Tumhaara</field>
	<field name="director">Kundan Shah</field>
	<field name="cast">Rekha, Preity Zinta, Mahima Chaudhry, Arjun Rampal, Jimmy Shergill, Alok Nath, Dilip Joshi, Govind Namdeo</field>
	<field name="country">India</field>
	<field name="date_added">April 1, 2018</field>
	<field name="rating">TV-14</field>
	<field name="duration">176 min</field>
	<field name="listed_in">Dramas, International Movies, Music & Musicals</field>
	<field name="description">The sophisticated son of a powerful businessman falls for a simple, free-spirited girl whose older sister is in love with him.</field>
</item>