<item>
	<field name="show_id">81179821</field>
	<field name="title">My MVP Valentine</field>
	<field name="director">nan</field>
	<field name="cast">Angela Chang, Tony Sun, Johnny Yan, Margaret Lin, David Chen, Sam Wang, Zax Wang, Jason Hsu, Joe Chen</field>
	<field name="country">Taiwan</field>
	<field name="date_added">November 15, 2019</field>
	<field name="rating">TV-PG</field>
	<field name="duration">1 Season</field>
	<field name="listed_in">International TV Shows, Romantic TV Shows, TV Dramas</field>
	<field name="description">An unfortunate accident alters the life of a high school basketball prodigy, who abandons his beloved sport and becomes entangled in a love triangle.</field>
</item><item>
	<field name="show_id">81020716</field>
	<field name="title">Lavender</field>
	<field name="director">nan</field>
	<field name="cast">Ambrose Hsu, Tammy Chen, Wang Jian Long, Lin Wei Jun, Hsia Ching Ting, Lin Heng Yi</field>
	<field name="country">Taiwan</field>
	<field name="date_added">January 15, 2019</field>
	<field name="rating">TV-14</field>
	<field name="duration">1 Season</field>
	<field name="listed_in">International TV Shows, Romantic TV Shows, TV Dramas</field>
	<field name="description">Before one of them moves to the U.S., two childhood friends promise to reunite as adults. But illness and the vagaries of the heart stand in the way.</field>
</item><item>
	<field name="show_id">70213073</field>
	<field name="title">Power Rangers Wild Force</field>
	<field name="director">nan</field>
	<field name="cast">Ricardo Medina Jr., Alyson Kiperman, Phillip Jeanmarie, Jessica Rey, Jack Guzman, Phillip Andrew, Ann Marie Crouch, Ilia Volok, Sin Wong, Danny Wayne, Terence J. Rotolo</field>
	<field name="country">United States, Netherlands, Japan, France</field>
	<field name="date_added">January 1, 2016</field>
	<field name="rating">TV-Y7-FV</field>
	<field name="duration">1 Season</field>
	<field name="listed_in">Kids' TV</field>
	<field name="description">Raised in the wilderness, young Cole Evans leads the Wild Force Power Rangers as they summon their animal powers to battle the evil Master Org.</field>
</item>