<item>
	<field name="show_id">70002129</field>
	<field name="title">Benji's Very Own Christmas Story</field>
	<field name="director">Joe Camp</field>
	<field name="cast">Ron Moody, Patsy Garrett, Cynthia Smith</field>
	<field name="country">United States</field>
	<field name="date_added">October 3, 2018</field>
	<field name="rating">TV-G</field>
	<field name="duration">25 min</field>
	<field name="listed_in">Children & Family Movies</field>
	<field name="description">While on a press tour, Benji goes behind the scenes of Santa's workshop. But Santa has a devastating secret, so it's up to Benji to save Christmas.</field>
</item><item>
	<field name="show_id">81168344</field>
	<field name="title">The spiral</field>
	<field name="director">Krzysztof Zanussi</field>
	<field name="cast">Jan Nowicki, Maja Komorowska, Zofia Kucówna, Aleksander Bardini, Jan Świderski, Seweryna Broniszówna, Piotr Garlicki, Marian Glinka</field>
	<field name="country">Poland</field>
	<field name="date_added">October 1, 2019</field>
	<field name="rating">TV-MA</field>
	<field name="duration">84 min</field>
	<field name="listed_in">Dramas, Independent Movies, International Movies</field>
	<field name="description">When an unbearable stranger arrives at a winter mountain resort and vanishes overnight, his dark past comes to light.</field>
</item><item>
	<field name="show_id">60000577</field>
	<field name="title">Grease</field>
	<field name="director">Randal Kleiser</field>
	<field name="cast">John Travolta, Olivia Newton-John, Stockard Channing, Jeff Conaway, Barry Pearl, Michael Tucci, Kelly Ward, Didi Conn, Jamie Donnelly, Dinah Manoff, Eve Arden, Dody Goodman, Sid Caesar, Joan Blondell, Frankie Avalon</field>
	<field name="country">United States</field>
	<field name="date_added">November 1, 2019</field>
	<field name="rating">PG</field>
	<field name="duration">110 min</field>
	<field name="listed_in">Classic Movies, Comedies, Music & Musicals</field>
	<field name="description">John Travolta and Olivia Newton-John star in this hit musical comedy about a greaser and the good girl he falls for – much to his friends' chagrin.</field>
</item><item>
	<field name="show_id">80158388</field>
	<field name="title">Bandie</field>
	<field name="director">Alo Sarkar</field>
	<field name="cast">Uttam Kumar, Sulakshana Pandit, Utpal Dutt, Bindu, Amjad Khan, Helen, Indrani Mukherjee, Padma Khanna, Iftekhar</field>
	<field name="country">India</field>
	<field name="date_added">November 1, 2017</field>
	<field name="rating">TV-14</field>
	<field name="duration">141 min</field>
	<field name="listed_in">Action & Adventure, Dramas, International Movies</field>
	<field name="description">Heirless Maharaj Brajbhan leaves his throne to his cousin Vikram, but when Brajbhan's wife, Badi Rani, finally conceives, Vikram plots to destroy her.</field>
</item><item>
	<field name="show_id">80997870</field>
	<field name="title">Flying Guillotine 2</field>
	<field name="director">Kang Cheng, Shan Hua</field>
	<field name="cast">Feng Ku, Chung Wang, Szu Shih, Lung Ti, Lo Lieh, Szu-Chia Chen</field>
	<field name="country">Hong Kong</field>
	<field name="date_added">July 31, 2018</field>
	<field name="rating">TV-MA</field>
	<field name="duration">88 min</field>
	<field name="listed_in">Action & Adventure, International Movies</field>
	<field name="description">The emperor's reign of terror expands. Heroic outlaw Ma Teng joins a squad of female rebels, whose leader is torn between family loyalties.</field>
</item><item>
	<field name="show_id">60001377</field>
	<field name="title">The Five Venoms</field>
	<field name="director">Cheh Chang</field>
	<field name="cast">Philip Kwok, Chien Sun, Sheng Chiang, Feng Lu, Meng Lo, Pai Wei, Lung Wei Wang, Feng Ku, Shu Pei Sun, Sun Chien</field>
	<field name="country">Hong Kong</field>
	<field name="date_added">July 31, 2018</field>
	<field name="rating">R</field>
	<field name="duration">97 min</field>
	<field name="listed_in">Action & Adventure, Cult Movies, International Movies</field>
	<field name="description">A dying kung fu master sends his last student to track down five former pupils in order to learn which one of them has become evil.</field>
</item><item>
	<field name="show_id">20255837</field>
	<field name="title">Don</field>
	<field name="director">Chandra Barot</field>
	<field name="cast">Amitabh Bachchan, Zeenat Aman, Pran, Iftekhar, Om Shivpuri, Satyendra Kapoor, P. Jairaj, Kamal Kapoor, Arpana Choudhry, Helen</field>
	<field name="country">India</field>
	<field name="date_added">December 31, 2019</field>
	<field name="rating">TV-14</field>
	<field name="duration">158 min</field>
	<field name="listed_in">Action & Adventure, Classic Movies, Dramas</field>
	<field name="description">A man who's a lookalike for a slain mob kingpin is asked by the police to impersonate the gangster and infiltrate his underworld organization.</field>
</item>