<item>
	<field name="show_id">70172488</field>
	<field name="title">The Twilight Zone (Original Series)</field>
	<field name="director">nan</field>
	<field name="cast">Rod Serling</field>
	<field name="country">United States</field>
	<field name="date_added"> July 1, 2017</field>
	<field name="rating">TV-PG</field>
	<field name="duration">4 Seasons</field>
	<field name="listed_in">Classic & Cult TV, TV Sci-Fi & Fantasy</field>
	<field name="description">Hosted by creator Rod Serling, this groundbreaking anthology series presents tales of the supernatural that are often tinged with social commentary.</field>
</item>