<item>
	<field name="show_id">60002273</field>
	<field name="title">Along Came a Spider</field>
	<field name="director">Lee Tamahori</field>
	<field name="cast">Morgan Freeman, Monica Potter, Michael Wincott, Dylan Baker, Mika Boorem, Anton Yelchin, Kim Hawthorne, Jay O. Sanders, Billy Burke, Michael Moriarty, Penelope Ann Miller</field>
	<field name="country">United States, Germany, Canada</field>
	<field name="date_added">October 1, 2019</field>
	<field name="rating">R</field>
	<field name="duration">103 min</field>
	<field name="listed_in">Thrillers</field>
	<field name="description">When a girl is kidnapped from a prestigious prep school, a homicide detective takes the case, teaming up with young security agent.</field>
</item><item>
	<field name="show_id">60020891</field>
	<field name="title">Blow</field>
	<field name="director">Ted Demme</field>
	<field name="cast">Johnny Depp, Penélope Cruz, Franka Potente, Rachel Griffiths, Paul Reubens, Jordi Mollà, Cliff Curtis, Miguel Sandoval, Ethan Suplee, Ray Liotta</field>
	<field name="country">United States</field>
	<field name="date_added">October 1, 2019</field>
	<field name="rating">R</field>
	<field name="duration">123 min</field>
	<field name="listed_in">Dramas</field>
	<field name="description">Cocaine smuggler George rises from poverty to become one of the biggest drug dealers in America before his eventual downfall.</field>
</item><item>
	<field name="show_id">60020892</field>
	<field name="title">Exit Wounds</field>
	<field name="director">Andrzej Bartkowiak</field>
	<field name="cast">Steven Seagal, DMX, Isaiah Washington, Anthony Anderson, Michael Jai White, Bill Duke, Jill Hennessy, Tom Arnold, Bruce McGill, David Vadim, Eva Mendes</field>
	<field name="country">United States</field>
	<field name="date_added">October 1, 2019</field>
	<field name="rating">R</field>
	<field name="duration">101 min</field>
	<field name="listed_in">Action & Adventure</field>
	<field name="description">Maverick cop Orin Boyd joins forces with an unlikely ally in gangster Latrell Walker to take down a group of dirty Detroit cops.</field>
</item><item>
	<field name="show_id">60020826</field>
	<field name="title">The Score</field>
	<field name="director">Frank Oz</field>
	<field name="cast">Robert De Niro, Edward Norton, Marlon Brando, Angela Bassett, Gary Farmer, Paul Soles, Jamie Harrold, Serge Houde</field>
	<field name="country">Germany, Canada, United States</field>
	<field name="date_added">November 28, 2019</field>
	<field name="rating">R</field>
	<field name="duration">124 min</field>
	<field name="listed_in">Dramas, Thrillers</field>
	<field name="description">Ready-to-retire safecracker Nick, flamboyant fence Max and talented but volatile thief Jackie team up to rob the Montreal Customs House.</field>
</item><item>
	<field name="show_id">60004471</field>
	<field name="title">Evolution</field>
	<field name="director">Ivan Reitman</field>
	<field name="cast">David Duchovny, Julianne Moore, Orlando Jones, Seann William Scott, Ted Levine, Ethan Suplee, Michael Bower, Pat Kilbane, Ty Burrell, Dan Aykroyd</field>
	<field name="country">United States</field>
	<field name="date_added">November 20, 2019</field>
	<field name="rating">PG-13</field>
	<field name="duration">102 min</field>
	<field name="listed_in">Comedies, Sci-Fi & Fantasy</field>
	<field name="description">After two community college geology professors discover microscopic alien life-forms on a meteorite, the military and government become involved.</field>
</item><item>
	<field name="show_id">60021796</field>
	<field name="title">Gosford Park</field>
	<field name="director">Robert Altman</field>
	<field name="cast">Eileen Atkins, Bob Balaban, Alan Bates, Charles Dance, Stephen Fry, Michael Gambon, Richard E. Grant, Tom Hollander, Derek Jacobi, Kelly Macdonald, Helen Mirren, Jeremy Northam, Clive Owen, Ryan Phillippe, Maggie Smith, Geraldine Somerville, Kristin Scott Thomas, Sophie Thompson, Emily Watson, James Wilby</field>
	<field name="country">United States, United Kingdom, Italy</field>
	<field name="date_added">November 1, 2019</field>
	<field name="rating">R</field>
	<field name="duration">137 min</field>
	<field name="listed_in">Comedies, Dramas, International Movies</field>
	<field name="description">In this witty whodunit, wealthy guests and their servants gather for a weekend stay at the home of Sir William McCordle, who is soon found murdered.</field>
</item><item>
	<field name="show_id">60021906</field>
	<field name="title">Kyo Kii... Main Jhuth Nahin Bolta</field>
	<field name="director">David Dhawan</field>
	<field name="cast">Govinda, Mohnish Bahl, Sharad Kapoor, Satish Kaushik, Anupam Kher, Kiran Kumar, Rambha, Sushmita Sen</field>
	<field name="country">India</field>
	<field name="date_added">May 16, 2019</field>
	<field name="rating">TV-PG</field>
	<field name="duration">150 min</field>
	<field name="listed_in">Comedies, International Movies, Sci-Fi & Fantasy</field>
	<field name="description">The life and career of a lawyer are thrown into chaos when his son's wish magically renders him incapable of telling a lie.</field>
</item><item>
	<field name="show_id">60021758</field>
	<field name="title">Asoka</field>
	<field name="director">Santosh Sivan</field>
	<field name="cast">Shah Rukh Khan, Kareena Kapoor, Danny Denzongpa, Rahul Dev, Hrishitaa Bhatt, Gerson Da Cunha, Subhashini Ali, Umesh Mehra, Sooraj Balaji</field>
	<field name="country">India</field>
	<field name="date_added">March 15, 2017</field>
	<field name="rating">R</field>
	<field name="duration">168 min</field>
	<field name="listed_in">Action & Adventure, Dramas, International Movies</field>
	<field name="description">This elaborate Bollywood epic dramatizes one man's transformation from a vengeful and cunning warrior into a legendary leader and teacher of Buddhism.</field>
</item><item>
	<field name="show_id">80156935</field>
	<field name="title">One 2 Ka 4</field>
	<field name="director">Shashilal K. Nair</field>
	<field name="cast">Shah Rukh Khan, Juhi Chawla, Jackie Shroff, Nirmal Pandey, Dilip Joshi, Sahila Chaddha, Suresh Chatwal, Bharat Dabholkar, Baby Gazala, Akash Khurana</field>
	<field name="country">India</field>
	<field name="date_added">March 15, 2017</field>
	<field name="rating">TV-14</field>
	<field name="duration">160 min</field>
	<field name="listed_in">Action & Adventure, Comedies, Dramas</field>
	<field name="description">When his partner is killed, a young cop is forced to care for the man's four children, and solicits the help of a woman who moves in with them.</field>
</item><item>
	<field name="show_id">80038527</field>
	<field name="title">Vizontele</field>
	<field name="director">Yılmaz Erdoğan, Ömer Faruk Sorak</field>
	<field name="cast">Yılmaz Erdoğan, Demet Akbağ, Altan Erkekli, Cem Yılmaz, Cezmi Baskın, Bican Günalan, Sebnem Sönmez, İclal Aydın, Mesut Çakarli, Zeynep Tokuş</field>
	<field name="country">Turkey</field>
	<field name="date_added">March 10, 2017</field>
	<field name="rating">NR</field>
	<field name="duration">106 min</field>
	<field name="listed_in">Comedies, Dramas, International Movies</field>
	<field name="description">In 1974, a rural town in Anatolia gets its first television set – an event that's met with both excitement and trepidation by the villagers.</field>
</item><item>
	<field name="show_id">60021299</field>
	<field name="title">Wet Hot American Summer</field>
	<field name="director">David Wain</field>
	<field name="cast">Janeane Garofalo, David Hyde Pierce, Michael Showalter, Marguerite Moreau, Michael Ian Black, Zak Orth, A.D. Miles, Paul Rudd, Christopher Meloni, Molly Shannon, Ken Marino, Joe Lo Truglio, Amy Poehler, Bradley Cooper, Gideon Jacobs, Elizabeth Banks</field>
	<field name="country">United States</field>
	<field name="date_added">March 1, 2019</field>
	<field name="rating">R</field>
	<field name="duration">98 min</field>
	<field name="listed_in">Comedies, Cult Movies, Independent Movies</field>
	<field name="description">Everyone wants a final shot at action on the last day at Camp Firewood, in this campy 1980s summer-camp spoof from the creators of "The State."</field>
</item><item>
	<field name="show_id">60021903</field>
	<field name="title">Yaadein</field>
	<field name="director">Subhash Ghai</field>
	<field name="cast">Jackie Shroff, Hrithik Roshan, Kareena Kapoor, Amrish Puri, Kiran Rathod, Rati Agnihotri, Supriya Karnik, Anang Desai</field>
	<field name="country">India</field>
	<field name="date_added">March 1, 2018</field>
	<field name="rating">TV-14</field>
	<field name="duration">171 min</field>
	<field name="listed_in">Dramas, International Movies, Romantic Movies</field>
	<field name="description">Two young lovers set out to overcome the obstacles that stand in the way of their marriage, beginning with the objections of the girl's father.</field>
</item><item>
	<field name="show_id">60023237</field>
	<field name="title">Y Tu Mamá También</field>
	<field name="director">Alfonso Cuarón</field>
	<field name="cast">Maribel Verdú, Gael García Bernal, Diego Luna, Daniel Giménez Cacho, Ana López Mercado, Nathan Grinberg, Verónica Langer, María Aura, Giselle Audirac, Arturo Ríos, Andrés Almeida, Diana Bracho, Emilio Echevarría</field>
	<field name="country">Mexico</field>
	<field name="date_added">June 1, 2017</field>
	<field name="rating">R</field>
	<field name="duration">106 min</field>
	<field name="listed_in">Dramas, Independent Movies, International Movies</field>
	<field name="description">When rich teens Tenoch and Julio meet the alluring, older Luisa, they try to impress her with stories of a road trip, then convince her to join them.</field>
</item><item>
	<field name="show_id">60020745</field>
	<field name="title">Swordfish</field>
	<field name="director">Dominic Sena</field>
	<field name="cast">John Travolta, Hugh Jackman, Halle Berry, Don Cheadle, Sam Shepard, Vinnie Jones, Drea de Matteo, Rudolf Martin, Zach Grenier, Camryn Grimes</field>
	<field name="country">United States</field>
	<field name="date_added">July 1, 2019</field>
	<field name="rating">R</field>
	<field name="duration">99 min</field>
	<field name="listed_in">Action & Adventure</field>
	<field name="description">Determined to get his mitts on $9 billion in a secret DEA account so he can fight terrorism, a rogue agent recruits an encryption expert to hack in.</field>
</item><item>
	<field name="show_id">60021788</field>
	<field name="title">Jimmy Neutron: Boy Genius</field>
	<field name="director">John A. Davis</field>
	<field name="cast">Debi Derryberry, Jeffrey Garcia, Rob Paulsen, Megan Cavanagh, Mark DeCarlo, Carolyn Lawrence, Andrea Martin, Candi Milo, Crystal Scales, Martin Short, Patrick Stewart, Jim Cummings</field>
	<field name="country">United States</field>
	<field name="date_added">January 1, 2020</field>
	<field name="rating">G</field>
	<field name="duration">83 min</field>
	<field name="listed_in">Children & Family Movies, Comedies, Sci-Fi & Fantasy</field>
	<field name="description">When gooey green aliens kidnap all the adults in Retroville, it's up to 11-year-old Jimmy Neutron to come up with a plan to rescue them.</field>
</item><item>
	<field name="show_id">60021790</field>
	<field name="title">Kate & Leopold</field>
	<field name="director">James Mangold</field>
	<field name="cast">Meg Ryan, Hugh Jackman, Liev Schreiber, Breckin Meyer, Natasha Lyonne, Bradley Whitford, Paxton Whitehead, Spalding Gray, Josh Stamberg, Matthew Sussman</field>
	<field name="country">United States</field>
	<field name="date_added">January 1, 2020</field>
	<field name="rating">PG-13</field>
	<field name="duration">118 min</field>
	<field name="listed_in">Comedies, Romantic Movies</field>
	<field name="description">A present-day woman takes responsibility for guiding a charming time-traveling 19th-century nobleman through the 21st century.</field>
</item><item>
	<field name="show_id">60021377</field>
	<field name="title">Tremors 3: Back to Perfection</field>
	<field name="director">Brent Maddock</field>
	<field name="cast">Michael Gross, Shawn Christian, Susan Chuang, Charlotte Stewart, Ariana Richards, Tony Genaro, Barry Livingston, John Pappas, Jason Hopkins</field>
	<field name="country">United States</field>
	<field name="date_added">January 1, 2020</field>
	<field name="rating">PG</field>
	<field name="duration">104 min</field>
	<field name="listed_in">Comedies, Horror Movies, Sci-Fi & Fantasy</field>
	<field name="description">When a theme park's simulated giant worm attacks turn real, Burt Gummer and two young entrepreneurs team up to battle the flesh-eating graboids.</field>
</item><item>
	<field name="show_id">60022056</field>
	<field name="title">Black Hawk Down</field>
	<field name="director">Ridley Scott</field>
	<field name="cast">Josh Hartnett, Ewan McGregor, Tom Sizemore, Eric Bana, William Fichtner, Ewen Bremner, Sam Shepard, Gabriel Casseus, Kim Coates, Hugh Dancy, Ron Eldard, Ioan Gruffudd, Tom Guiry, Charlie Hofheimer, Danny Hoch, Jason Isaacs, Zeljko Ivanek, Glenn Morshower, Jeremy Piven, Brendan Sexton III</field>
	<field name="country">United States, United Kingdom</field>
	<field name="date_added">January 1, 2019</field>
	<field name="rating">R</field>
	<field name="duration">144 min</field>
	<field name="listed_in">Action & Adventure, Dramas</field>
	<field name="description">When U.S. forces attempt to capture two underlings of a Somali warlord, their helicopters are shot down and the Americans suffer heavy casualties.</field>
</item><item>
	<field name="show_id">60004476</field>
	<field name="title">Jay and Silent Bob Strike Back</field>
	<field name="director">Kevin Smith</field>
	<field name="cast">Jason Mewes, Kevin Smith, Ben Affleck, Jeff Anderson, Brian O'Halloran, Shannon Elizabeth, Eliza Dushku, Ali Larter, Jennifer Schwalbach, Will Ferrell, Jason Lee</field>
	<field name="country">United States</field>
	<field name="date_added">January 1, 2019</field>
	<field name="rating">R</field>
	<field name="duration">105 min</field>
	<field name="listed_in">Comedies, Cult Movies</field>
	<field name="description">Jay and Silent Bob's comic book alter egos have been sold to Hollywood without permission, so they head to Tinseltown to sabotage the production.</field>
</item><item>
	<field name="show_id">60031404</field>
	<field name="title">Kevin James: Sweat the Small Stuff</field>
	<field name="director">Paul Miller</field>
	<field name="cast">Kevin James</field>
	<field name="country">United States</field>
	<field name="date_added">February 20, 2019</field>
	<field name="rating">TV-PG</field>
	<field name="duration">42 min</field>
	<field name="listed_in">Stand-Up Comedy</field>
	<field name="description">The film and television star riffs on life's many royal pains in this hourlong special taped at New York City's Hudson Theatre in 2001.</field>
</item><item>
	<field name="show_id">60020906</field>
	<field name="title">Lagaan</field>
	<field name="director">Ashutosh Gowariker</field>
	<field name="cast">Aamir Khan, Gracy Singh, Rachel Shelley, Paul Blackthorne, Suhasini Mulay, Kulbhushan Kharbanda, Raghuvir Yadav, Rajendranath Zutshi, Rajesh Vivek, Javed Khan</field>
	<field name="country">India</field>
	<field name="date_added">December 8, 2017</field>
	<field name="rating">PG</field>
	<field name="duration">224 min</field>
	<field name="listed_in">Dramas, International Movies, Music & Musicals</field>
	<field name="description">In 1890s India, an arrogant British commander challenges the harshly taxed residents of Champaner to a high-stakes cricket match.</field>
</item><item>
	<field name="show_id">60020236</field>
	<field name="title">Heartbreakers</field>
	<field name="director">David Mirkin</field>
	<field name="cast">Sigourney Weaver, Jennifer Love Hewitt, Ray Liotta, Jason Lee, Gene Hackman, Anne Bancroft, Jeffrey Jones, Nora Dunn, Ricky Jay, Zach Galifianakis</field>
	<field name="country">United States</field>
	<field name="date_added">December 31, 2019</field>
	<field name="rating">PG-13</field>
	<field name="duration">124 min</field>
	<field name="listed_in">Comedies, Romantic Movies</field>
	<field name="description">In this stylish comedy, a mother-daughter con team makes money the old-fashioned way: They use their feminine wiles to swindle it.</field>
</item><item>
	<field name="show_id">60021525</field>
	<field name="title">Dil Chahta Hai</field>
	<field name="director">Farhan Akhtar</field>
	<field name="cast">Aamir Khan, Saif Ali Khan, Akshaye Khanna, Preity Zinta, Sonali Kulkarni, Dimple Kapadia, Ayub Khan, Rajat Kapoor, Suhasini Mulay, Ahmed Khan</field>
	<field name="country">India</field>
	<field name="date_added">December 15, 2019</field>
	<field name="rating">TV-14</field>
	<field name="duration">185 min</field>
	<field name="listed_in">Comedies, Dramas, International Movies</field>
	<field name="description">Inseparable childhood friends Akash, Sameer and Siddharth are just out of college. Nothing comes between them – until they each fall in love.</field>
</item><item>
	<field name="show_id">60022041</field>
	<field name="title">Tom and Jerry: The Magic Ring</field>
	<field name="director">Phil Roman</field>
	<field name="cast">Richard Kind, Dana Hill, Anndi McAfee, Tony Jay, Rip Taylor, Henry Gibson</field>
	<field name="country">nan</field>
	<field name="date_added">December 15, 2019</field>
	<field name="rating">TV-Y7</field>
	<field name="duration">60 min</field>
	<field name="listed_in">Children & Family Movies, Comedies</field>
	<field name="description">When a young wizard leaves Tom to guard his priceless magic ring, Jerry gets the ring stuck on his head, igniting a series of slapstick antics.</field>
</item><item>
	<field name="show_id">70012316</field>
	<field name="title">InuYasha the Movie: Affections Touching Across Time</field>
	<field name="director">Toshiya Shinohara</field>
	<field name="cast">Kappei Yamaguchi, Satsuki Yukino, Koji Tsujitani, Houko Kuwashima, Kumiko Watanabe, Kenichi Ogata, Noriko Hidaka, Hisako Kyoda, Ken Narita</field>
	<field name="country">Japan</field>
	<field name="date_added">August 25, 2018</field>
	<field name="rating">TV-MA</field>
	<field name="duration">100 min</field>
	<field name="listed_in">Action & Adventure, Anime Features, International Movies</field>
	<field name="description">A powerful demon has been sealed away for 200 years. But when the demon's son is awakened, the fate of the world is in jeopardy.</field>
</item><item>
	<field name="show_id">60027334</field>
	<field name="title">My Schoolmate, the Barbarian</field>
	<field name="director">Siu-hung Chung, Wong Jing</field>
	<field name="cast">Nicholas Tse, Stephen Fung, Joey Yung, Samuel Pang, Serena Po, Ken Chung, Hyper BB, Ka Ho Yu, Frankie Chi-Hung Ng, Lai Hing Chan</field>
	<field name="country">Hong Kong</field>
	<field name="date_added">August 16, 2018</field>
	<field name="rating">TV-MA</field>
	<field name="duration">90 min</field>
	<field name="listed_in">Action & Adventure, Comedies, International Movies</field>
	<field name="description">A brainy private school student is transferred to a far less elite institution, where he must fend off classmates who settle scores with fistfights.</field>
</item><item>
	<field name="show_id">60022962</field>
	<field name="title">The Parole Officer</field>
	<field name="director">John Duigan</field>
	<field name="cast">Steve Coogan, Emma Gilmour, Susan Jane Tanner, Iain Mitchell, James Smith, Om Puri, Steven Waddington, Ben Miller, Lena Headey, Jenny Agutter</field>
	<field name="country">United Kingdom</field>
	<field name="date_added">August 1, 2018</field>
	<field name="rating">R</field>
	<field name="duration">94 min</field>
	<field name="listed_in">Action & Adventure, Comedies</field>
	<field name="description">After witnessing a murder, Simon Garden is framed – and the only evidence that proves his innocence is a videotape locked inside a bank vault.</field>
</item><item>
	<field name="show_id">81088700</field>
	<field name="title">Bollywood Calling</field>
	<field name="director">Nagesh Kukunoor</field>
	<field name="cast">Om Puri, Pat Cusick, Navin Nischol, Perizaad Zorabian</field>
	<field name="country">India</field>
	<field name="date_added">April 15, 2019</field>
	<field name="rating">TV-MA</field>
	<field name="duration">102 min</field>
	<field name="listed_in">Comedies, Dramas, International Movies</field>
	<field name="description">A down-and-out Hollywood actor is utterly unprepared for the eccentricities that await when an Indian producer offers him a role in a Bollywood film.</field>
</item><item>
	<field name="show_id">60020916</field>
	<field name="title">Spy Kids</field>
	<field name="director">Robert Rodriguez</field>
	<field name="cast">Antonio Banderas, Carla Gugino, Alan Cumming, Teri Hatcher, Cheech Marin, Danny Trejo, Robert Patrick, Tony Shalhoub, Alexa PenaVega, Daryl Sabara</field>
	<field name="country">United States</field>
	<field name="date_added">April 1, 2019</field>
	<field name="rating">PG</field>
	<field name="duration">88 min</field>
	<field name="listed_in">Children & Family Movies, Comedies</field>
	<field name="description">The tables are turned when pint-sized kids Carmen and Juni must rescue their secret-agent parents from the diabolical clutches of Alexander Minion.</field>
</item><item>
	<field name="show_id">60022254</field>
	<field name="title">Balto 2: Wolf Quest</field>
	<field name="director">Phil Weinstein</field>
	<field name="cast">Maurice LaMarche, Jodi Benson, Lacey Chabert, David Carradine, Mark Hamill, Charles Fleischer, Peter MacNicol, Rob Paulsen, Nicolette Little, Melanie Stone</field>
	<field name="country">United States</field>
	<field name="date_added">April 1, 2018</field>
	<field name="rating">G</field>
	<field name="duration">75 min</field>
	<field name="listed_in">Children & Family Movies</field>
	<field name="description">Half-dog, half-wolf Balto (voiced by Maurice LaMarche) and his wife proudly put their pups up for adoption to humans, but when nobody takes daughter Aleu because she looks too much like a wolf, she runs away to search for her place in the world.</field>
</item>