<item>
	<field name="show_id">70235731</field>
	<field name="title">The Blue Planet: A Natural History of the Oceans</field>
	<field name="director">Alastair Fothergill</field>
	<field name="cast">David Attenborough</field>
	<field name="country">United Kingdom</field>
	<field name="date_added">October 10, 2015</field>
	<field name="rating">TV-G</field>
	<field name="duration">1 Season</field>
	<field name="listed_in">British TV Shows, Docuseries, International TV Shows</field>
	<field name="description">David Attenborough narrates this definitive exploration of the marine world, from the familiar to the unknown, revealing the sea and its communities.</field>
</item><item>
	<field name="show_id">70213075</field>
	<field name="title">Power Rangers Time Force</field>
	<field name="director">nan</field>
	<field name="cast">Jason Faunt, Erin Cahill, Kevin Kleinberg, Deborah Estelle Phillips, Michael Copon, Daniel Southworth, Vernon Wells, Kate Sheldon, Edward Lawrence Albert, Brianne Siddall, Terence J. Rotolo, Eddie Frierson</field>
	<field name="country">United States</field>
	<field name="date_added">January 1, 2016</field>
	<field name="rating">TV-Y7-FV</field>
	<field name="duration">1 Season</field>
	<field name="listed_in">Kids' TV</field>
	<field name="description">The team launches a new campaign against evil in the year 3000, when the imprisoned criminal mastermind Ransik is freed by his daughter.</field>
</item><item>
	<field name="show_id">80114588</field>
	<field name="title">Behind Enemy Lines</field>
	<field name="director">nan</field>
	<field name="cast">nan</field>
	<field name="country">United States</field>
	<field name="date_added">August 15, 2016</field>
	<field name="rating">TV-14</field>
	<field name="duration">1 Season</field>
	<field name="listed_in">British TV Shows, Docuseries</field>
	<field name="description">After dire setbacks in 1940, Winston Churchill commissions a new kind of fighting force: commandos trained to use stealth and audacious tactics.</field>
</item><item>
	<field name="show_id">70204995</field>
	<field name="title">InuYasha</field>
	<field name="director">nan</field>
	<field name="cast">Kappei Yamaguchi, Satsuki Yukino, Kumiko Watanabe, Noriko Hidaka, Koji Tsujitani, Houko Kuwashima, Toshiyuki Morikawa, Richard Ian Cox, Moneca Stori, Paul Dobson, Kirby Morrow, Kelly Sheridan, Jillian Michaels</field>
	<field name="country">Japan</field>
	<field name="date_added"> December 15, 2016</field>
	<field name="rating">TV-14</field>
	<field name="duration">2 Seasons</field>
	<field name="listed_in">Anime Series, International TV Shows</field>
	<field name="description">Yanked down a well, schoolgirl Kagome Higurashi emerges in feudal Japan, where she must reassemble a sacred jewel while eluding half-demon Inuyasha.</field>
</item>