<item>
	<field name="show_id">70124316</field>
	<field name="title">Five Elements Ninjas</field>
	<field name="director">Cheh Chang</field>
	<field name="cast">Tien-chi Cheng, Tien Hsiang Lung, Meng Lo, Michael Chan Wai-Man, Pei Hsi Chen, Li Wang, Ke Chu</field>
	<field name="country">Hong Kong</field>
	<field name="date_added">September 17, 2019</field>
	<field name="rating">R</field>
	<field name="duration">104 min</field>
	<field name="listed_in">Action & Adventure, International Movies</field>
	<field name="description">When five ninjas whose fighting styles are based on natural elements unleash their fury on a rival school, a lone survivor vows deadly revenge.</field>
</item><item>
	<field name="show_id">80236778</field>
	<field name="title">Monty Python: Live at The Hollywood Bowl</field>
	<field name="director">Terry Hughes, Ian MacNaughton</field>
	<field name="cast">Graham Chapman, John Cleese, Terry Gilliam, Eric Idle, Terry Jones, Michael Palin, Neil Innes, Carol Cleveland</field>
	<field name="country">United Kingdom, United States</field>
	<field name="date_added">October 2, 2018</field>
	<field name="rating">R</field>
	<field name="duration">80 min</field>
	<field name="listed_in">Comedies</field>
	<field name="description">Film clips and Terry Gilliam animations feature in this live-to-tape performance of greatest hits, including "Travel Agent" and "Solo Wrestling."</field>
</item><item>
	<field name="show_id">81168343</field>
	<field name="title">The lynx</field>
	<field name="director">Stanisław Różewicz</field>
	<field name="cast">Jerzy Radziwiłowicz, Franciszek Pieczka, Piotr Bajor, Ryszarda Hanin, Janusz Paluszkiewicz, Henryk Machalica, Hanna Mikuć, Maria Klejdysz</field>
	<field name="country">Poland</field>
	<field name="date_added">October 1, 2019</field>
	<field name="rating">TV-14</field>
	<field name="duration">82 min</field>
	<field name="listed_in">Dramas, International Movies</field>
	<field name="description">A priest's duties are tested when a young guerrilla asks for absolution while confessing his plans to murder a local man he believes is a traitor.</field>
</item><item>
	<field name="show_id">419733</field>
	<field name="title">The Dark Crystal</field>
	<field name="director">Frank Oz, Jim Henson</field>
	<field name="cast">Jim Henson, Kathryn Mullen, Frank Oz, Dave Goelz, Stephen Garlick, Lisa Maxwell, Billie Whitelaw, Percy Edwards, Joseph O'Conor</field>
	<field name="country">United States, United Kingdom</field>
	<field name="date_added">May 1, 2019</field>
	<field name="rating">PG</field>
	<field name="duration">93 min</field>
	<field name="listed_in">Children & Family Movies</field>
	<field name="description">In this mythical tale, Jen, the last of the Gelfling race, is charged with healing the Crystal of Truth after its mutilation sets off an era of terror.</field>
</item><item>
	<field name="show_id">70053010</field>
	<field name="title">Bazaar</field>
	<field name="director">Sagar Sarhadi</field>
	<field name="cast">Farooq Shaikh, Smita Patil, Naseeruddin Shah, Bharat Kapoor, Supriya Pathak, Rita Rani Kaul, Malika</field>
	<field name="country">India</field>
	<field name="date_added">December 31, 2019</field>
	<field name="rating">TV-14</field>
	<field name="duration">121 min</field>
	<field name="listed_in">Dramas, Independent Movies, International Movies</field>
	<field name="description">A young man challenges traditional customs by standing up to the father of the woman he loves, who has promised her to a wealthy expatriate.</field>
</item><item>
	<field name="show_id">70051840</field>
	<field name="title">Katha</field>
	<field name="director">Sai Paranjape</field>
	<field name="cast">Farooq Shaikh, Naseeruddin Shah, Deepti Naval, Veeni Paranjape Joglekar, Mallika Sarabhai, Arun Joglekar</field>
	<field name="country">India</field>
	<field name="date_added">December 31, 2019</field>
	<field name="rating">TV-PG</field>
	<field name="duration">140 min</field>
	<field name="listed_in">Comedies, Dramas, Independent Movies</field>
	<field name="description">Secretly in love with his neighbor, a mild-mannered clerk is heartbroken when his much bolder, more charming friend wins her heart instead.</field>
</item><item>
	<field name="show_id">81213897</field>
	<field name="title">Namak Halaal</field>
	<field name="director">Prakash Mehra</field>
	<field name="cast">Amitabh Bachchan, Shashi Kapoor, Parveen Babi, Smita Patil, Waheeda Rehman, Om Prakash, Ranjeet, Satyendra Kapoor</field>
	<field name="country">India</field>
	<field name="date_added">December 31, 2019</field>
	<field name="rating">TV-14</field>
	<field name="duration">171 min</field>
	<field name="listed_in">Action & Adventure, Comedies, International Movies</field>
	<field name="description">While loyally defending his boss from mobsters trying to kill him, a naive, hotel bellboy discovers the family he never knew he had.</field>
</item><item>
	<field name="show_id">81221914</field>
	<field name="title">Saath Saath</field>
	<field name="director">Raman Kumar</field>
	<field name="cast">Deepti Naval, Farooq Shaikh, Satish Shah, Iftekhar, A.K. Hangal, Neena Gupta, Avtar Gill, Javed Khan</field>
	<field name="country">India</field>
	<field name="date_added">December 31, 2019</field>
	<field name="rating">TV-14</field>
	<field name="duration">118 min</field>
	<field name="listed_in">Dramas, Independent Movies, International Movies</field>
	<field name="description">A young woman falls for her classmate’s idealistic, non-materialistic ways, but is troubled upon seeing his principles change after they marry.</field>
</item><item>
	<field name="show_id">20257617</field>
	<field name="title">Satte Pe Satta</field>
	<field name="director">Raj N. Sippy</field>
	<field name="cast">Amitabh Bachchan, Hema Malini, Amjad Khan, Sachin, Shakti Kapoor, Ranjeeta Kaur, Paintal, Ranjeet</field>
	<field name="country">India</field>
	<field name="date_added">December 31, 2019</field>
	<field name="rating">TV-14</field>
	<field name="duration">153 min</field>
	<field name="listed_in">Comedies, Cult Movies, Dramas</field>
	<field name="description">The eldest of seven brothers who run a family farm together marries a pretty nurse, inspiring his country-bumpkin siblings to follow his example.</field>
</item><item>
	<field name="show_id">70059191</field>
	<field name="title">Legendary Weapons of China</field>
	<field name="director">Chia-Liang Liu</field>
	<field name="cast">Gordon Liu, Chia Yung Liu, Hou Hsiao, Chia-Liang Liu, Tiet Wo Chu, Sheng Fu, Kara Hui</field>
	<field name="country">Hong Kong</field>
	<field name="date_added">August 16, 2018</field>
	<field name="rating">TV-14</field>
	<field name="duration">101 min</field>
	<field name="listed_in">Action & Adventure, Cult Movies, International Movies</field>
	<field name="description">Three assassins – magician Lei Ying, hit man Tieh Hon and kung fu master Ti Tan – are sent to Yunnan by their clan leader to bring to justice another clan member who betrayed the tribe.</field>
</item><item>
	<field name="show_id">60010836</field>
	<field name="title">Rocky III</field>
	<field name="director">Sylvester Stallone</field>
	<field name="cast">Sylvester Stallone, Talia Shire, Burt Young, Carl Weathers, Burgess Meredith, Tony Burton, Mr. T, Hulk Hogan, Ian Fried</field>
	<field name="country">United States</field>
	<field name="date_added">August 1, 2019</field>
	<field name="rating">PG</field>
	<field name="duration">100 min</field>
	<field name="listed_in">Dramas, Sports Movies</field>
	<field name="description">After taking a pounding from a powerful young fighter, humbled world champ Rocky Balboa turns to ex-rival Apollo Creed for help in regaining his form.</field>
</item>