<item>
	<field name="show_id">70213238</field>
	<field name="title">Monty Python's Flying Circus</field>
	<field name="director">nan</field>
	<field name="cast">John Cleese, Graham Chapman, Terry Jones, Eric Idle, Michael Palin, Terry Gilliam</field>
	<field name="country">United Kingdom</field>
	<field name="date_added"> October 2, 2018</field>
	<field name="rating">NR</field>
	<field name="duration">4 Seasons</field>
	<field name="listed_in">British TV Shows, Classic & Cult TV, International TV Shows</field>
	<field name="description">The Monty Python players make their mark with a winning mix of wit, ingenuity and brilliant timing – and a penchant for mockery and cross-dressing.</field>
</item>