<item>
	<field name="show_id">70136140</field>
	<field name="title">Star Trek</field>
	<field name="director">nan</field>
	<field name="cast">William Shatner, Leonard Nimoy, DeForest Kelley, Nichelle Nichols, James Doohan, George Takei, Walter Koenig, Grace Lee Whitney, Majel Barrett</field>
	<field name="country">United States</field>
	<field name="date_added"> October 1, 2017</field>
	<field name="rating">TV-PG</field>
	<field name="duration">3 Seasons</field>
	<field name="listed_in">Classic & Cult TV, TV Action & Adventure, TV Sci-Fi & Fantasy</field>
	<field name="description">Led by unflappable Capt. Kirk, the crew of the starship Enterprise delves deep into the far reaches of space to explore new worlds and civilizations.</field>
</item>