<item>
	<field name="show_id">80119194</field>
	<field name="title">The Memphis Belle: A Story of a
Flying Fortress</field>
	<field name="director">William Wyler</field>
	<field name="cast">nan</field>
	<field name="country">United States</field>
	<field name="date_added">March 31, 2017</field>
	<field name="rating">TV-PG</field>
	<field name="duration">40 min</field>
	<field name="listed_in">Classic Movies, Documentaries</field>
	<field name="description">This documentary centers on the crew of the B-17 Flying Fortress Memphis Belle as it prepares to execute a strategic bombing mission over Germany.</field>
</item><item>
	<field name="show_id">80119191</field>
	<field name="title">The Negro Soldier</field>
	<field name="director">Stuart Heisler</field>
	<field name="cast">nan</field>
	<field name="country">United States</field>
	<field name="date_added">March 31, 2017</field>
	<field name="rating">TV-14</field>
	<field name="duration">40 min</field>
	<field name="listed_in">Classic Movies, Documentaries</field>
	<field name="description">This documentary urged African Americans to enlist and join in the effort to be part of America's continuing fight in World War II.</field>
</item><item>
	<field name="show_id">80119189</field>
	<field name="title">Tunisian Victory</field>
	<field name="director">Frank Capra, John Huston, Hugh Stewart, Roy Boulting, Anthony Veiller</field>
	<field name="cast">Burgess Meredith</field>
	<field name="country">United States, United Kingdom</field>
	<field name="date_added">March 31, 2017</field>
	<field name="rating">TV-PG</field>
	<field name="duration">76 min</field>
	<field name="listed_in">Classic Movies, Documentaries</field>
	<field name="description">British and American troops join forces to liberate a Nazi stranglehold in North Africa, sharing battles, hard work and a peaceful Christmas dinner.</field>
</item>